Sl_no,image_path,thisN,thisTrialN,thisRepN,key_resp_5.keys,key_resp_7.keys,key_resp_7.rt,key_resp_7.duration,key_resp_5.rt,key_resp_5.duration,key_resp_9.keys,key_resp_8.keys,key_resp_8.rt,key_resp_8.duration,key_resp_9.rt,key_resp_9.duration,practice.thisRepN,practice.thisTrialN,practice.thisN,practice.thisIndex,trials.thisRepN,trials.thisTrialN,trials.thisN,trials.thisIndex,thisRow.t,notes,welcome_page.started,text.started,key_resp.started,welcome_page.stopped,key_resp.keys,key_resp.rt,key_resp.duration,instructions.started,ins.started,key_resp_2.started,instructions.stopped,key_resp_2.keys,key_resp_2.rt,key_resp_2.duration,instructions_2.started,text_10.started,key_resp_10.started,instructions_2.stopped,key_resp_10.keys,key_resp_10.rt,key_resp_10.duration,objects_only_instruction.started,text_3.started,key_resp_3.started,objects_only_instruction.stopped,key_resp_3.keys,key_resp_3.rt,key_resp_3.duration,ISI.started,text_4.started,text_4.stopped,ISI.stopped,practice_block.started,image.started,text_5.started,key_resp_5.started,practice_block.stopped,practice.key_resp_5.keys,indoor_outdoor.started,text_7.started,key_resp_7.started,indoor_outdoor.stopped,practice.key_resp_7.keys,practice.key_resp_7.rt,practice.key_resp_7.duration,practice.key_resp_5.rt,practice.key_resp_5.duration,practice_to_main.started,text_2.started,key_resp_4.started,practice_to_main.stopped,key_resp_4.keys,key_resp_4.rt,key_resp_4.duration,objects.started,image_2.started,text_9.started,key_resp_9.started,objects.stopped,trials.key_resp_9.keys,encoding_task.started,text_8.started,key_resp_8.started,encoding_task.stopped,trials.key_resp_8.keys,trials.key_resp_8.rt,trials.key_resp_8.duration,trials.key_resp_9.rt,trials.key_resp_9.duration,end_experiment.started,text_6.started,key_resp_6.started,end_experiment.stopped,key_resp_6.keys,key_resp_6.rt,key_resp_6.duration,list_of_stimuli,encoding_task_accuracy,participant,session,date,expName,psychopyVersion,frameRate,expStart,
,,,,,,,,,,,,,,,,,,,,,,,,,,,0.018739799999991646,0.06863549999999918,0.06863549999999918,14.420002699999998,space,14.285760900000014,None,,,,,,,,,,,,,,,,,,,,,,,,,,,,,,,,,,,,,,,,,,,,,,,,,,,,,,,,,,,,,,,,,,,,,,,,00021,001,2025-11-10_14h42.14.279,MST_task,2024.2.2,61.04044662074591,2025-11-10 14h42.23.266625 +0530,
,,,,,,,,,,,,,,,,,,,,,,,,,,,,,,,,,,14.420039400000007,14.434953000000007,14.434953000000007,45.03462069999998,space,30.596940200000006,None,,,,,,,,,,,,,,,,,,,,,,,,,,,,,,,,,,,,,,,,,,,,,,,,,,,,,,,,,,,,,,,,,00021,001,2025-11-10_14h42.14.279,MST_task,2024.2.2,61.04044662074591,2025-11-10 14h42.23.266625 +0530,
,,,,,,,,,,,,,,,,,,,,,,,,,,,,,,,,,,,,,,,,,45.03464740000001,45.05094399999999,45.05094399999999,65.95076550000002,space,20.88398890000002,None,,,,,,,,,,,,,,,,,,,,,,,,,,,,,,,,,,,,,,,,,,,,,,,,,,,,,,,,,,00021,001,2025-11-10_14h42.14.279,MST_task,2024.2.2,61.04044662074591,2025-11-10 14h42.23.266625 +0530,
,,,,,,,,,,,,,,,,,,,,,,,,,,,,,,,,,,,,,,,,,,,,,,,,65.95079460000002,65.96715270000001,65.96715270000001,88.13369000000003,space,22.166066600000022,None,,,,,,,,,,,,,,,,,,,,,,,,,,,,,,,,,,,,,,,,,,,,,,,,,,,00021,001,2025-11-10_14h42.14.279,MST_task,2024.2.2,61.04044662074591,2025-11-10 14h42.23.266625 +0530,
5,practice_images/139a.jpg,0,0,0,None,f,5.51711929999999,None,,,,,,,,,0,0,0,4,,,,,88.15000030000002,,,,,,,,,,,,,,,,,,,,,,,,,,,,,,88.14667610000001,88.15000030000002,88.71660990000001,88.63357529999999,88.6950325,88.71660990000001,88.71660990000001,88.71660990000001,91.65007560000001,None,91.65124990000001,91.66657269999999,91.66657269999999,97.2001865,f,5.51711929999999,None,,,,,,,,,,,,,,,,,,,,,,,,,,,,,,,,,,00021,001,2025-11-10_14h42.14.279,MST_task,2024.2.2,61.04044662074591,2025-11-10 14h42.23.266625 +0530,
2,practice_images/031a.jpg,1,1,0,None,f,0.3323695000000271,None,,,,,,,,,0,1,1,1,,,,,97.216462,,,,,,,,,,,,,,,,,,,,,,,,,,,,,,97.2002722,97.216462,97.7330919,97.69989849999999,97.72106490000002,97.7330919,97.7330919,97.7330919,100.7165254,None,100.71655139999999,100.73309270000001,100.73309270000001,101.0666775,f,0.3323695000000271,None,,,,,,,,,,,,,,,,,,,,,,,,,,,,,,,,,,00021,001,2025-11-10_14h42.14.279,MST_task,2024.2.2,61.04044662074591,2025-11-10 14h42.23.266625 +0530,
8,practice_images/178a.jpg,2,2,0,None,j,0.9358695000000239,None,,,,,,,,,0,2,2,7,,,,,101.0831226,,,,,,,,,,,,,,,,,,,,,,,,,,,,,,101.06674010000003,101.0831226,101.61643330000001,101.56656910000001,101.59946270000003,101.61643330000001,101.61643330000001,101.61643330000001,104.5830872,None,104.58312429999998,104.59963810000002,104.59963810000002,105.5500332,j,0.9358695000000239,None,,,,,,,,,,,,,,,,,,,,,,,,,,,,,,,,,,00021,001,2025-11-10_14h42.14.279,MST_task,2024.2.2,61.04044662074591,2025-11-10 14h42.23.266625 +0530,
10,practice_images/182a.jpg,3,3,0,None,f,0.7942460000000438,None,,,,,,,,,0,3,3,9,,,,,105.56640030000003,,,,,,,,,,,,,,,,,,,,,,,,,,,,,,105.55011270000003,105.56640030000003,106.09963630000001,106.04986970000002,106.08607420000001,106.09963630000001,106.09963630000001,106.09963630000001,109.06631059999998,None,109.06634040000003,109.08291829999999,109.08291829999999,109.8831448,f,0.7942460000000438,None,,,,,,,,,,,,,,,,,,,,,,,,,,,,,,,,,,00021,001,2025-11-10_14h42.14.279,MST_task,2024.2.2,61.04044662074591,2025-11-10 14h42.23.266625 +0530,
7,practice_images/166a.jpg,4,4,0,None,f,0.21378329999998869,None,,,,,,,,,0,4,4,6,,,,,109.89969160000001,,,,,,,,,,,,,,,,,,,,,,,,,,,,,,109.88322560000003,109.89969160000001,110.43294649999999,110.38322630000002,110.41846530000001,110.43294649999999,110.43294649999999,110.43294649999999,113.3995826,None,113.3996129,113.41622079999999,113.41622079999999,113.63314929999999,f,0.21378329999998869,None,,,,,,,,,,,,,,,,,,,,,,,,,,,,,,,,,,00021,001,2025-11-10_14h42.14.279,MST_task,2024.2.2,61.04044662074591,2025-11-10 14h42.23.266625 +0530,
9,practice_images/180a.jpg,5,5,0,f,None,,,0.8788896000000364,0.20296129999996992,,,,,,,0,5,5,8,,,,,113.64949870000001,,,,,,,,,,,,,,,,,,,,,,,,,,,,,,113.63321110000001,113.64949870000001,114.16625810000002,114.13307269999999,114.15494909999998,114.16625810000002,114.16625810000002,114.16625810000002,117.14948189999998,f,117.1510739,,,117.15108619999998,None,,,0.8788896000000364,0.20296129999996992,,,,,,,,,,,,,,,,,,,,,,,,,,,,,,,,00021,001,2025-11-10_14h42.14.279,MST_task,2024.2.2,61.04044662074591,2025-11-10 14h42.23.266625 +0530,
4,practice_images/002b.jpg,6,6,0,None,j,0.1989042000000154,None,,,,,,,,,0,6,6,3,,,,,117.16609530000002,,,,,,,,,,,,,,,,,,,,,,,,,,,,,,117.15114730000002,117.16609530000002,117.68265470000003,117.64957790000003,117.67196529999998,117.68265470000003,117.68265470000003,117.68265470000003,120.6660694,None,120.66609810000003,120.68271150000001,120.68271150000001,120.88299559999999,j,0.1989042000000154,None,,,,,,,,,,,,,,,,,,,,,,,,,,,,,,,,,,00021,001,2025-11-10_14h42.14.279,MST_task,2024.2.2,61.04044662074591,2025-11-10 14h42.23.266625 +0530,
1,practice_images/013a.jpg,7,7,0,j,None,,,2.0499964999999634,0.17337980000002062,,,,,,,0,7,7,0,,,,,120.89933670000002,,,,,,,,,,,,,,,,,,,,,,,,,,,,,,120.88305779999999,120.89933670000002,121.41599829999998,121.3827995,121.4010405,121.41599829999998,121.41599829999998,121.41599829999998,124.39932189999999,j,124.3993563,,,124.39936600000001,None,,,2.0499964999999634,0.17337980000002062,,,,,,,,,,,,,,,,,,,,,,,,,,,,,,,,00021,001,2025-11-10_14h42.14.279,MST_task,2024.2.2,61.04044662074591,2025-11-10 14h42.23.266625 +0530,
6,practice_images/158a.jpg,8,8,0,f,None,,,1.7166533999999842,0.34403659999998126,,,,,,,0,8,8,5,,,,,124.4159359,,,,,,,,,,,,,,,,,,,,,,,,,,,,,,124.39942640000001,124.4159359,124.93264460000003,124.8994084,124.91940480000002,124.93264460000003,124.93264460000003,124.93264460000003,127.9158277,f,127.91586099999998,,,127.91587050000001,None,,,1.7166533999999842,0.34403659999998126,,,,,,,,,,,,,,,,,,,,,,,,,,,,,,,,00021,001,2025-11-10_14h42.14.279,MST_task,2024.2.2,61.04044662074591,2025-11-10 14h42.23.266625 +0530,
3,practice_images/037a.jpg,9,9,0,f,None,,,1.8712128000000234,0.32807739999998375,,,,,,,0,9,9,2,,,,,127.93243479999998,,,,,,,,,,,,,,,,,,,,,,,,,,,,,,127.91593359999999,127.93243479999998,128.4819836,128.4154644,128.4715874,128.4819836,128.4819836,128.4819836,131.43236879999998,f,131.43241709999998,,,131.4324275,None,,,1.8712128000000234,0.32807739999998375,,,,,,,,,,,,,,,,,,,,,,,,,,,,,,,,00021,001,2025-11-10_14h42.14.279,MST_task,2024.2.2,61.04044662074591,2025-11-10 14h42.23.266625 +0530,
,,,,,,,,,,,,,,,,,,,,,,,,,,,,,,,,,,,,,,,,,,,,,,,,,,,,,,,,,,,,,,,,,,,,,,,,,,131.4324794,131.448952,131.448952,152.2656249,space,20.808795900000007,None,,,,,,,,,,,,,,,,,,,,,,,,,00021,001,2025-11-10_14h42.14.279,MST_task,2024.2.2,61.04044662074591,2025-11-10 14h42.23.266625 +0530,
,Objects\034a.jpg,0,0,0,,,,,,,None,f,0.30308829999995623,None,,,,,,,0,0,0,0,152.281913,,,,,,,,,,,,,,,,,,,,,,,,,,,,,,152.26621079999998,152.281913,152.83222759999998,152.76534410000002,,,,,,,,,,,,,,,,,,,,,,,152.81903400000002,152.83222759999998,152.83222759999998,152.83222759999998,155.78191540000003,None,155.7841025,155.7984405,155.7984405,156.1155418,f,0.30308829999995623,None,,,,,,,,,,,,00021,001,2025-11-10_14h42.14.279,MST_task,2024.2.2,61.04044662074591,2025-11-10 14h42.23.266625 +0530,
,Objects\040a.jpg,1,0,1,,,,,,,None,f,0.11125240000001213,None,,,,,,,1,0,1,0,156.1318055,,,,,,,,,,,,,,,,,,,,,,,,,,,,,,156.11564690000003,156.1318055,156.64850070000003,156.61529270000003,,,,,,,,,,,,,,,,,,,,,,,156.629802,156.64850070000003,156.64850070000003,156.64850070000003,159.6317875,None,159.6318269,159.6483942,159.6483942,159.7653589,f,0.11125240000001213,None,,,,,,,,,,,,00021,001,2025-11-10_14h42.14.279,MST_task,2024.2.2,61.04044662074591,2025-11-10 14h42.23.266625 +0530,
,Objects\020a.jpg,2,0,2,,,,,,,None,f,1.8586674000000016,None,,,,,,,2,0,2,0,159.7817209,,,,,,,,,,,,,,,,,,,,,,,,,,,,,,159.7654398,159.7817209,160.2983935,160.26521219999998,,,,,,,,,,,,,,,,,,,,,,,160.27854119999998,160.2983935,160.2983935,160.2983935,163.2817843,None,163.28182080000002,163.29838200000003,163.29838200000003,165.16532800000002,f,1.8586674000000016,None,,,,,,,,,,,,00021,001,2025-11-10_14h42.14.279,MST_task,2024.2.2,61.04044662074591,2025-11-10 14h42.23.266625 +0530,
,Objects\037a.jpg,3,0,3,,,,,,,None,f,1.326792800000021,None,,,,,,,3,0,3,0,165.181614,,,,,,,,,,,,,,,,,,,,,,,,,,,,,,165.1654409,165.181614,165.6982879,165.6650759,,,,,,,,,,,,,,,,,,,,,,,165.67849049999998,165.6982879,165.6982879,165.6982879,168.6816927,None,168.68172769999998,168.698231,168.698231,170.0318344,f,1.326792800000021,None,,,,,,,,,,,,00021,001,2025-11-10_14h42.14.279,MST_task,2024.2.2,61.04044662074591,2025-11-10 14h42.23.266625 +0530,
,Objects\066a.jpg,4,0,4,,,,,,,None,f,2.5589495000000397,None,,,,,,,4,0,4,0,170.0481579,,,,,,,,,,,,,,,,,,,,,,,,,,,,,,170.0319544,170.0481579,170.56478669999998,170.5318053,,,,,,,,,,,,,,,,,,,,,,,170.556631,170.56478669999998,170.56478669999998,170.56478669999998,173.54811759999998,None,173.5481472,173.5647658,173.5647658,176.13163440000002,f,2.5589495000000397,None,,,,,,,,,,,,00021,001,2025-11-10_14h42.14.279,MST_task,2024.2.2,61.04044662074591,2025-11-10 14h42.23.266625 +0530,
,Objects\013a.jpg,5,0,5,,,,,,,None,j,0.7789232000000084,None,,,,,,,5,0,5,0,176.14800749999998,,,,,,,,,,,,,,,,,,,,,,,,,,,,,,176.13170879999998,176.14800749999998,176.6813657,176.6316037,,,,,,,,,,,,,,,,,,,,,,,176.6601163,176.6813657,176.6813657,176.6813657,179.6480235,None,179.64805529999998,179.66461740000003,179.66461740000003,180.4483355,j,0.7789232000000084,None,,,,,,,,,,,,00021,001,2025-11-10_14h42.14.279,MST_task,2024.2.2,61.04044662074591,2025-11-10 14h42.23.266625 +0530,
,Objects\077a.jpg,6,0,6,,,,,,,None,j,0.6503758000000062,None,,,,,,,6,0,6,0,180.46460570000002,,,,,,,,,,,,,,,,,,,,,,,,,,,,,,180.4484126,180.46460570000002,180.98125259999998,180.9481577,,,,,,,,,,,,,,,,,,,,,,,180.97236360000002,180.98125259999998,180.98125259999998,180.98125259999998,183.96455640000002,None,183.96458629999998,183.98119420000003,183.98119420000003,184.6481077,j,0.6503758000000062,None,,,,,,,,,,,,00021,001,2025-11-10_14h42.14.279,MST_task,2024.2.2,61.04044662074591,2025-11-10 14h42.23.266625 +0530,
,Scenes\093a.jpg,7,0,7,,,,,,,f,None,,,2.1737578999999982,0.2502448000000186,,,,,7,0,7,0,184.664476,,,,,,,,,,,,,,,,,,,,,,,,,,,,,,184.64822239999998,184.664476,185.1980751,185.1479719,,,,,,,,,,,,,,,,,,,,,,,185.1864977,185.1980751,185.1980751,185.1980751,188.16459720000003,f,188.16583950000003,,,188.16585690000002,None,,,2.1737578999999982,0.2502448000000186,,,,,,,,,,00021,001,2025-11-10_14h42.14.279,MST_task,2024.2.2,61.04044662074591,2025-11-10 14h42.23.266625 +0530,
,Scenes\144a.jpg,8,0,8,,,,,,,j,None,,,1.5990108999999961,0.18966790000001765,,,,,8,0,8,0,188.18109990000002,,,,,,,,,,,,,,,,,,,,,,,,,,,,,,188.16595279999999,188.18109990000002,188.71456379999998,188.6647174,,,,,,,,,,,,,,,,,,,,,,,188.6927439,188.71456379999998,188.71456379999998,188.71456379999998,191.6810606,j,191.6810935,,,191.6811034,None,,,1.5990108999999961,0.18966790000001765,,,,,,,,,,00021,001,2025-11-10_14h42.14.279,MST_task,2024.2.2,61.04044662074591,2025-11-10 14h42.23.266625 +0530,
,Scenes\074a.jpg,9,0,9,,,,,,,j,None,,,2.678162499999985,0.1857283999999595,,,,,9,0,9,0,191.69768639999998,,,,,,,,,,,,,,,,,,,,,,,,,,,,,,191.6811898,191.69768639999998,192.2310095,192.1811676,,,,,,,,,,,,,,,,,,,,,,,192.21399470000003,192.2310095,192.2310095,192.2310095,195.19768359999998,j,195.19771670000003,,,195.1977269,None,,,2.678162499999985,0.1857283999999595,,,,,,,,,,00021,001,2025-11-10_14h42.14.279,MST_task,2024.2.2,61.04044662074591,2025-11-10 14h42.23.266625 +0530,
,Scenes\187a.jpg,10,0,10,,,,,,,j,None,,,1.793790099999967,0.15941330000003973,,,,,10,0,10,0,195.2142729,,,,,,,,,,,,,,,,,,,,,,,,,,,,,,195.19782469999998,195.2142729,195.7475934,195.69782089999998,,,,,,,,,,,,,,,,,,,,,,,195.7323501,195.7475934,195.7475934,195.7475934,198.7142466,j,198.7142798,,,198.7142896,None,,,1.793790099999967,0.15941330000003973,,,,,,,,,,00021,001,2025-11-10_14h42.14.279,MST_task,2024.2.2,61.04044662074591,2025-11-10 14h42.23.266625 +0530,
,Scenes\049a.jpg,11,0,11,,,,,,,j,None,,,1.6457439000000136,0.15775089999999636,,,,,11,0,11,0,198.73086100000003,,,,,,,,,,,,,,,,,,,,,,,,,,,,,,198.7143492,198.73086100000003,199.26418830000003,199.21450539999998,,,,,,,,,,,,,,,,,,,,,,,199.24563100000003,199.26418830000003,199.26418830000003,199.26418830000003,202.23084000000003,j,202.2308743,,,202.23088420000002,None,,,1.6457439000000136,0.15775089999999636,,,,,,,,,,00021,001,2025-11-10_14h42.14.279,MST_task,2024.2.2,61.04044662074591,2025-11-10 14h42.23.266625 +0530,
,Scenes\053a.jpg,12,0,12,,,,,,,j,None,,,1.689267099999995,0.19795780000004015,,,,,12,0,12,0,202.24745099999998,,,,,,,,,,,,,,,,,,,,,,,,,,,,,,202.2309678,202.24745099999998,202.76435410000002,202.73100810000003,,,,,,,,,,,,,,,,,,,,,,,202.74909269999998,202.76435410000002,202.76435410000002,202.76435410000002,205.747442,j,205.7474763,,,205.7474865,None,,,1.689267099999995,0.19795780000004015,,,,,,,,,,00021,001,2025-11-10_14h42.14.279,MST_task,2024.2.2,61.04044662074591,2025-11-10 14h42.23.266625 +0530,
,Scenes\001a.jpg,13,0,13,,,,,,,f,None,,,1.289475399999958,0.31651990000000296,,,,,13,0,13,0,205.7640041,,,,,,,,,,,,,,,,,,,,,,,,,,,,,,205.74757250000002,205.7640041,206.2975855,206.2475067,,,,,,,,,,,,,,,,,,,,,,,206.2830451,206.2975855,206.2975855,206.2975855,209.26405459999998,f,209.26409300000003,,,209.26410280000002,None,,,1.289475399999958,0.31651990000000296,,,,,,,,,,00021,001,2025-11-10_14h42.14.279,MST_task,2024.2.2,61.04044662074591,2025-11-10 14h42.23.266625 +0530,
,Objects\146a.jpg,14,0,14,,,,,,,j,None,,,2.6716432000000054,0.18766399999998384,,,,,14,0,14,0,209.28059240000002,,,,,,,,,,,,,,,,,,,,,,,,,,,,,,209.26418479999998,209.28059240000002,209.81416190000002,209.7641917,,,,,,,,,,,,,,,,,,,,,,,209.7999382,209.81416190000002,209.81416190000002,209.81416190000002,212.7806712,j,212.78232470000003,,,212.78233730000002,None,,,2.6716432000000054,0.18766399999998384,,,,,,,,,,00021,001,2025-11-10_14h42.14.279,MST_task,2024.2.2,61.04044662074591,2025-11-10 14h42.23.266625 +0530,
,Objects\102a.jpg,15,0,15,,,,,,,None,f,0.6091629999999668,None,,,,,,,15,0,15,0,212.79721909999998,,,,,,,,,,,,,,,,,,,,,,,,,,,,,,212.7824102,212.79721909999998,213.3138511,213.280655,,,,,,,,,,,,,,,,,,,,,,,213.30322149999998,213.3138511,213.3138511,213.3138511,216.29716,None,216.29719409999998,216.3138049,216.3138049,216.9307552,f,0.6091629999999668,None,,,,,,,,,,,,00021,001,2025-11-10_14h42.14.279,MST_task,2024.2.2,61.04044662074591,2025-11-10 14h42.23.266625 +0530,
,Objects\148a.jpg,16,0,16,,,,,,,f,None,,,2.456896599999993,0.23050510000001623,,,,,16,0,16,0,216.94712969999998,,,,,,,,,,,,,,,,,,,,,,,,,,,,,,216.9308381,216.94712969999998,217.48047900000003,217.43061170000001,,,,,,,,,,,,,,,,,,,,,,,217.4625523,217.48047900000003,217.48047900000003,217.48047900000003,220.44722700000003,f,220.4472714,,,220.4472828,None,,,2.456896599999993,0.23050510000001623,,,,,,,,,,00021,001,2025-11-10_14h42.14.279,MST_task,2024.2.2,61.04044662074591,2025-11-10 14h42.23.266625 +0530,
,Objects\149a.jpg,17,0,17,,,,,,,j,None,,,1.73693209999999,0.21555590000002667,,,,,17,0,17,0,220.4637109,,,,,,,,,,,,,,,,,,,,,,,,,,,,,,220.4473464,220.4637109,220.98037430000002,220.94721239999998,,,,,,,,,,,,,,,,,,,,,,,220.96311110000002,220.98037430000002,220.98037430000002,220.98037430000002,223.96369439999998,j,223.9637301,,,223.9637423,None,,,1.73693209999999,0.21555590000002667,,,,,,,,,,00021,001,2025-11-10_14h42.14.279,MST_task,2024.2.2,61.04044662074591,2025-11-10 14h42.23.266625 +0530,
,Objects\134a.jpg,18,0,18,,,,,,,None,j,1.086886600000014,None,,,,,,,18,0,18,0,223.98031820000003,,,,,,,,,,,,,,,,,,,,,,,,,,,,,,223.96382939999998,223.98031820000003,224.4969224,224.4637685,,,,,,,,,,,,,,,,,,,,,,,224.4864671,224.4969224,224.4969224,224.4969224,227.4802877,None,227.48032049999998,227.4968567,227.4968567,228.59712190000002,j,1.086886600000014,None,,,,,,,,,,,,00021,001,2025-11-10_14h42.14.279,MST_task,2024.2.2,61.04044662074591,2025-11-10 14h42.23.266625 +0530,
,Objects\017a.jpg,19,0,19,,,,,,,None,j,1.8368166000000201,None,,,,,,,19,0,19,0,228.61355340000003,,,,,,,,,,,,,,,,,,,,,,,,,,,,,,228.597225,228.61355340000003,229.130189,229.09697309999999,,,,,,,,,,,,,,,,,,,,,,,229.12070910000003,229.130189,229.130189,229.130189,232.11351140000002,None,232.1135449,232.1301443,232.1301443,233.9805067,j,1.8368166000000201,None,,,,,,,,,,,,00021,001,2025-11-10_14h42.14.279,MST_task,2024.2.2,61.04044662074591,2025-11-10 14h42.23.266625 +0530,
,Objects\113a.jpg,20,0,20,,,,,,,f,None,,,1.1197311999999897,0.23395940000000337,,,,,20,0,20,0,233.99674969999998,,,,,,,,,,,,,,,,,,,,,,,,,,,,,,233.9805861,233.99674969999998,234.5134391,234.48050200000003,,,,,,,,,,,,,,,,,,,,,,,234.50322480000003,234.5134391,234.5134391,234.5134391,237.49676000000002,f,237.49679340000003,,,237.49680329999998,None,,,1.1197311999999897,0.23395940000000337,,,,,,,,,,00021,001,2025-11-10_14h42.14.279,MST_task,2024.2.2,61.04044662074591,2025-11-10 14h42.23.266625 +0530,
,Scenes\177a.jpg,21,0,21,,,,,,,j,None,,,1.482815100000039,0.17399719999997387,,,,,21,0,21,0,237.51331689999998,,,,,,,,,,,,,,,,,,,,,,,,,,,,,,237.4968588,237.51331689999998,238.0303066,237.9969771,,,,,,,,,,,,,,,,,,,,,,,238.0144754,238.0303066,238.0303066,238.0303066,241.01332119999998,j,241.01443480000003,,,241.01444920000003,None,,,1.482815100000039,0.17399719999997387,,,,,,,,,,00021,001,2025-11-10_14h42.14.279,MST_task,2024.2.2,61.04044662074591,2025-11-10 14h42.23.266625 +0530,
,Scenes\070a.jpg,22,0,22,,,,,,,f,None,,,2.1451787999999965,0.28398420000002034,,,,,22,0,22,0,241.0298905,,,,,,,,,,,,,,,,,,,,,,,,,,,,,,241.0145171,241.0298905,241.5461617,241.5135298,,,,,,,,,,,,,,,,,,,,,,,241.5398433,241.5461617,241.5461617,241.5461617,244.5299694,f,244.5300291,,,244.5300417,None,,,2.1451787999999965,0.28398420000002034,,,,,,,,,,00021,001,2025-11-10_14h42.14.279,MST_task,2024.2.2,61.04044662074591,2025-11-10 14h42.23.266625 +0530,
,Scenes\038a.jpg,23,0,23,,,,,,,j,None,,,0.9695532000000071,0.17760569999995823,,,,,23,0,23,0,244.546572,,,,,,,,,,,,,,,,,,,,,,,,,,,,,,244.53013310000003,244.546572,245.08005110000002,245.02999660000003,,,,,,,,,,,,,,,,,,,,,,,245.06252980000002,245.08005110000002,245.08005110000002,245.08005110000002,248.04645100000002,j,248.04648469999998,,,248.0464941,None,,,0.9695532000000071,0.17760569999995823,,,,,,,,,,00021,001,2025-11-10_14h42.14.279,MST_task,2024.2.2,61.04044662074591,2025-11-10 14h42.23.266625 +0530,
,Scenes\035a.jpg,24,0,24,,,,,,,None,f,1.3298527999999692,None,,,,,,,24,0,24,0,248.06310570000002,,,,,,,,,,,,,,,,,,,,,,,,,,,,,,248.04657740000002,248.06310570000002,248.59649629999998,248.5465624,,,,,,,,,,,,,,,,,,,,,,,248.5749461,248.59649629999998,248.59649629999998,248.59649629999998,251.56306830000003,None,251.5631187,251.5796996,251.5796996,252.91334229999998,f,1.3298527999999692,None,,,,,,,,,,,,00021,001,2025-11-10_14h42.14.279,MST_task,2024.2.2,61.04044662074591,2025-11-10 14h42.23.266625 +0530,
,Scenes\062a.jpg,25,0,25,,,,,,,j,None,,,1.0221473999999944,0.18106999999997697,,,,,25,0,25,0,252.929659,,,,,,,,,,,,,,,,,,,,,,,,,,,,,,252.91342799999998,252.929659,253.5796999,253.41315649999999,,,,,,,,,,,,,,,,,,,,,,,253.5639927,253.5796999,253.5796999,253.5796999,256.429083,j,256.42912609999996,,,256.42913599999997,None,,,1.0221473999999944,0.18106999999997697,,,,,,,,,,00021,001,2025-11-10_14h42.14.279,MST_task,2024.2.2,61.04044662074591,2025-11-10 14h42.23.266625 +0530,
,Scenes\007a.jpg,26,0,26,,,,,,,f,None,,,1.448738800000001,0.3767914999999675,,,,,26,0,26,0,256.4457152,,,,,,,,,,,,,,,,,,,,,,,,,,,,,,256.42922480000004,256.4457152,256.96250940000004,256.9291554,,,,,,,,,,,,,,,,,,,,,,,256.95223980000003,256.96250940000004,256.96250940000004,256.96250940000004,259.92957420000005,f,259.92961620000005,,,259.92962709999995,None,,,1.448738800000001,0.3767914999999675,,,,,,,,,,00021,001,2025-11-10_14h42.14.279,MST_task,2024.2.2,61.04044662074591,2025-11-10 14h42.23.266625 +0530,
,Scenes\079a.jpg,27,0,27,,,,,,,j,None,,,1.1484817000000476,0.17072169999994458,,,,,27,0,27,0,259.9461675,,,,,,,,,,,,,,,,,,,,,,,,,,,,,,259.9296951,259.9461675,260.46285150000006,260.42965060000006,,,,,,,,,,,,,,,,,,,,,,,260.45110769999997,260.46285150000006,260.46285150000006,260.46285150000006,263.44616270000006,j,263.446201,,,263.4462112,None,,,1.1484817000000476,0.17072169999994458,,,,,,,,,,00021,001,2025-11-10_14h42.14.279,MST_task,2024.2.2,61.04044662074591,2025-11-10 14h42.23.266625 +0530,
,Objects\058a.jpg,28,0,28,,,,,,,f,None,,,2.6145797000000357,None,,,,,28,0,28,0,263.46277469999995,,,,,,,,,,,,,,,,,,,,,,,,,,,,,,263.4463039,263.46277469999995,263.996492,263.94631960000004,,,,,,,,,,,,,,,,,,,,,,,263.97719700000005,263.996492,263.996492,263.996492,266.9627034,f,266.96416510000006,,,266.9641795,None,,,2.6145797000000357,None,,,,,,,,,,00021,001,2025-11-10_14h42.14.279,MST_task,2024.2.2,61.04044662074591,2025-11-10 14h42.23.266625 +0530,
,Objects\154a.jpg,29,0,29,,,,,,,j,None,,,0.8390077000000247,0.16600589999995918,,,,,29,0,29,0,266.97934210000005,,,,,,,,,,,,,,,,,,,,,,,,,,,,,,266.96424060000004,266.97934210000005,267.49598160000005,267.4628546,,,,,,,,,,,,,,,,,,,,,,,267.48272929999996,267.49598160000005,267.49598160000005,267.49598160000005,270.47884280000005,j,270.478883,,,270.4788929,None,,,0.8390077000000247,0.16600589999995918,,,,,,,,,,00021,001,2025-11-10_14h42.14.279,MST_task,2024.2.2,61.04044662074591,2025-11-10 14h42.23.266625 +0530,
,Objects\192a.jpg,30,0,30,,,,,,,f,None,,,1.4672693999999638,0.2455250000000433,,,,,30,0,30,0,270.4954573,,,,,,,,,,,,,,,,,,,,,,,,,,,,,,270.478978,270.4954573,271.01211880000005,270.97893799999997,,,,,,,,,,,,,,,,,,,,,,,271.0044937,271.01211880000005,271.01211880000005,271.01211880000005,273.97920839999995,f,273.97924580000006,,,273.9792562,None,,,1.4672693999999638,0.2455250000000433,,,,,,,,,,00021,001,2025-11-10_14h42.14.279,MST_task,2024.2.2,61.04044662074591,2025-11-10 14h42.23.266625 +0530,
,Objects\064a.jpg,31,0,31,,,,,,,f,None,,,0.9071024999999509,0.2525243000000046,,,,,31,0,31,0,274.0125624,,,,,,,,,,,,,,,,,,,,,,,,,,,,,,273.97931860000006,274.0125624,,274.4959294,,,,,,,,,,,,,,,,,,,,,,,274.5260366,274.54586960000006,274.54586960000006,274.54586960000006,277.4958093,f,277.49586039999997,,,277.4958696,None,,,0.9071024999999509,0.2525243000000046,,,,,,,,,,00021,001,2025-11-10_14h42.14.279,MST_task,2024.2.2,61.04044662074591,2025-11-10 14h42.23.266625 +0530,
,Objects\132a.jpg,32,0,32,,,,,,,f,None,,,1.0460526000000527,0.2418647999999166,,,,,32,0,32,0,277.51244699999995,,,,,,,,,,,,,,,,,,,,,,,,,,,,,,277.4959781,277.51244699999995,278.0290907,277.995999,,,,,,,,,,,,,,,,,,,,,,,278.0153738,278.0290907,278.0290907,278.0290907,281.01240989999997,f,281.0124446,,,281.0124548,None,,,1.0460526000000527,0.2418647999999166,,,,,,,,,,00021,001,2025-11-10_14h42.14.279,MST_task,2024.2.2,61.04044662074591,2025-11-10 14h42.23.266625 +0530,
,Objects\027a.jpg,33,0,33,,,,,,,None,f,3.247420199999965,None,,,,,,,33,0,33,0,281.0290675,,,,,,,,,,,,,,,,,,,,,,,,,,,,,,281.0125409,281.0290675,281.54569160000005,281.51257169999997,,,,,,,,,,,,,,,,,,,,,,,281.54137660000004,281.54569160000005,281.54569160000005,281.54569160000005,284.5291191,None,284.5291565,284.5456222,284.5456222,287.7959561,f,3.247420199999965,None,,,,,,,,,,,,00021,001,2025-11-10_14h42.14.279,MST_task,2024.2.2,61.04044662074591,2025-11-10 14h42.23.266625 +0530,
,Objects\101a.jpg,34,0,34,,,,,,,f,None,,,2.731075199999964,None,,,,,34,0,34,0,287.8122546999999,,,,,,,,,,,,,,,,,,,,,,,,,,,,,,287.7960448,287.8122546999999,288.3288486,288.2958004999999,,,,,,,,,,,,,,,,,,,,,,,288.3184499,288.3288486,288.3288486,288.3288486,291.3121429,f,291.31217619999995,,,291.31218609999996,None,,,2.731075199999964,None,,,,,,,,,,00021,001,2025-11-10_14h42.14.279,MST_task,2024.2.2,61.04044662074591,2025-11-10 14h42.23.266625 +0530,
,Scenes\161a.jpg,35,0,35,,,,,,,j,None,,,1.5507266000000755,0.15258089999997537,,,,,35,0,35,0,291.3288325,,,,,,,,,,,,,,,,,,,,,,,,,,,,,,291.3122422,291.3288325,,291.8122674,,,,,,,,,,,,,,,,,,,,,,,291.84006379999994,291.86244709999994,291.86244709999994,291.86244709999994,294.82877080000003,j,294.83010279999996,,,294.8301143,None,,,1.5507266000000755,0.15258089999997537,,,,,,,,,,00021,001,2025-11-10_14h42.14.279,MST_task,2024.2.2,61.04044662074591,2025-11-10 14h42.23.266625 +0530,
,Scenes\065a.jpg,36,0,36,,,,,,,None,j,1.2173352999999452,None,,,,,,,36,0,36,0,294.8453976999999,,,,,,,,,,,,,,,,,,,,,,,,,,,,,,294.8301957,294.8453976999999,295.36227239999994,295.32900169999994,,,,,,,,,,,,,,,,,,,,,,,295.35255629999995,295.36227239999994,295.36227239999994,295.36227239999994,298.3454416999999,None,298.34547469999995,298.3619946,298.3619946,299.5958419,j,1.2173352999999452,None,,,,,,,,,,,,00021,001,2025-11-10_14h42.14.279,MST_task,2024.2.2,61.04044662074591,2025-11-10 14h42.23.266625 +0530,
,Scenes\156a.jpg,37,0,37,,,,,,,j,None,,,1.0416864000000032,0.12405219999993733,,,,,37,0,37,0,299.61207319999994,,,,,,,,,,,,,,,,,,,,,,,,,,,,,,299.59596479999993,299.61207319999994,300.1452796,300.09562229999995,,,,,,,,,,,,,,,,,,,,,,,300.1243892,300.1452796,300.1452796,300.1452796,303.1120523999999,j,303.1120896,,,303.11209969999993,None,,,1.0416864000000032,0.12405219999993733,,,,,,,,,,00021,001,2025-11-10_14h42.14.279,MST_task,2024.2.2,61.04044662074591,2025-11-10 14h42.23.266625 +0530,
,Scenes\124a.jpg,38,0,38,,,,,,,f,None,,,2.264385700000048,0.16282550000005358,,,,,38,0,38,0,303.1285137,,,,,,,,,,,,,,,,,,,,,,,,,,,,,,303.1121816,303.1285137,303.67855529999997,303.612075,,,,,,,,,,,,,,,,,,,,,,,303.6574332,303.67855529999997,303.67855529999997,303.67855529999997,306.6284773,f,306.6285123,,,306.6285223,None,,,2.264385700000048,0.16282550000005358,,,,,,,,,,00021,001,2025-11-10_14h42.14.279,MST_task,2024.2.2,61.04044662074591,2025-11-10 14h42.23.266625 +0530,
,Scenes\020a.jpg,39,0,39,,,,,,,f,None,,,1.287651799999935,0.2213125000000673,,,,,39,0,39,0,306.6451344999999,,,,,,,,,,,,,,,,,,,,,,,,,,,,,,306.62860969999997,306.6451344999999,,307.1285822,,,,,,,,,,,,,,,,,,,,,,,307.1505479,307.1620865,307.1620865,307.1620865,310.14508639999997,f,310.14512449999995,,,310.14513379999994,None,,,1.287651799999935,0.2213125000000673,,,,,,,,,,00021,001,2025-11-10_14h42.14.279,MST_task,2024.2.2,61.04044662074591,2025-11-10 14h42.23.266625 +0530,
,Scenes\016a.jpg,40,0,40,,,,,,,j,None,,,1.2731049999999868,0.1506375000000162,,,,,40,0,40,0,310.16172499999993,,,,,,,,,,,,,,,,,,,,,,,,,,,,,,310.14521890000003,310.16172499999993,310.71197369999993,310.64529619999996,,,,,,,,,,,,,,,,,,,,,,,310.69655609999995,310.71197369999993,310.71197369999993,310.71197369999993,313.66171399999996,j,313.6617522,,,313.66176199999995,None,,,1.2731049999999868,0.1506375000000162,,,,,,,,,,00021,001,2025-11-10_14h42.14.279,MST_task,2024.2.2,61.04044662074591,2025-11-10 14h42.23.266625 +0530,
,Scenes\176a.jpg,41,0,41,,,,,,,j,None,,,1.4092349000000013,0.19807040000000598,,,,,41,0,41,0,313.6783146,,,,,,,,,,,,,,,,,,,,,,,,,,,,,,313.66184799999996,313.6783146,314.2118756,314.1618055,,,,,,,,,,,,,,,,,,,,,,,314.19774359999997,314.2118756,314.2118756,314.2118756,317.1782935,j,317.17833129999997,,,317.1783447,None,,,1.4092349000000013,0.19807040000000598,,,,,,,,,,00021,001,2025-11-10_14h42.14.279,MST_task,2024.2.2,61.04044662074591,2025-11-10 14h42.23.266625 +0530,
,Objects\180a.jpg,42,0,42,,,,,,,None,f,2.2238770999999815,None,,,,,,,42,0,42,0,317.19489609999994,,,,,,,,,,,,,,,,,,,,,,,,,,,,,,317.17840609999996,317.19489609999994,317.71179299999994,317.67849119999994,,,,,,,,,,,,,,,,,,,,,,,317.7013522,317.71179299999994,317.71179299999994,317.71179299999994,320.6948484999999,None,320.69631819999995,320.71149819999994,320.71149819999994,322.945381,f,2.2238770999999815,None,,,,,,,,,,,,00021,001,2025-11-10_14h42.14.279,MST_task,2024.2.2,61.04044662074591,2025-11-10 14h42.23.266625 +0530,
,Objects\118a.jpg,43,0,43,,,,,,,f,None,,,0.7395289000000957,0.2017379000000119,,,,,43,0,43,0,322.9615159,,,,,,,,,,,,,,,,,,,,,,,,,,,,,,322.9454617,322.9615159,323.5780909,323.4449564,,,,,,,,,,,,,,,,,,,,,,,323.57048269999996,323.5780909,323.5780909,323.5780909,326.46138199999996,f,326.4614213,,,326.4614323999999,None,,,0.7395289000000957,0.2017379000000119,,,,,,,,,,00021,001,2025-11-10_14h42.14.279,MST_task,2024.2.2,61.04044662074591,2025-11-10 14h42.23.266625 +0530,
,Objects\174a.jpg,44,0,44,,,,,,,f,None,,,1.2576354999999921,0.21803720000002613,,,,,44,0,44,0,326.47802749999994,,,,,,,,,,,,,,,,,,,,,,,,,,,,,,326.4614904,326.47802749999994,327.01131969999994,326.96147429999996,,,,,,,,,,,,,,,,,,,,,,,326.99681039999996,327.01131969999994,327.01131969999994,327.01131969999994,329.97809010000003,f,329.9781306,,,329.9781422,None,,,1.2576354999999921,0.21803720000002613,,,,,,,,,,00021,001,2025-11-10_14h42.14.279,MST_task,2024.2.2,61.04044662074591,2025-11-10 14h42.23.266625 +0530,
,Objects\032a.jpg,45,0,45,,,,,,,None,j,0.780065000000036,None,,,,,,,45,0,45,0,329.9946278,,,,,,,,,,,,,,,,,,,,,,,,,,,,,,329.9782424,329.9946278,331.09458689999997,330.47810329999993,,,,,,,,,,,,,,,,,,,,,,,331.0830929,331.09458689999997,331.09458689999997,331.09458689999997,333.49459349999995,None,333.4946248,333.5111997,333.5111997,334.2948483,j,0.780065000000036,None,,,,,,,,,,,,00021,001,2025-11-10_14h42.14.279,MST_task,2024.2.2,61.04044662074591,2025-11-10 14h42.23.266625 +0530,
,Objects\041a.jpg,46,0,46,,,,,,,j,None,,,1.5473372000000154,0.21477059999995163,,,,,46,0,46,0,334.31119089999993,,,,,,,,,,,,,,,,,,,,,,,,,,,,,,334.29494809999994,334.31119089999993,334.87781429999995,334.79468369999995,,,,,,,,,,,,,,,,,,,,,,,334.87378219999994,334.87781429999995,334.87781429999995,334.87781429999995,337.81117159999997,j,337.8112063,,,337.81121669999993,None,,,1.5473372000000154,0.21477059999995163,,,,,,,,,,00021,001,2025-11-10_14h42.14.279,MST_task,2024.2.2,61.04044662074591,2025-11-10 14h42.23.266625 +0530,
,Objects\171a.jpg,47,0,47,,,,,,,j,None,,,0.6413632000000007,0.14753569999993488,,,,,47,0,47,0,337.8277777999999,,,,,,,,,,,,,,,,,,,,,,,,,,,,,,337.81131129999994,337.8277777999999,338.3777401,338.3112569,,,,,,,,,,,,,,,,,,,,,,,338.3605205,338.3777401,338.3777401,338.3777401,341.32777569999996,j,341.327816,,,341.3278269,None,,,0.6413632000000007,0.14753569999993488,,,,,,,,,,00021,001,2025-11-10_14h42.14.279,MST_task,2024.2.2,61.04044662074591,2025-11-10 14h42.23.266625 +0530,
,Objects\048a.jpg,48,0,48,,,,,,,j,None,,,0.8311934999999266,0.21320950000006178,,,,,48,0,48,0,341.34437879999996,,,,,,,,,,,,,,,,,,,,,,,,,,,,,,341.3279383,341.34437879999996,341.8610318,341.8278431,,,,,,,,,,,,,,,,,,,,,,,341.84261300000003,341.8610318,341.8610318,341.8610318,344.8443499,j,344.84438739999996,,,344.84439739999993,None,,,0.8311934999999266,0.21320950000006178,,,,,,,,,,00021,001,2025-11-10_14h42.14.279,MST_task,2024.2.2,61.04044662074591,2025-11-10 14h42.23.266625 +0530,
,Scenes\061a.jpg,49,0,49,,,,,,,j,None,,,1.2049568999999565,0.2417517000000089,,,,,49,0,49,0,344.86096239999995,,,,,,,,,,,,,,,,,,,,,,,,,,,,,,344.8444581,344.86096239999995,345.3945129,345.34442649999994,,,,,,,,,,,,,,,,,,,,,,,345.3846978,345.3945129,345.3945129,345.3945129,348.36095049999994,j,348.3621388,,,348.36215329999993,None,,,1.2049568999999565,0.2417517000000089,,,,,,,,,,00021,001,2025-11-10_14h42.14.279,MST_task,2024.2.2,61.04044662074591,2025-11-10 14h42.23.266625 +0530,
,Scenes\180a.jpg,50,0,50,,,,,,,j,None,,,0.7076974999999948,0.20226960000002236,,,,,50,0,50,0,348.37754729999995,,,,,,,,,,,,,,,,,,,,,,,,,,,,,,348.3622458,348.37754729999995,348.9277883,348.86102619999997,,,,,,,,,,,,,,,,,,,,,,,348.91721689999997,348.9277883,348.9277883,348.9277883,351.8775352,j,351.8775729,,,351.87758269999995,None,,,0.7076974999999948,0.20226960000002236,,,,,,,,,,00021,001,2025-11-10_14h42.14.279,MST_task,2024.2.2,61.04044662074591,2025-11-10 14h42.23.266625 +0530,
,Scenes\169a.jpg,51,0,51,,,,,,,j,None,,,1.0398984999999357,0.17788370000005216,,,,,51,0,51,0,351.8940977,,,,,,,,,,,,,,,,,,,,,,,,,,,,,,351.8776421,351.8940977,352.4274553,352.3776321,,,,,,,,,,,,,,,,,,,,,,,352.40907989999994,352.4274553,352.4274553,352.4274553,355.39411659999996,j,355.3941583999999,,,355.3941688,None,,,1.0398984999999357,0.17788370000005216,,,,,,,,,,00021,001,2025-11-10_14h42.14.279,MST_task,2024.2.2,61.04044662074591,2025-11-10 14h42.23.266625 +0530,
,Scenes\090a.jpg,52,0,52,,,,,,,j,None,,,0.6521333000000595,0.1340565999998944,,,,,52,0,52,0,355.4106838,,,,,,,,,,,,,,,,,,,,,,,,,,,,,,355.3942296,355.4106838,355.9607477999999,355.89421029999994,,,,,,,,,,,,,,,,,,,,,,,355.9420398,355.9607477999999,355.9607477999999,355.9607477999999,358.9106714999999,j,358.910715,,,358.91072529999997,None,,,0.6521333000000595,0.1340565999998944,,,,,,,,,,00021,001,2025-11-10_14h42.14.279,MST_task,2024.2.2,61.04044662074591,2025-11-10 14h42.23.266625 +0530,
,Scenes\155a.jpg,53,0,53,,,,,,,j,None,,,0.6207663000000139,0.17396120000000792,,,,,53,0,53,0,358.92730859999995,,,,,,,,,,,,,,,,,,,,,,,,,,,,,,358.9108245,358.92730859999995,359.46025069999996,359.410789,,,,,,,,,,,,,,,,,,,,,,,359.45428389999995,359.46025069999996,359.46025069999996,359.46025069999996,362.42725139999993,j,362.42728850000003,,,362.4272983999999,None,,,0.6207663000000139,0.17396120000000792,,,,,,,,,,00021,001,2025-11-10_14h42.14.279,MST_task,2024.2.2,61.04044662074591,2025-11-10 14h42.23.266625 +0530,
,Scenes\160a.jpg,54,0,54,,,,,,,j,None,,,0.7505575999999792,0.1457916000000523,,,,,54,0,54,0,362.44389879999994,,,,,,,,,,,,,,,,,,,,,,,,,,,,,,362.4273915,362.44389879999994,362.97719729999994,362.9273958,,,,,,,,,,,,,,,,,,,,,,,362.95791810000003,362.97719729999994,362.97719729999994,362.97719729999994,365.9438834,j,365.9439191,,,365.94392859999994,None,,,0.7505575999999792,0.1457916000000523,,,,,,,,,,00021,001,2025-11-10_14h42.14.279,MST_task,2024.2.2,61.04044662074591,2025-11-10 14h42.23.266625 +0530,
,Scenes\082a.jpg,55,0,55,,,,,,,j,None,,,0.5910780000000386,0.16674960000000283,,,,,55,0,55,0,365.9604971,,,,,,,,,,,,,,,,,,,,,,,,,,,,,,365.94401289999996,365.9604971,366.4938111,366.443984,,,,,,,,,,,,,,,,,,,,,,,366.47772369999996,366.4938111,366.4938111,366.4938111,369.46046379999996,j,369.46050059999993,,,369.46051109999996,None,,,0.5910780000000386,0.16674960000000283,,,,,,,,,,00021,001,2025-11-10_14h42.14.279,MST_task,2024.2.2,61.04044662074591,2025-11-10 14h42.23.266625 +0530,
,Objects\126a.jpg,56,0,56,,,,,,,None,f,0.22587570000007418,None,,,,,,,56,0,56,0,369.47708109999996,,,,,,,,,,,,,,,,,,,,,,,,,,,,,,369.46060009999997,369.47708109999996,369.99373259999993,369.9605484,,,,,,,,,,,,,,,,,,,,,,,369.9779245,369.99373259999993,369.99373259999993,369.99373259999993,372.9770535,None,372.9786212,372.99366769999995,372.99366769999995,373.22737559999996,f,0.22587570000007418,None,,,,,,,,,,,,00021,001,2025-11-10_14h42.14.279,MST_task,2024.2.2,61.04044662074591,2025-11-10 14h42.23.266625 +0530,
,Objects\059a.jpg,57,0,57,,,,,,,j,None,,,2.348532999999975,0.2104597999999669,,,,,57,0,57,0,373.2436622,,,,,,,,,,,,,,,,,,,,,,,,,,,,,,373.22744379999995,373.2436622,374.1269919,373.7272042999999,,,,,,,,,,,,,,,,,,,,,,,374.1157694,374.1269919,374.1269919,374.1269919,376.743644,j,376.7436841,,,376.74369409999997,None,,,2.348532999999975,0.2104597999999669,,,,,,,,,,00021,001,2025-11-10_14h42.14.279,MST_task,2024.2.2,61.04044662074591,2025-11-10 14h42.23.266625 +0530,
,Objects\161a.jpg,58,0,58,,,,,,,f,None,,,1.260029099999997,0.27150059999996756,,,,,58,0,58,0,376.7603093,,,,,,,,,,,,,,,,,,,,,,,,,,,,,,376.7437821,376.7603093,377.29359750000003,377.2438187,,,,,,,,,,,,,,,,,,,,,,,377.2742162999999,377.29359750000003,377.29359750000003,377.29359750000003,380.2602343,f,380.2602697,,,380.26028009999993,None,,,1.260029099999997,0.27150059999996756,,,,,,,,,,00021,001,2025-11-10_14h42.14.279,MST_task,2024.2.2,61.04044662074591,2025-11-10 14h42.23.266625 +0530,
,Objects\062a.jpg,59,0,59,,,,,,,None,j,0.7543044999999893,None,,,,,,,59,0,59,0,380.2768386,,,,,,,,,,,,,,,,,,,,,,,,,,,,,,380.2603415,380.2768386,380.81015879999995,380.7603263,,,,,,,,,,,,,,,,,,,,,,,380.79488449999997,380.81015879999995,380.81015879999995,380.81015879999995,383.77683509999997,None,383.77686719999997,383.7934249,383.7934249,384.5603701,j,0.7543044999999893,None,,,,,,,,,,,,00021,001,2025-11-10_14h42.14.279,MST_task,2024.2.2,61.04044662074591,2025-11-10 14h42.23.266625 +0530,
,Objects\112a.jpg,60,0,60,,,,,,,f,None,,,1.4682865999999422,0.1976483000000826,,,,,60,0,60,0,384.57674369999995,,,,,,,,,,,,,,,,,,,,,,,,,,,,,,384.5604591,384.57674369999995,385.1432449,385.06022829999995,,,,,,,,,,,,,,,,,,,,,,,385.1395168,385.1432449,385.1432449,385.1432449,388.0767446,f,388.07677809999996,,,388.0767877999999,None,,,1.4682865999999422,0.1976483000000826,,,,,,,,,,00021,001,2025-11-10_14h42.14.279,MST_task,2024.2.2,61.04044662074591,2025-11-10 14h42.23.266625 +0530,
,Objects\168a.jpg,61,0,61,,,,,,,j,None,,,2.4023893999999473,0.1745059999999512,,,,,61,0,61,0,388.09333619999995,,,,,,,,,,,,,,,,,,,,,,,,,,,,,,388.07684340000003,388.09333619999995,388.72666919999995,388.5768491,,,,,,,,,,,,,,,,,,,,,,,388.71895259999997,388.72666919999995,388.72666919999995,388.72666919999995,391.5933186,j,391.5933553,,,391.59337199999993,None,,,2.4023893999999473,0.1745059999999512,,,,,,,,,,00021,001,2025-11-10_14h42.14.279,MST_task,2024.2.2,61.04044662074591,2025-11-10 14h42.23.266625 +0530,
,Objects\119a.jpg,62,0,62,,,,,,,None,f,0.6687706000000162,None,,,,,,,62,0,62,0,391.60993529999996,,,,,,,,,,,,,,,,,,,,,,,,,,,,,,391.59346359999995,391.60993529999996,392.1265445,392.09343839999997,,,,,,,,,,,,,,,,,,,,,,,392.1131884,392.1265445,392.1265445,392.1265445,395.109925,None,395.1099555999999,395.1265108,395.1265108,395.8101279,f,0.6687706000000162,None,,,,,,,,,,,,00021,001,2025-11-10_14h42.14.279,MST_task,2024.2.2,61.04044662074591,2025-11-10 14h42.23.266625 +0530,
,Scenes\158a.jpg,63,0,63,,,,,,,j,None,,,2.0272388000000774,0.1604443999999603,,,,,63,0,63,0,395.82650749999993,,,,,,,,,,,,,,,,,,,,,,,,,,,,,,395.8102425999999,395.82650749999993,396.35984959999996,396.3101229,,,,,,,,,,,,,,,,,,,,,,,396.33961939999995,396.35984959999996,396.35984959999996,396.35984959999996,399.3264825,j,399.3276304,,,399.3276425,None,,,2.0272388000000774,0.1604443999999603,,,,,,,,,,00021,001,2025-11-10_14h42.14.279,MST_task,2024.2.2,61.04044662074591,2025-11-10 14h42.23.266625 +0530,
,Scenes\009a.jpg,64,0,64,,,,,,,f,None,,,1.6310227000000168,0.28402440000002116,,,,,64,0,64,0,399.34311879999996,,,,,,,,,,,,,,,,,,,,,,,,,,,,,,399.3276988,399.34311879999996,399.91019289999997,399.8265861,,,,,,,,,,,,,,,,,,,,,,,399.8909891999999,399.91019289999997,399.91019289999997,399.91019289999997,402.8430422,f,402.84308999999996,,,402.8431012,None,,,1.6310227000000168,0.28402440000002116,,,,,,,,,,00021,001,2025-11-10_14h42.14.279,MST_task,2024.2.2,61.04044662074591,2025-11-10 14h42.23.266625 +0530,
,Scenes\157a.jpg,65,0,65,,,,,,,None,j,0.15548209999997198,None,,,,,,,65,0,65,0,402.8596824,,,,,,,,,,,,,,,,,,,,,,,,,,,,,,402.8431673,402.8596824,403.40991169999995,403.3431863999999,,,,,,,,,,,,,,,,,,,,,,,403.39842039999996,403.40991169999995,403.40991169999995,403.40991169999995,406.35967289999996,None,406.35970499999996,406.3763212,406.3763212,406.54320210000003,j,0.15548209999997198,None,,,,,,,,,,,,00021,001,2025-11-10_14h42.14.279,MST_task,2024.2.2,61.04044662074591,2025-11-10 14h42.23.266625 +0530,
,Scenes\114a.jpg,66,0,66,,,,,,,f,None,,,0.9401348000000098,0.2580592000000479,,,,,66,0,66,0,406.5596276,,,,,,,,,,,,,,,,,,,,,,,,,,,,,,406.54331779999995,406.5596276,407.09292359999995,407.04319079999993,,,,,,,,,,,,,,,,,,,,,,,407.08594619999997,407.09292359999995,407.09292359999995,407.09292359999995,410.0595761999999,f,410.0596098,,,410.05961909999996,None,,,0.9401348000000098,0.2580592000000479,,,,,,,,,,00021,001,2025-11-10_14h42.14.279,MST_task,2024.2.2,61.04044662074591,2025-11-10 14h42.23.266625 +0530,
,Scenes\150a.jpg,67,0,67,,,,,,,j,None,,,1.252192799999989,0.1467109000000164,,,,,67,0,67,0,410.07621529999994,,,,,,,,,,,,,,,,,,,,,,,,,,,,,,410.0597066,410.07621529999994,410.5928173,410.55979819999993,,,,,,,,,,,,,,,,,,,,,,,410.5835866,410.5928173,410.5928173,410.5928173,413.5761711,j,413.5762145,,,413.57622559999993,None,,,1.252192799999989,0.1467109000000164,,,,,,,,,,00021,001,2025-11-10_14h42.14.279,MST_task,2024.2.2,61.04044662074591,2025-11-10 14h42.23.266625 +0530,
,Scenes\116a.jpg,68,0,68,,,,,,,j,None,,,1.3023383999999396,0.18605009999998856,,,,,68,0,68,0,413.59272669999996,,,,,,,,,,,,,,,,,,,,,,,,,,,,,,413.57632379999995,413.59272669999996,414.1094246,414.07631749999996,,,,,,,,,,,,,,,,,,,,,,,414.0974575,414.1094246,414.1094246,414.1094246,417.1094474,j,417.1095061,,,417.10951969999996,None,,,1.3023383999999396,0.18605009999998856,,,,,,,,,,00021,001,2025-11-10_14h42.14.279,MST_task,2024.2.2,61.04044662074591,2025-11-10 14h42.23.266625 +0530,
,Scenes\092a.jpg,69,0,69,,,,,,,j,None,,,0.722970700000019,0.1501403999999411,,,,,69,0,69,0,417.12602749999996,,,,,,,,,,,,,,,,,,,,,,,,,,,,,,417.10961039999995,417.12602749999996,417.64268989999994,417.6094822,,,,,,,,,,,,,,,,,,,,,,,417.6345179,417.64268989999994,417.64268989999994,417.64268989999994,420.6260525,j,420.6260913,,,420.6261018,None,,,0.722970700000019,0.1501403999999411,,,,,,,,,,00021,001,2025-11-10_14h42.14.279,MST_task,2024.2.2,61.04044662074591,2025-11-10 14h42.23.266625 +0530,
,Objects\038a.jpg,70,0,70,,,,,,,f,None,,,0.8281134999999722,0.2614383000000089,,,,,70,0,70,0,420.64263029999995,,,,,,,,,,,,,,,,,,,,,,,,,,,,,,420.62616419999995,420.64263029999995,421.15965129999995,421.12615629999993,,,,,,,,,,,,,,,,,,,,,,,421.1433205999999,421.15965129999995,421.15965129999995,421.15965129999995,424.14264289999994,f,424.1441304,,,424.144147,None,,,0.8281134999999722,0.2614383000000089,,,,,,,,,,00021,001,2025-11-10_14h42.14.279,MST_task,2024.2.2,61.04044662074591,2025-11-10 14h42.23.266625 +0530,
,Objects\165a.jpg,71,0,71,,,,,,,f,None,,,1.3052165999999943,0.2504750000000513,,,,,71,0,71,0,424.1592327999999,,,,,,,,,,,,,,,,,,,,,,,,,,,,,,424.14424039999994,424.1592327999999,424.6758274,424.64270739999995,,,,,,,,,,,,,,,,,,,,,,,424.6633183,424.6758274,424.6758274,424.6758274,427.65920619999997,f,427.65924299999995,,,427.65925429999993,None,,,1.3052165999999943,0.2504750000000513,,,,,,,,,,00021,001,2025-11-10_14h42.14.279,MST_task,2024.2.2,61.04044662074591,2025-11-10 14h42.23.266625 +0530,
,Objects\191a.jpg,72,0,72,,,,,,,f,None,,,0.717789899999957,0.24566089999996166,,,,,72,0,72,0,427.6757871,,,,,,,,,,,,,,,,,,,,,,,,,,,,,,427.65934719999996,427.6757871,428.19240489999993,428.1592709,,,,,,,,,,,,,,,,,,,,,,,428.1842915,428.19240489999993,428.19240489999993,428.19240489999993,431.1757451,f,431.1757908999999,,,431.1758004999999,None,,,0.717789899999957,0.24566089999996166,,,,,,,,,,00021,001,2025-11-10_14h42.14.279,MST_task,2024.2.2,61.04044662074591,2025-11-10 14h42.23.266625 +0530,
,Objects\173a.jpg,73,0,73,,,,,,,None,f,1.644267500000069,None,,,,,,,73,0,73,0,431.192373,,,,,,,,,,,,,,,,,,,,,,,,,,,,,,431.1759032,431.192373,431.72567059999994,431.67589079999993,,,,,,,,,,,,,,,,,,,,,,,431.720323,431.72567059999994,431.72567059999994,431.72567059999994,434.6923531,None,434.69238889999997,434.7089932,434.7089932,436.3592431999999,f,1.644267500000069,None,,,,,,,,,,,,00021,001,2025-11-10_14h42.14.279,MST_task,2024.2.2,61.04044662074591,2025-11-10 14h42.23.266625 +0530,
,Objects\050a.jpg,74,0,74,,,,,,,f,None,,,0.9080365000000938,0.23695329999998194,,,,,74,0,74,0,436.37563579999994,,,,,,,,,,,,,,,,,,,,,,,,,,,,,,436.35934369999995,436.37563579999994,436.9088951,436.8592145,,,,,,,,,,,,,,,,,,,,,,,436.8953368,436.9088951,436.9088951,436.9088951,439.8755678,f,439.87560239999993,,,439.8756132,None,,,0.9080365000000938,0.23695329999998194,,,,,,,,,,00021,001,2025-11-10_14h42.14.279,MST_task,2024.2.2,61.04044662074591,2025-11-10 14h42.23.266625 +0530,
,Objects\075a.jpg,75,0,75,,,,,,,f,None,,,0.7734654000000774,0.24688949999995202,,,,,75,0,75,0,439.8921779,,,,,,,,,,,,,,,,,,,,,,,,,,,,,,439.87567089999993,439.8921779,440.4087999999999,440.375764,,,,,,,,,,,,,,,,,,,,,,,440.40374039999995,440.4087999999999,440.4087999999999,440.4087999999999,443.39216479999993,f,443.39220119999993,,,443.392211,None,,,0.7734654000000774,0.24688949999995202,,,,,,,,,,00021,001,2025-11-10_14h42.14.279,MST_task,2024.2.2,61.04044662074591,2025-11-10 14h42.23.266625 +0530,
,Objects\002a.jpg,76,0,76,,,,,,,f,None,,,0.5905351999999766,0.2256909000000178,,,,,76,0,76,0,443.408773,,,,,,,,,,,,,,,,,,,,,,,,,,,,,,443.392301,443.408773,443.9253929,443.8922734,,,,,,,,,,,,,,,,,,,,,,,443.9215256,443.9253929,443.9253929,443.9253929,446.90875359999995,f,446.9088035,,,446.90881319999994,None,,,0.5905351999999766,0.2256909000000178,,,,,,,,,,00021,001,2025-11-10_14h42.14.279,MST_task,2024.2.2,61.04044662074591,2025-11-10 14h42.23.266625 +0530,
,Scenes\137a.jpg,77,0,77,,,,,,,j,None,,,1.7747183000000177,0.1776494000000639,,,,,77,0,77,0,446.92537589999995,,,,,,,,,,,,,,,,,,,,,,,,,,,,,,446.9089116,446.92537589999995,447.4589062,447.40894449999996,,,,,,,,,,,,,,,,,,,,,,,447.43722130000003,447.4589062,447.4589062,447.4589062,450.42533979999996,j,450.42665409999995,,,450.42666899999995,None,,,1.7747183000000177,0.1776494000000639,,,,,,,,,,00021,001,2025-11-10_14h42.14.279,MST_task,2024.2.2,61.04044662074591,2025-11-10 14h42.23.266625 +0530,
,Scenes\149a.jpg,78,0,78,,,,,,,f,None,,,2.6783973000000287,0.1863384999999198,,,,,78,0,78,0,450.44194689999995,,,,,,,,,,,,,,,,,,,,,,,,,,,,,,450.42676499999993,450.44194689999995,450.97503069999993,450.9254502,,,,,,,,,,,,,,,,,,,,,,,450.9686911,450.97503069999993,450.97503069999993,450.97503069999993,453.94194129999994,f,453.94198359999996,,,453.9419944,None,,,2.6783973000000287,0.1863384999999198,,,,,,,,,,00021,001,2025-11-10_14h42.14.279,MST_task,2024.2.2,61.04044662074591,2025-11-10 14h42.23.266625 +0530,
,Scenes\002a.jpg,79,0,79,,,,,,,j,None,,,1.2711619999998902,0.12650630000007368,,,,,79,0,79,0,453.95855789999996,,,,,,,,,,,,,,,,,,,,,,,,,,,,,,453.9420652,453.95855789999996,454.4921332,454.44215269999995,,,,,,,,,,,,,,,,,,,,,,,454.47529239999994,454.4921332,454.4921332,454.4921332,457.45852449999995,j,457.45856519999995,,,457.4585763,None,,,1.2711619999998902,0.12650630000007368,,,,,,,,,,00021,001,2025-11-10_14h42.14.279,MST_task,2024.2.2,61.04044662074591,2025-11-10 14h42.23.266625 +0530,
,Scenes\034a.jpg,80,0,80,,,,,,,f,None,,,2.631067700000017,0.2300050999999712,,,,,80,0,80,0,457.4750855,,,,,,,,,,,,,,,,,,,,,,,,,,,,,,457.45867699999997,457.4750855,458.04212199999995,457.9588203999999,,,,,,,,,,,,,,,,,,,,,,,458.03209359999994,458.04212199999995,458.04212199999995,458.04212199999995,460.97507069999995,f,460.97510809999994,,,460.97511999999995,None,,,2.631067700000017,0.2300050999999712,,,,,,,,,,00021,001,2025-11-10_14h42.14.279,MST_task,2024.2.2,61.04044662074591,2025-11-10 14h42.23.266625 +0530,
,Scenes\075a.jpg,81,0,81,,,,,,,None,j,0.0951618999999937,None,,,,,,,81,0,81,0,460.9917213,,,,,,,,,,,,,,,,,,,,,,,,,,,,,,460.9752109,460.9917213,461.52523659999997,461.4752033,,,,,,,,,,,,,,,,,,,,,,,461.5038885,461.52523659999997,461.52523659999997,461.52523659999997,464.49165370000003,None,464.4916868,464.5083139999999,464.5083139999999,464.6087311,j,0.0951618999999937,None,,,,,,,,,,,,00021,001,2025-11-10_14h42.14.279,MST_task,2024.2.2,61.04044662074591,2025-11-10 14h42.23.266625 +0530,
,Scenes\021a.jpg,82,0,82,,,,,,,None,j,2.7737342000000353,None,,,,,,,82,0,82,0,464.62497099999996,,,,,,,,,,,,,,,,,,,,,,,,,,,,,,464.6088463,464.62497099999996,465.1416234999999,465.10856519999993,,,,,,,,,,,,,,,,,,,,,,,465.12643449999996,465.1416234999999,465.1416234999999,465.1416234999999,468.124955,None,468.1250016,468.14155959999994,468.14155959999994,470.92515949999995,j,2.7737342000000353,None,,,,,,,,,,,,00021,001,2025-11-10_14h42.14.279,MST_task,2024.2.2,61.04044662074591,2025-11-10 14h42.23.266625 +0530,
,Scenes\015a.jpg,83,0,83,,,,,,,j,None,,,1.5595058000000108,0.10982309999997142,,,,,83,0,83,0,470.94150449999995,,,,,,,,,,,,,,,,,,,,,,,,,,,,,,470.9252428,470.94150449999995,471.5919079,471.424984,,,,,,,,,,,,,,,,,,,,,,,471.58309499999996,471.5919079,471.5919079,471.5919079,474.4414763,j,474.4415209,,,474.4415331,None,,,1.5595058000000108,0.10982309999997142,,,,,,,,,,00021,001,2025-11-10_14h42.14.279,MST_task,2024.2.2,61.04044662074591,2025-11-10 14h42.23.266625 +0530,
,Objects\122a.jpg,84,0,84,,,,,,,f,None,,,1.763269199999968,0.16661840000006123,,,,,84,0,84,0,474.4581029,,,,,,,,,,,,,,,,,,,,,,,,,,,,,,474.4416284,474.4581029,474.99172699999997,474.94166039999993,,,,,,,,,,,,,,,,,,,,,,,474.97534169999994,474.99172699999997,474.99172699999997,474.99172699999997,477.94163319999996,f,477.94323009999994,,,477.9432464,None,,,1.763269199999968,0.16661840000006123,,,,,,,,,,00021,001,2025-11-10_14h42.14.279,MST_task,2024.2.2,61.04044662074591,2025-11-10 14h42.23.266625 +0530,
,Objects\155a.jpg,85,0,85,,,,,,,f,None,,,1.3187396000000717,0.23436479999998028,,,,,85,0,85,0,477.9581869,,,,,,,,,,,,,,,,,,,,,,,,,,,,,,477.9433117,477.9581869,478.47464089999994,478.44151899999997,,,,,,,,,,,,,,,,,,,,,,,478.46756429999994,478.47464089999994,478.47464089999994,478.47464089999994,481.45802449999996,f,481.4580625,,,481.458073,None,,,1.3187396000000717,0.23436479999998028,,,,,,,,,,00021,001,2025-11-10_14h42.14.279,MST_task,2024.2.2,61.04044662074591,2025-11-10 14h42.23.266625 +0530,
,Objects\021a.jpg,86,0,86,,,,,,,j,None,,,0.7433135999999649,0.16614349999997557,,,,,86,0,86,0,481.47483109999996,,,,,,,,,,,,,,,,,,,,,,,,,,,,,,481.4581658999999,481.47483109999996,482.00805389999994,481.95828169999993,,,,,,,,,,,,,,,,,,,,,,,481.9933367,482.00805389999994,482.00805389999994,482.00805389999994,484.97464319999995,j,484.9746801,,,484.9746897,None,,,0.7433135999999649,0.16614349999997557,,,,,,,,,,00021,001,2025-11-10_14h42.14.279,MST_task,2024.2.2,61.04044662074591,2025-11-10 14h42.23.266625 +0530,
,Objects\024a.jpg,87,0,87,,,,,,,f,None,,,1.6654773999999861,0.14767959999994673,,,,,87,0,87,0,484.99131079999995,,,,,,,,,,,,,,,,,,,,,,,,,,,,,,484.97474879999993,484.99131079999995,485.50790329999995,485.47477359999993,,,,,,,,,,,,,,,,,,,,,,,485.5029456,485.50790329999995,485.50790329999995,485.50790329999995,488.4911651,f,488.4911996999999,,,488.49120949999997,None,,,1.6654773999999861,0.14767959999994673,,,,,,,,,,00021,001,2025-11-10_14h42.14.279,MST_task,2024.2.2,61.04044662074591,2025-11-10 14h42.23.266625 +0530,
,Objects\160a.jpg,88,0,88,,,,,,,f,None,,,1.494705700000054,0.22993889999997918,,,,,88,0,88,0,488.5077593,,,,,,,,,,,,,,,,,,,,,,,,,,,,,,488.49129959999993,488.5077593,489.0245158,488.9914367,,,,,,,,,,,,,,,,,,,,,,,489.01156879999996,489.0245158,489.0245158,489.0245158,492.00778549999995,f,492.00782419999996,,,492.00783519999993,None,,,1.494705700000054,0.22993889999997918,,,,,,,,,,00021,001,2025-11-10_14h42.14.279,MST_task,2024.2.2,61.04044662074591,2025-11-10 14h42.23.266625 +0530,
,Objects\124a.jpg,89,0,89,,,,,,,j,None,,,0.9734003999999459,0.13866030000008323,,,,,89,0,89,0,492.0243538,,,,,,,,,,,,,,,,,,,,,,,,,,,,,,492.0078980999999,492.0243538,492.55770199999995,492.5078966,,,,,,,,,,,,,,,,,,,,,,,492.5429326,492.55770199999995,492.55770199999995,492.55770199999995,495.5242885,j,495.5243475,,,495.52435879999996,None,,,0.9734003999999459,0.13866030000008323,,,,,,,,,,00021,001,2025-11-10_14h42.14.279,MST_task,2024.2.2,61.04044662074591,2025-11-10 14h42.23.266625 +0530,
,Objects\065a.jpg,90,0,90,,,,,,,None,j,2.368370499999969,None,,,,,,,90,0,90,0,495.54096830000003,,,,,,,,,,,,,,,,,,,,,,,,,,,,,,495.52444419999995,495.54096830000003,497.59087309999995,496.0245494999999,,,,,,,,,,,,,,,,,,,,,,,497.58412169999997,497.59087309999995,497.59087309999995,497.59087309999995,499.0409177,None,499.04096419999996,499.05754749999994,499.05754749999994,501.44106439999996,j,2.368370499999969,None,,,,,,,,,,,,00021,001,2025-11-10_14h42.14.279,MST_task,2024.2.2,61.04044662074591,2025-11-10 14h42.23.266625 +0530,
,Scenes\130a.jpg,91,0,91,,,,,,,j,None,,,1.7881808000000774,0.13146249999999782,,,,,91,0,91,0,501.45748779999997,,,,,,,,,,,,,,,,,,,,,,,,,,,,,,501.44117489999996,501.45748779999997,501.9910823,501.94095559999994,,,,,,,,,,,,,,,,,,,,,,,501.9786977,501.9910823,501.9910823,501.9910823,504.9574736999999,j,504.95860659999994,,,504.95862079999995,None,,,1.7881808000000774,0.13146249999999782,,,,,,,,,,00021,001,2025-11-10_14h42.14.279,MST_task,2024.2.2,61.04044662074591,2025-11-10 14h42.23.266625 +0530,
,Scenes\173a.jpg,92,0,92,,,,,,,j,None,,,0.8483903000000055,0.13775520000001507,,,,,92,0,92,0,504.97407839999994,,,,,,,,,,,,,,,,,,,,,,,,,,,,,,504.95869029999994,504.97407839999994,505.49100869999995,505.4575922,,,,,,,,,,,,,,,,,,,,,,,505.48082279999994,505.49100869999995,505.49100869999995,505.49100869999995,508.4740607,j,508.47409859999993,,,508.4741087,None,,,0.8483903000000055,0.13775520000001507,,,,,,,,,,00021,001,2025-11-10_14h42.14.279,MST_task,2024.2.2,61.04044662074591,2025-11-10 14h42.23.266625 +0530,
,Scenes\054a.jpg,93,0,93,,,,,,,j,None,,,1.5064796999999999,0.10726230000000214,,,,,93,0,93,0,508.4906956,,,,,,,,,,,,,,,,,,,,,,,,,,,,,,508.4741695,508.4906956,509.0573207,508.97418759999994,,,,,,,,,,,,,,,,,,,,,,,509.0438811,509.0573207,509.0573207,509.0573207,511.99065399999995,j,511.99069269999995,,,511.9907035,None,,,1.5064796999999999,0.10726230000000214,,,,,,,,,,00021,001,2025-11-10_14h42.14.279,MST_task,2024.2.2,61.04044662074591,2025-11-10 14h42.23.266625 +0530,
,Scenes\102a.jpg,94,0,94,,,,,,,f,None,,,1.0927467999999863,0.2605027000000746,,,,,94,0,94,0,512.0072514,,,,,,,,,,,,,,,,,,,,,,,,,,,,,,511.99079359999996,512.0072514,512.5405781,512.4907749,,,,,,,,,,,,,,,,,,,,,,,512.5262609,512.5405781,512.5405781,512.5405781,515.5072395999999,f,515.5072815999999,,,515.5072918999999,None,,,1.0927467999999863,0.2605027000000746,,,,,,,,,,00021,001,2025-11-10_14h42.14.279,MST_task,2024.2.2,61.04044662074591,2025-11-10 14h42.23.266625 +0530,
,Scenes\006a.jpg,95,0,95,,,,,,,f,None,,,2.26055980000001,0.2778852999999799,,,,,95,0,95,0,515.5238403999999,,,,,,,,,,,,,,,,,,,,,,,,,,,,,,515.5073914999999,515.5238403999999,516.1071638999999,516.0074399,,,,,,,,,,,,,,,,,,,,,,,516.088728,516.1071638999999,516.1071638999999,516.1071638999999,519.02382,f,519.0238701999999,,,519.0238806,None,,,2.26055980000001,0.2778852999999799,,,,,,,,,,00021,001,2025-11-10_14h42.14.279,MST_task,2024.2.2,61.04044662074591,2025-11-10 14h42.23.266625 +0530,
,Scenes\060a.jpg,96,0,96,,,,,,,j,None,,,0.9201305000000275,0.10977470000000267,,,,,96,0,96,0,519.0404565,,,,,,,,,,,,,,,,,,,,,,,,,,,,,,519.0239473,519.0404565,,519.5245569,,,,,,,,,,,,,,,,,,,,,,,519.58596,519.6073272,519.6073272,519.6073272,522.5403865999999,j,522.5404212,,,522.5404301,None,,,0.9201305000000275,0.10977470000000267,,,,,,,,,,00021,001,2025-11-10_14h42.14.279,MST_task,2024.2.2,61.04044662074591,2025-11-10 14h42.23.266625 +0530,
,Scenes\131a.jpg,97,0,97,,,,,,,None,j,0.02782969999998386,None,,,,,,,97,0,97,0,522.5573425,,,,,,,,,,,,,,,,,,,,,,,,,,,,,,522.5405181,522.5573425,523.1236501999999,523.0405244,,,,,,,,,,,,,,,,,,,,,,,523.1113196,523.1236501999999,523.1236501999999,523.1236501999999,526.0570017,None,526.0570345,526.0735747,526.0735747,526.1072374,j,0.02782969999998386,None,,,,,,,,,,,,00021,001,2025-11-10_14h42.14.279,MST_task,2024.2.2,61.04044662074591,2025-11-10 14h42.23.266625 +0530,
,Objects\120a.jpg,98,0,98,,,,,,,None,f,0.037622899999973924,None,,,,,,,98,0,98,0,526.123608,,,,,,,,,,,,,,,,,,,,,,,,,,,,,,526.1073053,526.123608,526.6572123,526.6072252,,,,,,,,,,,,,,,,,,,,,,,526.6363971,526.6572123,526.6572123,526.6572123,529.6235951,None,529.6250751,529.6401995,529.6401995,529.690487,f,0.037622899999973924,None,,,,,,,,,,,,00021,001,2025-11-10_14h42.14.279,MST_task,2024.2.2,61.04044662074591,2025-11-10 14h42.23.266625 +0530,
,Objects\129a.jpg,99,0,99,,,,,,,f,None,,,0.8659458000000768,0.23442420000003494,,,,,99,0,99,0,529.7069061999999,,,,,,,,,,,,,,,,,,,,,,,,,,,,,,529.690551,529.7069061999999,530.2235071,530.190355,,,,,,,,,,,,,,,,,,,,,,,530.2077462999999,530.2235071,530.2235071,530.2235071,533.2068693,f,533.2069114,,,533.2069228,None,,,0.8659458000000768,0.23442420000003494,,,,,,,,,,00021,001,2025-11-10_14h42.14.279,MST_task,2024.2.2,61.04044662074591,2025-11-10 14h42.23.266625 +0530,
,Objects\184a.jpg,100,0,100,,,,,,,j,None,,,0.6908694999999625,0.18578720000004978,,,,,100,0,100,0,533.2234576,,,,,,,,,,,,,,,,,,,,,,,,,,,,,,533.2070261,533.2234576,533.7568051,533.7069534,,,,,,,,,,,,,,,,,,,,,,,533.7383126999999,533.7568051,533.7568051,533.7568051,536.7234232,j,536.7234605,,,536.7234773,None,,,0.6908694999999625,0.18578720000004978,,,,,,,,,,00021,001,2025-11-10_14h42.14.279,MST_task,2024.2.2,61.04044662074591,2025-11-10 14h42.23.266625 +0530,
,Objects\016a.jpg,101,0,101,,,,,,,f,None,,,1.0919123999999556,0.2419711999999663,,,,,101,0,101,0,536.740056,,,,,,,,,,,,,,,,,,,,,,,,,,,,,,536.7235911,536.740056,537.2733671999999,537.2235433999999,,,,,,,,,,,,,,,,,,,,,,,537.2535793,537.2733671999999,537.2733671999999,537.2733671999999,540.2401143,f,540.2401525,,,540.2401633,None,,,1.0919123999999556,0.2419711999999663,,,,,,,,,,00021,001,2025-11-10_14h42.14.279,MST_task,2024.2.2,61.04044662074591,2025-11-10 14h42.23.266625 +0530,
,Objects\157a.jpg,102,0,102,,,,,,,f,None,,,0.8419811999999638,0.24455440000008366,,,,,102,0,102,0,540.2567156,,,,,,,,,,,,,,,,,,,,,,,,,,,,,,540.2402592999999,540.2567156,540.7732883,540.7402015,,,,,,,,,,,,,,,,,,,,,,,540.7598651999999,540.7732883,540.7732883,540.7732883,543.7566707999999,f,543.7567381,,,543.7567543,None,,,0.8419811999999638,0.24455440000008366,,,,,,,,,,00021,001,2025-11-10_14h42.14.279,MST_task,2024.2.2,61.04044662074591,2025-11-10 14h42.23.266625 +0530,
,Objects\125a.jpg,103,0,103,,,,,,,j,None,,,0.7432344000000057,0.16619730000002164,,,,,103,0,103,0,543.7732859,,,,,,,,,,,,,,,,,,,,,,,,,,,,,,543.7568641,543.7732859,544.2898706999999,544.2567321,,,,,,,,,,,,,,,,,,,,,,,544.2842492999999,544.2898706999999,544.2898706999999,544.2898706999999,547.273271,j,547.273314,,,547.2733253,None,,,0.7432344000000057,0.16619730000002164,,,,,,,,,,00021,001,2025-11-10_14h42.14.279,MST_task,2024.2.2,61.04044662074591,2025-11-10 14h42.23.266625 +0530,
,Objects\100a.jpg,104,0,104,,,,,,,f,None,,,0.9044566000000032,0.24196340000003147,,,,,104,0,104,0,547.2898298,,,,,,,,,,,,,,,,,,,,,,,,,,,,,,547.2734267,547.2898298,547.8231773,547.7733916,,,,,,,,,,,,,,,,,,,,,,,547.8048788,547.8231773,547.8231773,547.8231773,550.7900109999999,f,550.7900572,,,550.7900681,None,,,0.9044566000000032,0.24196340000003147,,,,,,,,,,00021,001,2025-11-10_14h42.14.279,MST_task,2024.2.2,61.04044662074591,2025-11-10 14h42.23.266625 +0530,
,Scenes\126a.jpg,105,0,105,,,,,,,j,None,,,0.5746690000000854,0.13751170000000457,,,,,105,0,105,0,550.8064722,,,,,,,,,,,,,,,,,,,,,,,,,,,,,,550.7901356,550.8064722,551.3230698,551.2900232,,,,,,,,,,,,,,,,,,,,,,,551.314565,551.3230698,551.3230698,551.3230698,554.3063857999999,j,554.3077261999999,,,554.3077437,None,,,0.5746690000000854,0.13751170000000457,,,,,,,,,,00021,001,2025-11-10_14h42.14.279,MST_task,2024.2.2,61.04044662074591,2025-11-10 14h42.23.266625 +0530,
,Scenes\003a.jpg,106,0,106,,,,,,,f,None,,,1.19547440000008,0.1940546999999242,,,,,106,0,106,0,554.3229735,,,,,,,,,,,,,,,,,,,,,,,,,,,,,,554.3078451,554.3229735,554.8896366,554.8065429999999,,,,,,,,,,,,,,,,,,,,,,,554.8802188,554.8896366,554.8896366,554.8896366,557.8229779,f,557.8230293,,,557.8230401999999,None,,,1.19547440000008,0.1940546999999242,,,,,,,,,,00021,001,2025-11-10_14h42.14.279,MST_task,2024.2.2,61.04044662074591,2025-11-10 14h42.23.266625 +0530,
,Scenes\078a.jpg,107,0,107,,,,,,,j,None,,,1.5964614999999185,0.1253883000000542,,,,,107,0,107,0,557.8395396,,,,,,,,,,,,,,,,,,,,,,,,,,,,,,557.823141,557.8395396,558.3728932,558.3230318999999,,,,,,,,,,,,,,,,,,,,,,,558.353377,558.3728932,558.3728932,558.3728932,561.3395381,j,561.3395742,,,561.3395849,None,,,1.5964614999999185,0.1253883000000542,,,,,,,,,,00021,001,2025-11-10_14h42.14.279,MST_task,2024.2.2,61.04044662074591,2025-11-10 14h42.23.266625 +0530,
,Scenes\019a.jpg,108,0,108,,,,,,,None,f,1.1979293999999072,None,,,,,,,108,0,108,0,561.3561761,,,,,,,,,,,,,,,,,,,,,,,,,,,,,,561.3396778,561.3561761,561.8894822999999,561.8397175,,,,,,,,,,,,,,,,,,,,,,,561.8752726,561.8894822999999,561.8894822999999,561.8894822999999,564.8561296,None,564.8561631,564.8727627,564.8727627,566.0731897,f,1.1979293999999072,None,,,,,,,,,,,,00021,001,2025-11-10_14h42.14.279,MST_task,2024.2.2,61.04044662074591,2025-11-10 14h42.23.266625 +0530,
,Scenes\010a.jpg,109,0,109,,,,,,,j,None,,,1.8228689999999688,0.1598294000000351,,,,,109,0,109,0,566.0894002,,,,,,,,,,,,,,,,,,,,,,,,,,,,,,566.0732773999999,566.0894002,566.606033,566.5729185,,,,,,,,,,,,,,,,,,,,,,,566.5928170999999,566.606033,566.606033,566.606033,569.5893894,j,569.5894274,,,569.5894387,None,,,1.8228689999999688,0.1598294000000351,,,,,,,,,,00021,001,2025-11-10_14h42.14.279,MST_task,2024.2.2,61.04044662074591,2025-11-10 14h42.23.266625 +0530,
,Scenes\175a.jpg,110,0,110,,,,,,,j,None,,,1.1828638000000637,0.16275929999994787,,,,,110,0,110,0,569.6059905,,,,,,,,,,,,,,,,,,,,,,,,,,,,,,569.5895306,569.6059905,570.1562309999999,570.0895034,,,,,,,,,,,,,,,,,,,,,,,570.1334088,570.1562309999999,570.1562309999999,570.1562309999999,573.106095,j,573.1061353,,,573.1061459,None,,,1.1828638000000637,0.16275929999994787,,,,,,,,,,00021,001,2025-11-10_14h42.14.279,MST_task,2024.2.2,61.04044662074591,2025-11-10 14h42.23.266625 +0530,
,Scenes\097a.jpg,111,0,111,,,,,,,f,None,,,1.2035669000000553,0.2598331000000371,,,,,111,0,111,0,573.1226927,,,,,,,,,,,,,,,,,,,,,,,,,,,,,,573.106213,573.1226927,573.6396019,573.6063705,,,,,,,,,,,,,,,,,,,,,,,573.6196100999999,573.6396019,573.6396019,573.6396019,576.6225266,f,576.6225653,,,576.6225777,None,,,1.2035669000000553,0.2598331000000371,,,,,,,,,,00021,001,2025-11-10_14h42.14.279,MST_task,2024.2.2,61.04044662074591,2025-11-10 14h42.23.266625 +0530,
,Objects\130a.jpg,112,0,112,,,,,,,j,None,,,1.7761053000000402,0.1535778999999593,,,,,112,0,112,0,576.6391873,,,,,,,,,,,,,,,,,,,,,,,,,,,,,,576.6226709,576.6391873,577.1893556,577.1226677,,,,,,,,,,,,,,,,,,,,,,,577.1685735,577.1893556,577.1893556,577.1893556,580.1392853,j,580.1408954,,,580.1409103,None,,,1.7761053000000402,0.1535778999999593,,,,,,,,,,00021,001,2025-11-10_14h42.14.279,MST_task,2024.2.2,61.04044662074591,2025-11-10 14h42.23.266625 +0530,
,Objects\143a.jpg,113,0,113,,,,,,,j,None,,,0.7281674999999268,0.12496210000006158,,,,,113,0,113,0,580.1558805,,,,,,,,,,,,,,,,,,,,,,,,,,,,,,580.1409742999999,580.1558805,580.9556987999999,580.6392585,,,,,,,,,,,,,,,,,,,,,,,580.9487447,580.9556987999999,580.9556987999999,580.9556987999999,583.6557141999999,j,583.6557541999999,,,583.6557649,None,,,0.7281674999999268,0.12496210000006158,,,,,,,,,,00021,001,2025-11-10_14h42.14.279,MST_task,2024.2.2,61.04044662074591,2025-11-10 14h42.23.266625 +0530,
,Objects\039a.jpg,114,0,114,,,,,,,j,None,,,0.9767015999999558,0.1637814000000617,,,,,114,0,114,0,583.6723064,,,,,,,,,,,,,,,,,,,,,,,,,,,,,,583.6558288,583.6723064,584.1889583999999,584.155928,,,,,,,,,,,,,,,,,,,,,,,584.1846211999999,584.1889583999999,584.1889583999999,584.1889583999999,587.1722950999999,j,587.1723425,,,587.1723526,None,,,0.9767015999999558,0.1637814000000617,,,,,,,,,,00021,001,2025-11-10_14h42.14.279,MST_task,2024.2.2,61.04044662074591,2025-11-10 14h42.23.266625 +0530,
,Objects\187a.jpg,115,0,115,,,,,,,f,None,,,0.7238691000000017,0.21387090000007447,,,,,115,0,115,0,587.1889367,,,,,,,,,,,,,,,,,,,,,,,,,,,,,,587.1724457,587.1889367,587.7055462,587.6723772,,,,,,,,,,,,,,,,,,,,,,,587.6874998999999,587.7055462,587.7055462,587.7055462,590.6888954,f,590.688948,,,590.6889585,None,,,0.7238691000000017,0.21387090000007447,,,,,,,,,,00021,001,2025-11-10_14h42.14.279,MST_task,2024.2.2,61.04044662074591,2025-11-10 14h42.23.266625 +0530,
,Objects\110a.jpg,116,0,116,,,,,,,j,None,,,2.377970600000026,0.12884829999995873,,,,,116,0,116,0,590.7055149,,,,,,,,,,,,,,,,,,,,,,,,,,,,,,590.6890513,590.7055149,591.2221734,591.1889877,,,,,,,,,,,,,,,,,,,,,,,591.216001,591.2221734,591.2221734,591.2221734,594.2055932,j,594.2056367,,,594.205648,None,,,2.377970600000026,0.12884829999995873,,,,,,,,,,00021,001,2025-11-10_14h42.14.279,MST_task,2024.2.2,61.04044662074591,2025-11-10 14h42.23.266625 +0530,
,Objects\141a.jpg,117,0,117,,,,,,,j,None,,,1.304872699999919,0.13806060000001708,,,,,117,0,117,0,594.222102,,,,,,,,,,,,,,,,,,,,,,,,,,,,,,594.205713,594.222102,594.7721612,594.7055879999999,,,,,,,,,,,,,,,,,,,,,,,594.7649584,594.7721612,594.7721612,594.7721612,597.7221409,j,597.7221753,,,597.7221853,None,,,1.304872699999919,0.13806060000001708,,,,,,,,,,00021,001,2025-11-10_14h42.14.279,MST_task,2024.2.2,61.04044662074591,2025-11-10 14h42.23.266625 +0530,
,Objects\088a.jpg,118,0,118,,,,,,,None,j,4.46390370000006,None,,,,,,,118,0,118,0,597.7388083,,,,,,,,,,,,,,,,,,,,,,,,,,,,,,597.7222464,597.7388083,598.3053397,598.2223212,,,,,,,,,,,,,,,,,,,,,,,598.2873473999999,598.3053397,598.3053397,598.3053397,601.2387641,None,601.2387949,601.2555407,601.2555407,605.7221986999999,j,4.46390370000006,None,,,,,,,,,,,,00021,001,2025-11-10_14h42.14.279,MST_task,2024.2.2,61.04044662074591,2025-11-10 14h42.23.266625 +0530,
,Scenes\134a.jpg,119,0,119,,,,,,,j,None,,,1.3886760999999979,0.10855870000000323,,,,,119,0,119,0,605.7385932,,,,,,,,,,,,,,,,,,,,,,,,,,,,,,605.7223041999999,605.7385932,606.2722029,606.2220649,,,,,,,,,,,,,,,,,,,,,,,606.2534368,606.2722029,606.2722029,606.2722029,609.2385082,j,609.2396898,,,609.2397045,None,,,1.3886760999999979,0.10855870000000323,,,,,,,,,,00021,001,2025-11-10_14h42.14.279,MST_task,2024.2.2,61.04044662074591,2025-11-10 14h42.23.266625 +0530,
,Scenes\011a.jpg,120,0,120,,,,,,,None,j,0.07383649999997033,None,,,,,,,120,0,120,0,609.2551427999999,,,,,,,,,,,,,,,,,,,,,,,,,,,,,,609.2397971,609.2551427999999,609.8053993999999,609.7386812999999,,,,,,,,,,,,,,,,,,,,,,,609.7888545999999,609.8053993999999,609.8053993999999,609.8053993999999,612.7551062,None,612.7551433,612.7716904,612.7716904,612.855336,j,0.07383649999997033,None,,,,,,,,,,,,00021,001,2025-11-10_14h42.14.279,MST_task,2024.2.2,61.04044662074591,2025-11-10 14h42.23.266625 +0530,
,Scenes\024a.jpg,121,0,121,,,,,,,j,None,,,0.9949095999999145,0.17379140000002735,,,,,121,0,121,0,612.871684,,,,,,,,,,,,,,,,,,,,,,,,,,,,,,612.8554565,612.871684,613.4050722,613.3552645999999,,,,,,,,,,,,,,,,,,,,,,,613.3947782,613.4050722,613.4050722,613.4050722,616.3716714999999,j,616.3717063,,,616.3717166,None,,,0.9949095999999145,0.17379140000002735,,,,,,,,,,00021,001,2025-11-10_14h42.14.279,MST_task,2024.2.2,61.04044662074591,2025-11-10 14h42.23.266625 +0530,
,Scenes\190a.jpg,122,0,122,,,,,,,j,None,,,2.782843200000002,None,,,,,122,0,122,0,616.3882754,,,,,,,,,,,,,,,,,,,,,,,,,,,,,,616.3718079,616.3882754,616.9883861,616.8717393,,,,,,,,,,,,,,,,,,,,,,,616.9680420999999,616.9883861,616.9883861,616.9883861,619.8882427,j,619.8882893,,,619.8883002,None,,,2.782843200000002,None,,,,,,,,,,00021,001,2025-11-10_14h42.14.279,MST_task,2024.2.2,61.04044662074591,2025-11-10 14h42.23.266625 +0530,
,Scenes\040a.jpg,123,0,123,,,,,,,f,None,,,0.5794639000000643,0.22330119999992348,,,,,123,0,123,0,619.9048859,,,,,,,,,,,,,,,,,,,,,,,,,,,,,,619.8883615999999,619.9048859,620.4381902,620.388375,,,,,,,,,,,,,,,,,,,,,,,620.4258573999999,620.4381902,620.4381902,620.4381902,623.4048809999999,f,623.4049143,,,623.4049236,None,,,0.5794639000000643,0.22330119999992348,,,,,,,,,,00021,001,2025-11-10_14h42.14.279,MST_task,2024.2.2,61.04044662074591,2025-11-10 14h42.23.266625 +0530,
,Scenes\183a.jpg,124,0,124,,,,,,,f,None,,,1.0545772000000397,0.2569345000000567,,,,,124,0,124,0,623.4214216,,,,,,,,,,,,,,,,,,,,,,,,,,,,,,623.4050106999999,623.4214216,623.9881078,623.9050469,,,,,,,,,,,,,,,,,,,,,,,623.9663247,623.9881078,623.9881078,623.9881078,626.9214296,f,626.9214796,,,626.9214908,None,,,1.0545772000000397,0.2569345000000567,,,,,,,,,,00021,001,2025-11-10_14h42.14.279,MST_task,2024.2.2,61.04044662074591,2025-11-10 14h42.23.266625 +0530,
,Scenes\159a.jpg,125,0,125,,,,,,,j,None,,,0.9139410000000225,0.1425137999999606,,,,,125,0,125,0,626.9380024999999,,,,,,,,,,,,,,,,,,,,,,,,,,,,,,626.9215954,626.9380024999999,627.6213624,627.421573,,,,,,,,,,,,,,,,,,,,,,,627.6062876999999,627.6213624,627.6213624,627.6213624,630.4379857,j,630.4380322,,,630.4380424999999,None,,,0.9139410000000225,0.1425137999999606,,,,,,,,,,00021,001,2025-11-10_14h42.14.279,MST_task,2024.2.2,61.04044662074591,2025-11-10 14h42.23.266625 +0530,
,Objects\188a.jpg,126,0,126,,,,,,,f,None,,,1.6082550999999512,0.27001719999998386,,,,,126,0,126,0,630.4546279,,,,,,,,,,,,,,,,,,,,,,,,,,,,,,630.4381374,630.4546279,631.0049169,630.9382386999999,,,,,,,,,,,,,,,,,,,,,,,630.9884394,631.0049169,631.0049169,631.0049169,633.9545875,f,633.9562731,,,633.9563032,None,,,1.6082550999999512,0.27001719999998386,,,,,,,,,,00021,001,2025-11-10_14h42.14.279,MST_task,2024.2.2,61.04044662074591,2025-11-10 14h42.23.266625 +0530,
,Objects\147a.jpg,127,0,127,,,,,,,None,f,5.165515000000028,None,,,,,,,127,0,127,0,633.9712419,,,,,,,,,,,,,,,,,,,,,,,,,,,,,,633.9564021,633.9712419,636.9878275,634.4548508,,,,,,,,,,,,,,,,,,,,,,,636.9726376,636.9878275,636.9878275,636.9878275,637.4712175,None,637.4712615,637.4878064,637.4878064,642.6547478,f,5.165515000000028,None,,,,,,,,,,,,00021,001,2025-11-10_14h42.14.279,MST_task,2024.2.2,61.04044662074591,2025-11-10 14h42.23.266625 +0530,
,Objects\182a.jpg,128,0,128,,,,,,,f,None,,,1.2725901000000022,0.20213039999998728,,,,,128,0,128,0,642.671034,,,,,,,,,,,,,,,,,,,,,,,,,,,,,,642.6548189,642.671034,643.2210054999999,643.1545705,,,,,,,,,,,,,,,,,,,,,,,643.2038679999999,643.2210054999999,643.2210054999999,643.2210054999999,646.1709673,f,646.1709994,,,646.1710088,None,,,1.2725901000000022,0.20213039999998728,,,,,,,,,,00021,001,2025-11-10_14h42.14.279,MST_task,2024.2.2,61.04044662074591,2025-11-10 14h42.23.266625 +0530,
,Objects\026a.jpg,129,0,129,,,,,,,None,j,1.013343999999961,None,,,,,,,129,0,129,0,646.1876161,,,,,,,,,,,,,,,,,,,,,,,,,,,,,,646.1710651,646.1876161,646.8709620999999,646.6711212,,,,,,,,,,,,,,,,,,,,,,,646.8574953,646.8709620999999,646.8709620999999,646.8709620999999,649.6877059,None,649.6877430999999,649.7042051999999,649.7042051999999,650.7213534,j,1.013343999999961,None,,,,,,,,,,,,00021,001,2025-11-10_14h42.14.279,MST_task,2024.2.2,61.04044662074591,2025-11-10 14h42.23.266625 +0530,
,Objects\070a.jpg,130,0,130,,,,,,,f,None,,,0.8706123999999136,0.19349829999998747,,,,,130,0,130,0,650.7375718999999,,,,,,,,,,,,,,,,,,,,,,,,,,,,,,650.72149,650.7375718999999,651.320834,651.2210676999999,,,,,,,,,,,,,,,,,,,,,,,651.3058312,651.320834,651.320834,651.320834,654.2375012,f,654.2375403,,,654.2375508,None,,,0.8706123999999136,0.19349829999998747,,,,,,,,,,00021,001,2025-11-10_14h42.14.279,MST_task,2024.2.2,61.04044662074591,2025-11-10 14h42.23.266625 +0530,
,Objects\175a.jpg,131,0,131,,,,,,,f,None,,,1.6276818000000048,0.22193250000009357,,,,,131,0,131,0,654.2541115,,,,,,,,,,,,,,,,,,,,,,,,,,,,,,654.2376335,654.2541115,654.8036847999999,654.7376608999999,,,,,,,,,,,,,,,,,,,,,,,654.7988227999999,654.8036847999999,654.8036847999999,654.8036847999999,657.7540804,f,657.7541182,,,657.7541284,None,,,1.6276818000000048,0.22193250000009357,,,,,,,,,,00021,001,2025-11-10_14h42.14.279,MST_task,2024.2.2,61.04044662074591,2025-11-10 14h42.23.266625 +0530,
,Objects\025a.jpg,132,0,132,,,,,,,j,None,,,0.7172501000000011,0.13785710000001927,,,,,132,0,132,0,657.7706987,,,,,,,,,,,,,,,,,,,,,,,,,,,,,,657.7541889,657.7706987,658.3206610999999,658.2541901,,,,,,,,,,,,,,,,,,,,,,,658.3165346,658.3206610999999,658.3206610999999,658.3206610999999,661.2707833,j,661.2708213999999,,,661.2708318,None,,,0.7172501000000011,0.13785710000001927,,,,,,,,,,00021,001,2025-11-10_14h42.14.279,MST_task,2024.2.2,61.04044662074591,2025-11-10 14h42.23.266625 +0530,
,Scenes\051a.jpg,133,0,133,,,,,,,j,None,,,1.3063108999999713,0.178125399999999,,,,,133,0,133,0,661.2872517999999,,,,,,,,,,,,,,,,,,,,,,,,,,,,,,661.2709272999999,661.2872517999999,661.820807,661.7708331,,,,,,,,,,,,,,,,,,,,,,,661.8016511,661.820807,661.820807,661.820807,664.7872417,j,664.7883965,,,664.7884078,None,,,1.3063108999999713,0.178125399999999,,,,,,,,,,00021,001,2025-11-10_14h42.14.279,MST_task,2024.2.2,61.04044662074591,2025-11-10 14h42.23.266625 +0530,
,Scenes\191a.jpg,134,0,134,,,,,,,j,None,,,1.2654492000000346,0.13426270000002205,,,,,134,0,134,0,664.8038332,,,,,,,,,,,,,,,,,,,,,,,,,,,,,,664.7884912,664.8038332,665.3375146999999,665.287368,,,,,,,,,,,,,,,,,,,,,,,665.3189452,665.3375146999999,665.3375146999999,665.3375146999999,668.3039182,j,668.3039534,,,668.3039635,None,,,1.2654492000000346,0.13426270000002205,,,,,,,,,,00021,001,2025-11-10_14h42.14.279,MST_task,2024.2.2,61.04044662074591,2025-11-10 14h42.23.266625 +0530,
,Scenes\186a.jpg,135,0,135,,,,,,,j,None,,,1.5053958000000875,0.1242811999999276,,,,,135,0,135,0,668.3204723,,,,,,,,,,,,,,,,,,,,,,,,,,,,,,668.3040221,668.3204723,668.8537726,668.8040214,,,,,,,,,,,,,,,,,,,,,,,668.8334032,668.8537726,668.8537726,668.8537726,671.8204405,j,671.820475,,,671.8204848,None,,,1.5053958000000875,0.1242811999999276,,,,,,,,,,00021,001,2025-11-10_14h42.14.279,MST_task,2024.2.2,61.04044662074591,2025-11-10 14h42.23.266625 +0530,
,Scenes\094a.jpg,136,0,136,,,,,,,j,None,,,1.388827699999979,0.07619169999998121,,,,,136,0,136,0,671.8370491,,,,,,,,,,,,,,,,,,,,,,,,,,,,,,671.8205427,671.8370491,672.3706847,672.3206279,,,,,,,,,,,,,,,,,,,,,,,672.3512942,672.3706847,672.3706847,672.3706847,675.3369905,j,675.3370232999999,,,675.3370338999999,None,,,1.388827699999979,0.07619169999998121,,,,,,,,,,00021,001,2025-11-10_14h42.14.279,MST_task,2024.2.2,61.04044662074591,2025-11-10 14h42.23.266625 +0530,
,Scenes\084a.jpg,137,0,137,,,,,,,j,None,,,0.6845557000000326,0.08232929999996941,,,,,137,0,137,0,675.3536599,,,,,,,,,,,,,,,,,,,,,,,,,,,,,,675.3370907,675.3536599,675.8703009,675.8371523999999,,,,,,,,,,,,,,,,,,,,,,,675.8561248,675.8703009,675.8703009,675.8703009,678.8542512,j,678.8542992,,,678.854309,None,,,0.6845557000000326,0.08232929999996941,,,,,,,,,,00021,001,2025-11-10_14h42.14.279,MST_task,2024.2.2,61.04044662074591,2025-11-10 14h42.23.266625 +0530,
,Scenes\140a.jpg,138,0,138,,,,,,,j,None,,,1.0376252999999451,0.19877250000001823,,,,,138,0,138,0,678.8702296,,,,,,,,,,,,,,,,,,,,,,,,,,,,,,678.8544016,678.8702296,679.4037698999999,679.3537069,,,,,,,,,,,,,,,,,,,,,,,679.3913705,679.4037698999999,679.4037698999999,679.4037698999999,682.3703287999999,j,682.3703641,,,682.3703742,None,,,1.0376252999999451,0.19877250000001823,,,,,,,,,,00021,001,2025-11-10_14h42.14.279,MST_task,2024.2.2,61.04044662074591,2025-11-10 14h42.23.266625 +0530,
,Scenes\043a.jpg,139,0,139,,,,,,,j,None,,,1.1183561999999938,0.20916750000003503,,,,,139,0,139,0,682.3868209,,,,,,,,,,,,,,,,,,,,,,,,,,,,,,682.3704716999999,682.3868209,682.9034386,682.8704233999999,,,,,,,,,,,,,,,,,,,,,,,682.8962871,682.9034386,682.9034386,682.9034386,685.8867766,j,685.8868083,,,685.8868176999999,None,,,1.1183561999999938,0.20916750000003503,,,,,,,,,,00021,001,2025-11-10_14h42.14.279,MST_task,2024.2.2,61.04044662074591,2025-11-10 14h42.23.266625 +0530,
,Objects\103a.jpg,140,0,140,,,,,,,j,None,,,0.7145143999999846,0.16744649999998273,,,,,140,0,140,0,685.9033976,,,,,,,,,,,,,,,,,,,,,,,,,,,,,,685.8869079,685.9033976,686.4369791,686.3868643999999,,,,,,,,,,,,,,,,,,,,,,,686.4188725,686.4369791,686.4369791,686.4369791,689.4033549999999,j,689.4048967,,,689.4049081,None,,,0.7145143999999846,0.16744649999998273,,,,,,,,,,00021,001,2025-11-10_14h42.14.279,MST_task,2024.2.2,61.04044662074591,2025-11-10 14h42.23.266625 +0530,
,Objects\085a.jpg,141,0,141,,,,,,,j,None,,,1.8763447000000042,0.17405300000007173,,,,,141,0,141,0,689.4199921,,,,,,,,,,,,,,,,,,,,,,,,,,,,,,689.4049949,689.4199921,689.9532997,689.9035374,,,,,,,,,,,,,,,,,,,,,,,689.9359304,689.9532997,689.9532997,689.9532997,692.9199471,j,692.9199959,,,692.920006,None,,,1.8763447000000042,0.17405300000007173,,,,,,,,,,00021,001,2025-11-10_14h42.14.279,MST_task,2024.2.2,61.04044662074591,2025-11-10 14h42.23.266625 +0530,
,Objects\019a.jpg,142,0,142,,,,,,,j,None,,,2.0639057000000776,0.1905584999999519,,,,,142,0,142,0,692.9365405,,,,,,,,,,,,,,,,,,,,,,,,,,,,,,692.9200892,692.9365405,693.4532422999999,693.4201724999999,,,,,,,,,,,,,,,,,,,,,,,693.4436764999999,693.4532422999999,693.4532422999999,693.4532422999999,696.4532326,j,696.4532696,,,696.4532795,None,,,2.0639057000000776,0.1905584999999519,,,,,,,,,,00021,001,2025-11-10_14h42.14.279,MST_task,2024.2.2,61.04044662074591,2025-11-10 14h42.23.266625 +0530,
,Objects\123a.jpg,143,0,143,,,,,,,j,None,,,0.7324287999999797,0.13391500000000178,,,,,143,0,143,0,696.4698414,,,,,,,,,,,,,,,,,,,,,,,,,,,,,,696.4533379,696.4698414,696.9864946,696.9533097,,,,,,,,,,,,,,,,,,,,,,,696.9792408,696.9864946,696.9864946,696.9864946,699.9697904999999,j,699.969824,,,699.969833,None,,,0.7324287999999797,0.13391500000000178,,,,,,,,,,00021,001,2025-11-10_14h42.14.279,MST_task,2024.2.2,61.04044662074591,2025-11-10 14h42.23.266625 +0530,
,Objects\136a.jpg,144,0,144,,,,,,,f,None,,,1.0928034999999454,0.23347690000002785,,,,,144,0,144,0,699.9864269,,,,,,,,,,,,,,,,,,,,,,,,,,,,,,699.9698890999999,699.9864269,700.5031034,700.4698966999999,,,,,,,,,,,,,,,,,,,,,,,700.4979155999999,700.5031034,700.5031034,700.5031034,703.4863978,f,703.4864464999999,,,703.4864565,None,,,1.0928034999999454,0.23347690000002785,,,,,,,,,,00021,001,2025-11-10_14h42.14.279,MST_task,2024.2.2,61.04044662074591,2025-11-10 14h42.23.266625 +0530,
,Objects\015a.jpg,145,0,145,,,,,,,f,None,,,0.7498728000000483,0.26748410000004696,,,,,145,0,145,0,703.5030143,,,,,,,,,,,,,,,,,,,,,,,,,,,,,,703.4865576,703.5030143,704.0196354999999,703.9865778,,,,,,,,,,,,,,,,,,,,,,,704.0129466,704.0196354999999,704.0196354999999,704.0196354999999,707.0029713,f,707.0030072999999,,,707.0030173,None,,,0.7498728000000483,0.26748410000004696,,,,,,,,,,00021,001,2025-11-10_14h42.14.279,MST_task,2024.2.2,61.04044662074591,2025-11-10 14h42.23.266625 +0530,
,Objects\138a.jpg,146,0,146,,,,,,,j,None,,,1.5753470000000789,0.15338409999992564,,,,,146,0,146,0,707.0196109999999,,,,,,,,,,,,,,,,,,,,,,,,,,,,,,707.0031,707.0196109999999,707.5362422,707.503067,,,,,,,,,,,,,,,,,,,,,,,707.5267299999999,707.5362422,707.5362422,707.5362422,710.5196533999999,j,710.5196862,,,710.5196953999999,None,,,1.5753470000000789,0.15338409999992564,,,,,,,,,,00021,001,2025-11-10_14h42.14.279,MST_task,2024.2.2,61.04044662074591,2025-11-10 14h42.23.266625 +0530,
,Scenes\072a.jpg,147,0,147,,,,,,,j,None,,,1.2682901000000584,0.2136124999999538,,,,,147,0,147,0,710.536195,,,,,,,,,,,,,,,,,,,,,,,,,,,,,,710.519779,710.536195,711.0694831,711.0197974,,,,,,,,,,,,,,,,,,,,,,,711.0481999,711.0694831,711.0694831,711.0694831,714.0361474,j,714.0374105,,,714.0374221,None,,,1.2682901000000584,0.2136124999999538,,,,,,,,,,00021,001,2025-11-10_14h42.14.279,MST_task,2024.2.2,61.04044662074591,2025-11-10 14h42.23.266625 +0530,
,Scenes\121a.jpg,148,0,148,,,,,,,j,None,,,0.8907020999999986,0.13136919999999463,,,,,148,0,148,0,714.0527873999999,,,,,,,,,,,,,,,,,,,,,,,,,,,,,,714.0375088999999,714.0527873999999,714.5690417,714.5363135,,,,,,,,,,,,,,,,,,,,,,,714.5619786999999,714.5690417,714.5690417,714.5690417,717.5543094,j,717.5543572,,,717.5543672,None,,,0.8907020999999986,0.13136919999999463,,,,,,,,,,00021,001,2025-11-10_14h42.14.279,MST_task,2024.2.2,61.04044662074591,2025-11-10 14h42.23.266625 +0530,
,Scenes\174a.jpg,149,0,149,,,,,,,None,j,0.16305039999997462,None,,,,,,,149,0,149,0,717.569441,,,,,,,,,,,,,,,,,,,,,,,,,,,,,,717.5544751,717.569441,718.219481,718.0528343,,,,,,,,,,,,,,,,,,,,,,,718.2074169,718.219481,718.219481,718.219481,721.069455,None,721.0694864,721.0860203999999,721.0860203999999,721.2531202,j,0.16305039999997462,None,,,,,,,,,,,,00021,001,2025-11-10_14h42.14.279,MST_task,2024.2.2,61.04044662074591,2025-11-10 14h42.23.266625 +0530,
,Scenes\152a.jpg,150,0,150,,,,,,,j,None,,,0.7631616999999551,0.15074760000004517,,,,,150,0,150,0,721.2693777,,,,,,,,,,,,,,,,,,,,,,,,,,,,,,721.2531991999999,721.2693777,721.8026838,721.7528295999999,,,,,,,,,,,,,,,,,,,,,,,721.7923197,721.8026838,721.8026838,721.8026838,724.7693459999999,j,724.7693808,,,724.7693909999999,None,,,0.7631616999999551,0.15074760000004517,,,,,,,,,,00021,001,2025-11-10_14h42.14.279,MST_task,2024.2.2,61.04044662074591,2025-11-10 14h42.23.266625 +0530,
,Scenes\028a.jpg,151,0,151,,,,,,,j,None,,,0.6105863000000227,0.17045619999998962,,,,,151,0,151,0,724.7859383,,,,,,,,,,,,,,,,,,,,,,,,,,,,,,724.7694779999999,724.7859383,725.3027147,725.2695433,,,,,,,,,,,,,,,,,,,,,,,725.2913168,725.3027147,725.3027147,725.3027147,728.2859725999999,j,728.2860071,,,728.286018,None,,,0.6105863000000227,0.17045619999998962,,,,,,,,,,00021,001,2025-11-10_14h42.14.279,MST_task,2024.2.2,61.04044662074591,2025-11-10 14h42.23.266625 +0530,
,Scenes\091a.jpg,152,0,152,,,,,,,j,None,,,0.5831519000000753,0.14994149999995443,,,,,152,0,152,0,728.3025501,,,,,,,,,,,,,,,,,,,,,,,,,,,,,,728.2861061,728.3025501,728.8358795,728.7860694999999,,,,,,,,,,,,,,,,,,,,,,,728.821238,728.8358795,728.8358795,728.8358795,731.8024534,j,731.8024878,,,731.8024987,None,,,0.5831519000000753,0.14994149999995443,,,,,,,,,,00021,001,2025-11-10_14h42.14.279,MST_task,2024.2.2,61.04044662074591,2025-11-10 14h42.23.266625 +0530,
,Scenes\037a.jpg,153,0,153,,,,,,,j,None,,,1.7046512000000575,0.2105099999999993,,,,,153,0,153,0,731.8191151,,,,,,,,,,,,,,,,,,,,,,,,,,,,,,731.8025906,731.8191151,732.3528256,732.3025805,,,,,,,,,,,,,,,,,,,,,,,732.3348261,732.3528256,732.3528256,732.3528256,735.3190840999999,j,735.3191193,,,735.3191297,None,,,1.7046512000000575,0.2105099999999993,,,,,,,,,,00021,001,2025-11-10_14h42.14.279,MST_task,2024.2.2,61.04044662074591,2025-11-10 14h42.23.266625 +0530,
,Objects\009a.jpg,154,0,154,,,,,,,None,f,0.5928985000000466,None,,,,,,,154,0,154,0,735.3358144,,,,,,,,,,,,,,,,,,,,,,,,,,,,,,735.3191895,735.3358144,735.8523708,735.8192038,,,,,,,,,,,,,,,,,,,,,,,735.8443215,735.8523708,735.8523708,735.8523708,738.8356888999999,None,738.8371457,738.8523253,738.8523253,739.4526591,f,0.5928985000000466,None,,,,,,,,,,,,00021,001,2025-11-10_14h42.14.279,MST_task,2024.2.2,61.04044662074591,2025-11-10 14h42.23.266625 +0530,
,Objects\181a.jpg,155,0,155,,,,,,,j,None,,,1.477103100000022,0.21443250000004355,,,,,155,0,155,0,739.4689761999999,,,,,,,,,,,,,,,,,,,,,,,,,,,,,,739.4527337,739.4689761999999,740.0023464999999,739.9524485,,,,,,,,,,,,,,,,,,,,,,,739.9831133,740.0023464999999,740.0023464999999,740.0023464999999,742.9689816,j,742.9690176,,,742.9690286,None,,,1.477103100000022,0.21443250000004355,,,,,,,,,,00021,001,2025-11-10_14h42.14.279,MST_task,2024.2.2,61.04044662074591,2025-11-10 14h42.23.266625 +0530,
,Objects\139a.jpg,156,0,156,,,,,,,f,None,,,1.1245400000000245,0.22584900000003927,,,,,156,0,156,0,742.9855608,,,,,,,,,,,,,,,,,,,,,,,,,,,,,,742.9690875,742.9855608,743.5188594,743.4691053,,,,,,,,,,,,,,,,,,,,,,,743.5004425,743.5188594,743.5188594,743.5188594,746.4855208,f,746.485556,,,746.4855661,None,,,1.1245400000000245,0.22584900000003927,,,,,,,,,,00021,001,2025-11-10_14h42.14.279,MST_task,2024.2.2,61.04044662074591,2025-11-10 14h42.23.266625 +0530,
,Objects\010a.jpg,157,0,157,,,,,,,f,None,,,0.7646333000000141,0.25197590000004766,,,,,157,0,157,0,746.5021856999999,,,,,,,,,,,,,,,,,,,,,,,,,,,,,,746.4856245999999,746.5021856999999,747.0187817,746.9856459,,,,,,,,,,,,,,,,,,,,,,,747.0097896,747.0187817,747.0187817,747.0187817,750.0021444,f,750.0021821,,,750.0021919999999,None,,,0.7646333000000141,0.25197590000004766,,,,,,,,,,00021,001,2025-11-10_14h42.14.279,MST_task,2024.2.2,61.04044662074591,2025-11-10 14h42.23.266625 +0530,
,Objects\179a.jpg,158,0,158,,,,,,,f,None,,,0.6943687000000409,0.20628949999991164,,,,,158,0,158,0,750.0187503,,,,,,,,,,,,,,,,,,,,,,,,,,,,,,750.0022546,750.0187503,750.535383,750.5022283999999,,,,,,,,,,,,,,,,,,,,,,,750.5276403,750.535383,750.535383,750.535383,753.518751,f,753.5187876,,,753.5187979,None,,,0.6943687000000409,0.20628949999991164,,,,,,,,,,00021,001,2025-11-10_14h42.14.279,MST_task,2024.2.2,61.04044662074591,2025-11-10 14h42.23.266625 +0530,
,Objects\107a.jpg,159,0,159,,,,,,,j,None,,,0.8598445000000083,0.1579494000000068,,,,,159,0,159,0,753.5353126,,,,,,,,,,,,,,,,,,,,,,,,,,,,,,753.5188972,753.5353126,754.0519286,754.0188739,,,,,,,,,,,,,,,,,,,,,,,754.0481717,754.0519286,754.0519286,754.0519286,757.0353203999999,j,757.0353593,,,757.0353689,None,,,0.8598445000000083,0.1579494000000068,,,,,,,,,,00021,001,2025-11-10_14h42.14.279,MST_task,2024.2.2,61.04044662074591,2025-11-10 14h42.23.266625 +0530,
,Objects\177a.jpg,160,0,160,,,,,,,j,None,,,1.1832304999999224,0.269742400000041,,,,,160,0,160,0,757.0518888,,,,,,,,,,,,,,,,,,,,,,,,,,,,,,757.0354606999999,757.0518888,757.5686122999999,757.5353564,,,,,,,,,,,,,,,,,,,,,,,757.5617419,757.5686122999999,757.5686122999999,757.5686122999999,760.5517939,j,760.5518291999999,,,760.5518403,None,,,1.1832304999999224,0.269742400000041,,,,,,,,,,00021,001,2025-11-10_14h42.14.279,MST_task,2024.2.2,61.04044662074591,2025-11-10 14h42.23.266625 +0530,
,Scenes\122a.jpg,161,0,161,,,,,,,f,None,,,2.0611876000000393,0.2587599999999384,,,,,161,0,161,0,760.5684411999999,,,,,,,,,,,,,,,,,,,,,,,,,,,,,,760.5519282,760.5684411999999,761.1017575,761.0518989999999,,,,,,,,,,,,,,,,,,,,,,,761.0835641,761.1017575,761.1017575,761.1017575,764.0683956,f,764.0697046,,,764.0697160999999,None,,,2.0611876000000393,0.2587599999999384,,,,,,,,,,00021,001,2025-11-10_14h42.14.279,MST_task,2024.2.2,61.04044662074591,2025-11-10 14h42.23.266625 +0530,
,Scenes\142a.jpg,162,0,162,,,,,,,j,None,,,2.133349400000043,0.17764599999998154,,,,,162,0,162,0,764.0850144,,,,,,,,,,,,,,,,,,,,,,,,,,,,,,764.0698007,764.0850144,764.6183000999999,764.568482,,,,,,,,,,,,,,,,,,,,,,,764.6029510999999,764.6183000999999,764.6183000999999,764.6183000999999,767.5850164999999,j,767.5850558,,,767.5850657999999,None,,,2.133349400000043,0.17764599999998154,,,,,,,,,,00021,001,2025-11-10_14h42.14.279,MST_task,2024.2.2,61.04044662074591,2025-11-10 14h42.23.266625 +0530,
,Scenes\178a.jpg,163,0,163,,,,,,,j,None,,,1.158009399999969,0.1575599999999895,,,,,163,0,163,0,767.601602,,,,,,,,,,,,,,,,,,,,,,,,,,,,,,767.5851546,767.601602,768.1182397,768.085074,,,,,,,,,,,,,,,,,,,,,,,768.1091723,768.1182397,768.1182397,768.1182397,771.1015535,j,771.1015866,,,771.1015960999999,None,,,1.158009399999969,0.1575599999999895,,,,,,,,,,00021,001,2025-11-10_14h42.14.279,MST_task,2024.2.2,61.04044662074591,2025-11-10 14h42.23.266625 +0530,
,Scenes\127a.jpg,164,0,164,,,,,,,j,None,,,0.6656266999999616,0.114410600000042,,,,,164,0,164,0,771.118189,,,,,,,,,,,,,,,,,,,,,,,,,,,,,,771.1016511,771.118189,771.6517583,771.6017702,,,,,,,,,,,,,,,,,,,,,,,771.6361492999999,771.6517583,771.6517583,771.6517583,774.6181398,j,774.6181725,,,774.6181823,None,,,0.6656266999999616,0.114410600000042,,,,,,,,,,00021,001,2025-11-10_14h42.14.279,MST_task,2024.2.2,61.04044662074591,2025-11-10 14h42.23.266625 +0530,
,Scenes\083a.jpg,165,0,165,,,,,,,j,None,,,0.5977288000000271,0.2063872999999603,,,,,165,0,165,0,774.6347878,,,,,,,,,,,,,,,,,,,,,,,,,,,,,,774.6182665,774.6347878,,775.118266,,,,,,,,,,,,,,,,,,,,,,,775.1353798,775.151436,775.151436,775.151436,778.1347373,j,778.1347713,,,778.1347796,None,,,0.5977288000000271,0.2063872999999603,,,,,,,,,,00021,001,2025-11-10_14h42.14.279,MST_task,2024.2.2,61.04044662074591,2025-11-10 14h42.23.266625 +0530,
,Scenes\086a.jpg,166,0,166,,,,,,,j,None,,,0.940921200000048,0.07482179999999516,,,,,166,0,166,0,778.1513785,,,,,,,,,,,,,,,,,,,,,,,,,,,,,,778.1348691,778.1513785,,778.6348616,,,,,,,,,,,,,,,,,,,,,,,778.6597889,778.6680347,778.6680347,778.6680347,781.6513259999999,j,781.6513767,,,781.6513851999999,None,,,0.940921200000048,0.07482179999999516,,,,,,,,,,00021,001,2025-11-10_14h42.14.279,MST_task,2024.2.2,61.04044662074591,2025-11-10 14h42.23.266625 +0530,
,Scenes\118a.jpg,167,0,167,,,,,,,j,None,,,0.7143118000000186,0.22570819999998548,,,,,167,0,167,0,781.6679644,,,,,,,,,,,,,,,,,,,,,,,,,,,,,,781.6514436,781.6679644,782.2012483999999,782.1513975,,,,,,,,,,,,,,,,,,,,,,,782.1821774,782.2012483999999,782.2012483999999,782.2012483999999,785.1679177,j,785.167952,,,785.1679621,None,,,0.7143118000000186,0.22570819999998548,,,,,,,,,,00021,001,2025-11-10_14h42.14.279,MST_task,2024.2.2,61.04044662074591,2025-11-10 14h42.23.266625 +0530,
,Objects\090a.jpg,168,0,168,,,,,,,j,None,,,2.7140423000000737,0.08038499999997839,,,,,168,0,168,0,785.1845195999999,,,,,,,,,,,,,,,,,,,,,,,,,,,,,,785.1680516,785.1845195999999,785.70138,785.6681152,,,,,,,,,,,,,,,,,,,,,,,785.6956276,785.70138,785.70138,785.70138,788.6845042,j,788.6859332,,,788.6859448,None,,,2.7140423000000737,0.08038499999997839,,,,,,,,,,00021,001,2025-11-10_14h42.14.279,MST_task,2024.2.2,61.04044662074591,2025-11-10 14h42.23.266625 +0530,
,Objects\008a.jpg,169,0,169,,,,,,,f,None,,,1.28168340000002,0.2359880000000203,,,,,169,0,169,0,788.7010961999999,,,,,,,,,,,,,,,,,,,,,,,,,,,,,,788.6860001,788.7010961999999,789.2178054,789.1845516999999,,,,,,,,,,,,,,,,,,,,,,,789.2090069,789.2178054,789.2178054,789.2178054,792.2010586,f,792.2010912,,,792.2011014999999,None,,,1.28168340000002,0.2359880000000203,,,,,,,,,,00021,001,2025-11-10_14h42.14.279,MST_task,2024.2.2,61.04044662074591,2025-11-10 14h42.23.266625 +0530,
,Objects\086a.jpg,170,0,170,,,,,,,j,None,,,1.0414945999999645,0.08374360000004799,,,,,170,0,170,0,792.2177266,,,,,,,,,,,,,,,,,,,,,,,,,,,,,,792.2011838999999,792.2177266,792.7343432,792.7012525,,,,,,,,,,,,,,,,,,,,,,,792.7199525,792.7343432,792.7343432,792.7343432,795.7176908999999,j,795.717724,,,795.7177338999999,None,,,1.0414945999999645,0.08374360000004799,,,,,,,,,,00021,001,2025-11-10_14h42.14.279,MST_task,2024.2.2,61.04044662074591,2025-11-10 14h42.23.266625 +0530,
,Objects\022a.jpg,171,0,171,,,,,,,None,j,1.614069900000004,None,,,,,,,171,0,171,0,795.7343193,,,,,,,,,,,,,,,,,,,,,,,,,,,,,,795.7178281999999,795.7343193,796.2676032,796.2177869000001,,,,,,,,,,,,,,,,,,,,,,,796.2607019999999,796.2676032,796.2676032,796.2676032,799.2343777,None,799.2344118,799.2509139,799.2509139,800.867969,j,1.614069900000004,None,,,,,,,,,,,,00021,001,2025-11-10_14h42.14.279,MST_task,2024.2.2,61.04044662074591,2025-11-10 14h42.23.266625 +0530,
,Objects\145a.jpg,172,0,172,,,,,,,f,None,,,1.0284916000000521,0.23190969999996014,,,,,172,0,172,0,800.8841994,,,,,,,,,,,,,,,,,,,,,,,,,,,,,,800.8680473999999,800.8841994,801.4008261,801.3676830999999,,,,,,,,,,,,,,,,,,,,,,,801.3967658,801.4008261,801.4008261,801.4008261,804.3841755,f,804.3842108,,,804.3842212000001,None,,,1.0284916000000521,0.23190969999996014,,,,,,,,,,00021,001,2025-11-10_14h42.14.279,MST_task,2024.2.2,61.04044662074591,2025-11-10 14h42.23.266625 +0530,
,Objects\186a.jpg,173,0,173,,,,,,,None,f,3.5202923000001647,None,,,,,,,173,0,173,0,804.4007909000001,,,,,,,,,,,,,,,,,,,,,,,,,,,,,,804.3843066999999,804.4007909000001,,804.8842888,,,,,,,,,,,,,,,,,,,,,,,804.9085509999999,804.9174098,804.9174098,804.9174098,807.9007581,None,807.90079,807.9173542,807.9173542,811.4509216999999,f,3.5202923000001647,None,,,,,,,,,,,,00021,001,2025-11-10_14h42.14.279,MST_task,2024.2.2,61.04044662074591,2025-11-10 14h42.23.266625 +0530,
,Objects\018a.jpg,174,0,174,,,,,,,j,None,,,2.170165900000029,0.11429449999991448,,,,,174,0,174,0,811.4673134000001,,,,,,,,,,,,,,,,,,,,,,,,,,,,,,811.4510005999999,811.4673134000001,812.0006273999999,811.9508153,,,,,,,,,,,,,,,,,,,,,,,811.9809463,812.0006273999999,812.0006273999999,812.0006273999999,814.9672803,j,814.967321,,,814.9673308,None,,,2.170165900000029,0.11429449999991448,,,,,,,,,,00021,001,2025-11-10_14h42.14.279,MST_task,2024.2.2,61.04044662074591,2025-11-10 14h42.23.266625 +0530,
,Scenes\163a.jpg,175,0,175,,,,,,,j,None,,,2.052691500000037,0.22224229999983436,,,,,175,0,175,0,814.9838848,,,,,,,,,,,,,,,,,,,,,,,,,,,,,,814.9673908000001,814.9838848,815.5005061999999,815.4674199,,,,,,,,,,,,,,,,,,,,,,,815.4928037999999,815.5005061999999,815.5005061999999,815.5005061999999,818.4838659000001,j,818.4849948,,,818.4850064000001,None,,,2.052691500000037,0.22224229999983436,,,,,,,,,,00021,001,2025-11-10_14h42.14.279,MST_task,2024.2.2,61.04044662074591,2025-11-10 14h42.23.266625 +0530,
,Scenes\125a.jpg,176,0,176,,,,,,,j,None,,,2.363051300000052,0.168836199999987,,,,,176,0,176,0,818.5004719,,,,,,,,,,,,,,,,,,,,,,,,,,,,,,818.4850921999999,818.5004719,819.0337933,818.9839516999999,,,,,,,,,,,,,,,,,,,,,,,819.0158697999999,819.0337933,819.0337933,819.0337933,822.0004780999999,j,822.0005121999999,,,822.0005242000001,None,,,2.363051300000052,0.168836199999987,,,,,,,,,,00021,001,2025-11-10_14h42.14.279,MST_task,2024.2.2,61.04044662074591,2025-11-10 14h42.23.266625 +0530,
,Scenes\171a.jpg,177,0,177,,,,,,,f,None,,,0.7608778999999686,0.28184779999992315,,,,,177,0,177,0,822.0170815999999,,,,,,,,,,,,,,,,,,,,,,,,,,,,,,822.0006124,822.0170815999999,822.5509377,822.5005341,,,,,,,,,,,,,,,,,,,,,,,822.5390942,822.5509377,822.5509377,822.5509377,825.5170282,f,825.5170688,,,825.5170787999999,None,,,0.7608778999999686,0.28184779999992315,,,,,,,,,,00021,001,2025-11-10_14h42.14.279,MST_task,2024.2.2,61.04044662074591,2025-11-10 14h42.23.266625 +0530,
,Scenes\136a.jpg,178,0,178,,,,,,,f,None,,,2.060900199999878,0.257041000000072,,,,,178,0,178,0,825.533656,,,,,,,,,,,,,,,,,,,,,,,,,,,,,,825.5171667999999,825.533656,826.0669403,826.0171193,,,,,,,,,,,,,,,,,,,,,,,826.0497726,826.0669403,826.0669403,826.0669403,829.0337243999999,f,829.0337601,,,829.0337715,None,,,2.060900199999878,0.257041000000072,,,,,,,,,,00021,001,2025-11-10_14h42.14.279,MST_task,2024.2.2,61.04044662074591,2025-11-10 14h42.23.266625 +0530,
,Scenes\189a.jpg,179,0,179,,,,,,,j,None,,,1.121847900000148,0.15564299999982723,,,,,179,0,179,0,829.0502112999999,,,,,,,,,,,,,,,,,,,,,,,,,,,,,,829.033861,829.0502112999999,829.5835318000001,829.5337671999999,,,,,,,,,,,,,,,,,,,,,,,829.5687411,829.5835318000001,829.5835318000001,829.5835318000001,832.5502195999999,j,832.5502531999999,,,832.5502633,None,,,1.121847900000148,0.15564299999982723,,,,,,,,,,00021,001,2025-11-10_14h42.14.279,MST_task,2024.2.2,61.04044662074591,2025-11-10 14h42.23.266625 +0530,
,Scenes\076a.jpg,180,0,180,,,,,,,j,None,,,1.0268909999999778,0.18571569999994608,,,,,180,0,180,0,832.5668067,,,,,,,,,,,,,,,,,,,,,,,,,,,,,,832.5503183,832.5668067,833.1004879000001,833.0503763999999,,,,,,,,,,,,,,,,,,,,,,,833.0866242999999,833.1004879000001,833.1004879000001,833.1004879000001,836.0667809,j,836.0668153,,,836.0668245,None,,,1.0268909999999778,0.18571569999994608,,,,,,,,,,00021,001,2025-11-10_14h42.14.279,MST_task,2024.2.2,61.04044662074591,2025-11-10 14h42.23.266625 +0530,
,Scenes\154a.jpg,181,0,181,,,,,,,j,None,,,1.0424031999998533,0.22534280000013496,,,,,181,0,181,0,836.0834282,,,,,,,,,,,,,,,,,,,,,,,,,,,,,,836.0669108999999,836.0834282,836.6000869999999,836.566891,,,,,,,,,,,,,,,,,,,,,,,836.5933036,836.6000869999999,836.6000869999999,836.6000869999999,839.5833681,j,839.5834085,,,839.5834194999999,None,,,1.0424031999998533,0.22534280000013496,,,,,,,,,,00021,001,2025-11-10_14h42.14.279,MST_task,2024.2.2,61.04044662074591,2025-11-10 14h42.23.266625 +0530,
,Objects\142a.jpg,182,0,182,,,,,,,f,None,,,2.078612499999963,0.22137590000011187,,,,,182,0,182,0,839.6000183,,,,,,,,,,,,,,,,,,,,,,,,,,,,,,839.5835152000001,839.6000183,840.1169429,840.0835166,,,,,,,,,,,,,,,,,,,,,,,840.1092995,840.1169429,840.1169429,840.1169429,843.1000006,f,843.1015193,,,843.1015305,None,,,2.078612499999963,0.22137590000011187,,,,,,,,,,00021,001,2025-11-10_14h42.14.279,MST_task,2024.2.2,61.04044662074591,2025-11-10 14h42.23.266625 +0530,
,Objects\178a.jpg,183,0,183,,,,,,,None,f,0.8764515000000301,None,,,,,,,183,0,183,0,843.1165961,,,,,,,,,,,,,,,,,,,,,,,,,,,,,,843.1016146999999,843.1165961,843.6332263,843.6000496999999,,,,,,,,,,,,,,,,,,,,,,,843.6254703999999,843.6332263,843.6332263,843.6332263,846.6165814,None,846.6166122000001,846.6331956999999,846.6331956999999,847.5167679,f,0.8764515000000301,None,,,,,,,,,,,,00021,001,2025-11-10_14h42.14.279,MST_task,2024.2.2,61.04044662074591,2025-11-10 14h42.23.266625 +0530,
,Objects\031a.jpg,184,0,184,,,,,,,j,None,,,0.655412399999932,0.18617100000005848,,,,,184,0,184,0,847.5331689999999,,,,,,,,,,,,,,,,,,,,,,,,,,,,,,847.5168362000001,847.5331689999999,848.049838,848.0167622999999,,,,,,,,,,,,,,,,,,,,,,,848.0333881,848.049838,848.049838,848.049838,851.0331493,j,851.0331895,,,851.0332,None,,,0.655412399999932,0.18617100000005848,,,,,,,,,,00021,001,2025-11-10_14h42.14.279,MST_task,2024.2.2,61.04044662074591,2025-11-10 14h42.23.266625 +0530,
,Objects\089a.jpg,185,0,185,,,,,,,j,None,,,0.7348497000000407,0.20255580000002738,,,,,185,0,185,0,851.0497635,,,,,,,,,,,,,,,,,,,,,,,,,,,,,,851.0332912,851.0497635,851.5664120999999,851.5332322999999,,,,,,,,,,,,,,,,,,,,,,,851.5494098,851.5664120999999,851.5664120999999,851.5664120999999,854.5497406000001,j,854.5497793000001,,,854.5497896,None,,,0.7348497000000407,0.20255580000002738,,,,,,,,,,00021,001,2025-11-10_14h42.14.279,MST_task,2024.2.2,61.04044662074591,2025-11-10 14h42.23.266625 +0530,
,Objects\159a.jpg,186,0,186,,,,,,,f,None,,,0.9758561999999529,0.2885257000000365,,,,,186,0,186,0,854.5663467,,,,,,,,,,,,,,,,,,,,,,,,,,,,,,854.5498825999999,854.5663467,855.0829731,855.0499598999999,,,,,,,,,,,,,,,,,,,,,,,855.07435,855.0829731,855.0829731,855.0829731,858.0663291,f,858.0663627999999,,,858.0663719999999,None,,,0.9758561999999529,0.2885257000000365,,,,,,,,,,00021,001,2025-11-10_14h42.14.279,MST_task,2024.2.2,61.04044662074591,2025-11-10 14h42.23.266625 +0530,
,Objects\151a.jpg,187,0,187,,,,,,,f,None,,,1.2773160000001553,0.24875669999983074,,,,,187,0,187,0,858.0829307999999,,,,,,,,,,,,,,,,,,,,,,,,,,,,,,858.0664731,858.0829307999999,858.599562,858.5664318999999,,,,,,,,,,,,,,,,,,,,,,,858.5954751,858.599562,858.599562,858.599562,861.5829118,f,861.5829451999999,,,861.5829554000001,None,,,1.2773160000001553,0.24875669999983074,,,,,,,,,,00021,001,2025-11-10_14h42.14.279,MST_task,2024.2.2,61.04044662074591,2025-11-10 14h42.23.266625 +0530,
,Objects\029a.jpg,188,0,188,,,,,,,f,None,,,1.2593529000000672,0.2539676999999756,,,,,188,0,188,0,861.5994855,,,,,,,,,,,,,,,,,,,,,,,,,,,,,,861.5830124999999,861.5994855,862.1161900999999,862.0830027999999,,,,,,,,,,,,,,,,,,,,,,,862.1024908999999,862.1161900999999,862.1161900999999,862.1161900999999,865.0995125000001,f,865.0995492999999,,,865.0995594,None,,,1.2593529000000672,0.2539676999999756,,,,,,,,,,00021,001,2025-11-10_14h42.14.279,MST_task,2024.2.2,61.04044662074591,2025-11-10 14h42.23.266625 +0530,
,Scenes\109a.jpg,189,0,189,,,,,,,j,None,,,1.5984765999999127,0.2614911000000575,,,,,189,0,189,0,865.1160842,,,,,,,,,,,,,,,,,,,,,,,,,,,,,,865.0996483999999,865.1160842,865.6329878999999,865.5995901,,,,,,,,,,,,,,,,,,,,,,,865.6247162999999,865.6329878999999,865.6329878999999,865.6329878999999,868.6160563,j,868.6172118999999,,,868.6172235,None,,,1.5984765999999127,0.2614911000000575,,,,,,,,,,00021,001,2025-11-10_14h42.14.279,MST_task,2024.2.2,61.04044662074591,2025-11-10 14h42.23.266625 +0530,
,Scenes\012a.jpg,190,0,190,,,,,,,j,None,,,1.0000683999999183,0.2507083000000421,,,,,190,0,190,0,868.6327224,,,,,,,,,,,,,,,,,,,,,,,,,,,,,,868.6172829000001,868.6327224,869.1490938999999,869.1162914,,,,,,,,,,,,,,,,,,,,,,,869.1430065999999,869.1490938999999,869.1490938999999,869.1490938999999,872.1326903999999,j,872.1327292,,,872.1327418,None,,,1.0000683999999183,0.2507083000000421,,,,,,,,,,00021,001,2025-11-10_14h42.14.279,MST_task,2024.2.2,61.04044662074591,2025-11-10 14h42.23.266625 +0530,
,Scenes\008a.jpg,191,0,191,,,,,,,f,None,,,1.35894959999996,0.30768319999992855,,,,,191,0,191,0,872.1492963,,,,,,,,,,,,,,,,,,,,,,,,,,,,,,872.1328249,872.1492963,872.6662095999999,872.6327765,,,,,,,,,,,,,,,,,,,,,,,872.6571633,872.6662095999999,872.6662095999999,872.6662095999999,875.6492734,f,875.6493073999999,,,875.6493176,None,,,1.35894959999996,0.30768319999992855,,,,,,,,,,00021,001,2025-11-10_14h42.14.279,MST_task,2024.2.2,61.04044662074591,2025-11-10 14h42.23.266625 +0530,
,Scenes\088a.jpg,192,0,192,,,,,,,j,None,,,0.7560620000001563,0.18429299999979776,,,,,192,0,192,0,875.6658828000001,,,,,,,,,,,,,,,,,,,,,,,,,,,,,,875.6493764,875.6658828000001,876.1827116000001,876.1494541000001,,,,,,,,,,,,,,,,,,,,,,,876.1728090999999,876.1827116000001,876.1827116000001,876.1827116000001,879.1658855,j,879.1659281999999,,,879.1659397,None,,,0.7560620000001563,0.18429299999979776,,,,,,,,,,00021,001,2025-11-10_14h42.14.279,MST_task,2024.2.2,61.04044662074591,2025-11-10 14h42.23.266625 +0530,
,Scenes\069a.jpg,193,0,193,,,,,,,j,None,,,0.7299074999998538,0.13818990000004305,,,,,193,0,193,0,879.1825373,,,,,,,,,,,,,,,,,,,,,,,,,,,,,,879.1660286,879.1825373,879.6992578999999,879.6659771999999,,,,,,,,,,,,,,,,,,,,,,,879.6823267999999,879.6992578999999,879.6992578999999,879.6992578999999,882.6824424,j,882.6824793,,,882.6824895999999,None,,,0.7299074999998538,0.13818990000004305,,,,,,,,,,00021,001,2025-11-10_14h42.14.279,MST_task,2024.2.2,61.04044662074591,2025-11-10 14h42.23.266625 +0530,
,Scenes\112a.jpg,194,0,194,,,,,,,j,None,,,1.8353053999999247,0.19756690000008348,,,,,194,0,194,0,882.6990576,,,,,,,,,,,,,,,,,,,,,,,,,,,,,,882.6825788,882.6990576,883.2325271000001,883.1826588,,,,,,,,,,,,,,,,,,,,,,,883.209379,883.2325271000001,883.2325271000001,883.2325271000001,886.1990271000001,j,886.1990597999999,,,886.1990694,None,,,1.8353053999999247,0.19756690000008348,,,,,,,,,,00021,001,2025-11-10_14h42.14.279,MST_task,2024.2.2,61.04044662074591,2025-11-10 14h42.23.266625 +0530,
,Scenes\162a.jpg,195,0,195,,,,,,,j,None,,,0.5866192999999384,0.19434129999990546,,,,,195,0,195,0,886.2156484999999,,,,,,,,,,,,,,,,,,,,,,,,,,,,,,886.1991245999999,886.2156484999999,886.7322725999999,886.6991242,,,,,,,,,,,,,,,,,,,,,,,886.7228982999999,886.7322725999999,886.7322725999999,886.7322725999999,889.7156214999999,j,889.7156538999999,,,889.7156632,None,,,0.5866192999999384,0.19434129999990546,,,,,,,,,,00021,001,2025-11-10_14h42.14.279,MST_task,2024.2.2,61.04044662074591,2025-11-10 14h42.23.266625 +0530,
,Objects\003a.jpg,196,0,196,,,,,,,j,None,,,2.004033500000105,0.21844889999988482,,,,,196,0,196,0,889.7322313000001,,,,,,,,,,,,,,,,,,,,,,,,,,,,,,889.7157487000001,889.7322313000001,890.2491641999999,890.2157298000001,,,,,,,,,,,,,,,,,,,,,,,890.2384745999999,890.2491641999999,890.2491641999999,890.2491641999999,893.2322151,j,893.2336551,,,893.2336669,None,,,2.004033500000105,0.21844889999988482,,,,,,,,,,00021,001,2025-11-10_14h42.14.279,MST_task,2024.2.2,61.04044662074591,2025-11-10 14h42.23.266625 +0530,
,Objects\111a.jpg,197,0,197,,,,,,,j,None,,,1.8775470000000496,0.1300039000000197,,,,,197,0,197,0,893.2488302,,,,,,,,,,,,,,,,,,,,,,,,,,,,,,893.2337246000001,893.2488302,893.7654518999999,893.7322897,,,,,,,,,,,,,,,,,,,,,,,893.7594146,893.7654518999999,893.7654518999999,893.7654518999999,896.7488384,j,896.7488714,,,896.7488812999999,None,,,1.8775470000000496,0.1300039000000197,,,,,,,,,,00021,001,2025-11-10_14h42.14.279,MST_task,2024.2.2,61.04044662074591,2025-11-10 14h42.23.266625 +0530,
,Objects\087a.jpg,198,0,198,,,,,,,j,None,,,1.097373399999924,0.2274793999999929,,,,,198,0,198,0,896.7653781,,,,,,,,,,,,,,,,,,,,,,,,,,,,,,896.7489648,896.7653781,897.2820386,897.2488901999999,,,,,,,,,,,,,,,,,,,,,,,897.2781636999999,897.2820386,897.2820386,897.2820386,900.2653612,j,900.2653944,,,900.2654044,None,,,1.097373399999924,0.2274793999999929,,,,,,,,,,00021,001,2025-11-10_14h42.14.279,MST_task,2024.2.2,61.04044662074591,2025-11-10 14h42.23.266625 +0530,
,Objects\164a.jpg,199,0,199,,,,,,,f,None,,,0.9421856999999818,0.22499819999984538,,,,,199,0,199,0,900.2820097,,,,,,,,,,,,,,,,,,,,,,,,,,,,,,900.2654916999999,900.2820097,900.8152948000001,900.7654782000001,,,,,,,,,,,,,,,,,,,,,,,900.7969898,900.8152948000001,900.8152948000001,900.8152948000001,903.7819288,f,903.7819613999999,,,903.7819711999999,None,,,0.9421856999999818,0.22499819999984538,,,,,,,,,,00021,001,2025-11-10_14h42.14.279,MST_task,2024.2.2,61.04044662074591,2025-11-10 14h42.23.266625 +0530,
,Objects\052a.jpg,200,0,200,,,,,,,f,None,,,1.738023099999964,0.2181028999998489,,,,,200,0,200,0,903.7986030000001,,,,,,,,,,,,,,,,,,,,,,,,,,,,,,903.7820518,903.7986030000001,904.3152291999999,904.2821527,,,,,,,,,,,,,,,,,,,,,,,904.3046294,904.3152291999999,904.3152291999999,904.3152291999999,907.2986646,f,907.2987038,,,907.2987161,None,,,1.738023099999964,0.2181028999998489,,,,,,,,,,00021,001,2025-11-10_14h42.14.279,MST_task,2024.2.2,61.04044662074591,2025-11-10 14h42.23.266625 +0530,
,Objects\167a.jpg,201,0,201,,,,,,,None,f,2.5216569000001527,None,,,,,,,201,0,201,0,907.3151741,,,,,,,,,,,,,,,,,,,,,,,,,,,,,,907.2987746,907.3151741,907.848501,907.7987119999999,,,,,,,,,,,,,,,,,,,,,,,907.8298676000001,907.848501,907.848501,907.848501,910.8151411,None,910.8151704999999,910.8317754000001,910.8317754000001,913.3653487,f,2.5216569000001527,None,,,,,,,,,,,,00021,001,2025-11-10_14h42.14.279,MST_task,2024.2.2,61.04044662074591,2025-11-10 14h42.23.266625 +0530,
,Objects\023a.jpg,202,0,202,,,,,,,f,None,,,1.2364723000000595,0.268913399999974,,,,,202,0,202,0,913.3816828999999,,,,,,,,,,,,,,,,,,,,,,,,,,,,,,913.3654341,913.3816828999999,913.9150043999999,913.8653237,,,,,,,,,,,,,,,,,,,,,,,913.8953664,913.9150043999999,913.9150043999999,913.9150043999999,916.8816771999999,f,916.8817137,,,916.8817241,None,,,1.2364723000000595,0.268913399999974,,,,,,,,,,00021,001,2025-11-10_14h42.14.279,MST_task,2024.2.2,61.04044662074591,2025-11-10 14h42.23.266625 +0530,
,Scenes\182a.jpg,203,0,203,,,,,,,j,None,,,1.048278099999834,0.36022219999995286,,,,,203,0,203,0,916.8982688,,,,,,,,,,,,,,,,,,,,,,,,,,,,,,916.8817814999999,916.8982688,917.4149601,917.3818928,,,,,,,,,,,,,,,,,,,,,,,917.4045662,917.4149601,917.4149601,917.4149601,920.3982279999999,j,920.3994286999999,,,920.3994402,None,,,1.048278099999834,0.36022219999995286,,,,,,,,,,00021,001,2025-11-10_14h42.14.279,MST_task,2024.2.2,61.04044662074591,2025-11-10 14h42.23.266625 +0530,
,Scenes\168a.jpg,204,0,204,,,,,,,j,None,,,1.5345686999999089,0.23023170000010396,,,,,204,0,204,0,920.4148908000001,,,,,,,,,,,,,,,,,,,,,,,,,,,,,,920.3994964,920.4148908000001,920.9484855,920.8983803,,,,,,,,,,,,,,,,,,,,,,,920.9359389,920.9484855,920.9484855,920.9484855,923.9148343,j,923.9148669,,,923.9148767999999,None,,,1.5345686999999089,0.23023170000010396,,,,,,,,,,00021,001,2025-11-10_14h42.14.279,MST_task,2024.2.2,61.04044662074591,2025-11-10 14h42.23.266625 +0530,
,Scenes\042a.jpg,205,0,205,,,,,,,j,None,,,0.819195499999978,0.19512159999999312,,,,,205,0,205,0,923.9314914999999,,,,,,,,,,,,,,,,,,,,,,,,,,,,,,923.9149337,923.9314914999999,,924.4149042999999,,,,,,,,,,,,,,,,,,,,,,,924.4418981,924.4477681,924.4477681,924.4477681,927.4314596,j,927.4314934999999,,,927.4315028,None,,,0.819195499999978,0.19512159999999312,,,,,,,,,,00021,001,2025-11-10_14h42.14.279,MST_task,2024.2.2,61.04044662074591,2025-11-10 14h42.23.266625 +0530,
,Scenes\147a.jpg,206,0,206,,,,,,,j,None,,,0.5581526999999369,0.195062900000039,,,,,206,0,206,0,927.4480815999999,,,,,,,,,,,,,,,,,,,,,,,,,,,,,,927.4315619,927.4480815999999,927.9647303999999,927.931549,,,,,,,,,,,,,,,,,,,,,,,927.9520481999999,927.9647303999999,927.9647303999999,927.9647303999999,930.9480494000001,j,930.9480812999999,,,930.9480912999999,None,,,0.5581526999999369,0.195062900000039,,,,,,,,,,00021,001,2025-11-10_14h42.14.279,MST_task,2024.2.2,61.04044662074591,2025-11-10 14h42.23.266625 +0530,
,Scenes\005a.jpg,207,0,207,,,,,,,f,None,,,0.9812529999999242,0.27429639999991196,,,,,207,0,207,0,930.9646526999999,,,,,,,,,,,,,,,,,,,,,,,,,,,,,,930.9481757,930.9646526999999,931.4979806,931.4481188000001,,,,,,,,,,,,,,,,,,,,,,,931.4779728,931.4979806,931.4979806,931.4979806,934.4647507000001,f,934.4647851000001,,,934.464795,None,,,0.9812529999999242,0.27429639999991196,,,,,,,,,,00021,001,2025-11-10_14h42.14.279,MST_task,2024.2.2,61.04044662074591,2025-11-10 14h42.23.266625 +0530,
,Scenes\153a.jpg,208,0,208,,,,,,,j,None,,,0.6697657999998228,0.265146900000218,,,,,208,0,208,0,934.4812484,,,,,,,,,,,,,,,,,,,,,,,,,,,,,,934.4648549,934.4812484,934.9978715999999,934.9647160000001,,,,,,,,,,,,,,,,,,,,,,,934.9873337,934.9978715999999,934.9978715999999,934.9978715999999,937.9812307000001,j,937.9812664,,,937.9812764,None,,,0.6697657999998228,0.265146900000218,,,,,,,,,,00021,001,2025-11-10_14h42.14.279,MST_task,2024.2.2,61.04044662074591,2025-11-10 14h42.23.266625 +0530,
,Scenes\058a.jpg,209,0,209,,,,,,,f,None,,,0.8627276000001984,0.32382529999995313,,,,,209,0,209,0,937.9978405,,,,,,,,,,,,,,,,,,,,,,,,,,,,,,937.9813614000001,937.9978405,938.5311267999999,938.4813207999999,,,,,,,,,,,,,,,,,,,,,,,938.5124176,938.5311267999999,938.5311267999999,938.5311267999999,941.4978568999999,f,941.4978912,,,941.4979007999999,None,,,0.8627276000001984,0.32382529999995313,,,,,,,,,,00021,001,2025-11-10_14h42.14.279,MST_task,2024.2.2,61.04044662074591,2025-11-10 14h42.23.266625 +0530,
,Objects\011a.jpg,210,0,210,,,,,,,None,f,0.47447940000006383,None,,,,,,,210,0,210,0,941.5144205,,,,,,,,,,,,,,,,,,,,,,,,,,,,,,941.497992,941.5144205,942.031284,941.9980024,,,,,,,,,,,,,,,,,,,,,,,942.0247229999999,942.031284,942.031284,942.031284,945.0144038,None,945.0158084000001,945.0310135000001,945.0310135000001,945.5146157,f,0.47447940000006383,None,,,,,,,,,,,,00021,001,2025-11-10_14h42.14.279,MST_task,2024.2.2,61.04044662074591,2025-11-10 14h42.23.266625 +0530,
,Objects\056a.jpg,211,0,211,,,,,,,f,None,,,0.6572272999999313,0.2736370000000079,,,,,211,0,211,0,945.5310088,,,,,,,,,,,,,,,,,,,,,,,,,,,,,,945.514683,945.5310088,946.0643205,946.0145825000001,,,,,,,,,,,,,,,,,,,,,,,946.0453403999999,946.0643205,946.0643205,946.0643205,949.0309902999999,f,949.0310255,,,949.0310354,None,,,0.6572272999999313,0.2736370000000079,,,,,,,,,,00021,001,2025-11-10_14h42.14.279,MST_task,2024.2.2,61.04044662074591,2025-11-10 14h42.23.266625 +0530,
,Objects\046a.jpg,212,0,212,,,,,,,None,f,1.9526767999998356,None,,,,,,,212,0,212,0,949.0475591000001,,,,,,,,,,,,,,,,,,,,,,,,,,,,,,949.0310931999999,949.0475591000001,949.5642219,949.5310974999999,,,,,,,,,,,,,,,,,,,,,,,949.5482364999999,949.5642219,949.5642219,949.5642219,952.5475749999999,None,952.5476090000001,952.5641844,952.5641844,954.5312283,f,1.9526767999998356,None,,,,,,,,,,,,00021,001,2025-11-10_14h42.14.279,MST_task,2024.2.2,61.04044662074591,2025-11-10 14h42.23.266625 +0530,
,Objects\099a.jpg,213,0,213,,,,,,,j,None,,,1.2708172999998624,0.22806050000008327,,,,,213,0,213,0,954.5474381,,,,,,,,,,,,,,,,,,,,,,,,,,,,,,954.5313167,954.5474381,955.0641486999999,955.0310086000001,,,,,,,,,,,,,,,,,,,,,,,955.0525113,955.0641486999999,955.0641486999999,955.0641486999999,958.0474708999999,j,958.0475095,,,958.0475198,None,,,1.2708172999998624,0.22806050000008327,,,,,,,,,,00021,001,2025-11-10_14h42.14.279,MST_task,2024.2.2,61.04044662074591,2025-11-10 14h42.23.266625 +0530,
,Objects\140a.jpg,214,0,214,,,,,,,j,None,,,0.7613612999998622,0.29689730000018244,,,,,214,0,214,0,958.0640474999999,,,,,,,,,,,,,,,,,,,,,,,,,,,,,,958.0475803,958.0640474999999,958.5807208,958.5476846999999,,,,,,,,,,,,,,,,,,,,,,,958.5705866,958.5807208,958.5807208,958.5807208,961.5640023,j,961.5640407,,,961.5640508999999,None,,,0.7613612999998622,0.29689730000018244,,,,,,,,,,00021,001,2025-11-10_14h42.14.279,MST_task,2024.2.2,61.04044662074591,2025-11-10 14h42.23.266625 +0530,
,Objects\047a.jpg,215,0,215,,,,,,,j,None,,,1.0901577000001907,0.5576947999998083,,,,,215,0,215,0,961.5806463999999,,,,,,,,,,,,,,,,,,,,,,,,,,,,,,961.5641113999999,961.5806463999999,962.0972797999999,962.0641205999999,,,,,,,,,,,,,,,,,,,,,,,962.0839273,962.0972797999999,962.0972797999999,962.0972797999999,965.0806273,j,965.0806607000001,,,965.0806706,None,,,1.0901577000001907,0.5576947999998083,,,,,,,,,,00021,001,2025-11-10_14h42.14.279,MST_task,2024.2.2,61.04044662074591,2025-11-10 14h42.23.266625 +0530,
,Objects\127a.jpg,216,0,216,,,,,,,None,f,1.8455425000001924,None,,,,,,,216,0,216,0,965.097236,,,,,,,,,,,,,,,,,,,,,,,,,,,,,,965.0807576000001,965.097236,965.6306742999999,965.5808668000001,,,,,,,,,,,,,,,,,,,,,,,965.6113772,965.6306742999999,965.6306742999999,965.6306742999999,968.5972266,None,968.5972564,968.6138405999999,968.6138405999999,970.4641556999999,f,1.8455425000001924,None,,,,,,,,,,,,00021,001,2025-11-10_14h42.14.279,MST_task,2024.2.2,61.04044662074591,2025-11-10 14h42.23.266625 +0530,
,Scenes\164a.jpg,217,0,217,,,,,,,None,f,0.6944387000000916,None,,,,,,,217,0,217,0,970.4804263,,,,,,,,,,,,,,,,,,,,,,,,,,,,,,970.4642281999999,970.4804263,971.0137504,970.9639344000001,,,,,,,,,,,,,,,,,,,,,,,970.9968734999999,971.0137504,971.0137504,971.0137504,973.9804230000001,None,973.9815313,973.9970427,973.9970427,974.6972732,f,0.6944387000000916,None,,,,,,,,,,,,00021,001,2025-11-10_14h42.14.279,MST_task,2024.2.2,61.04044662074591,2025-11-10 14h42.23.266625 +0530,
,Scenes\031a.jpg,218,0,218,,,,,,,f,None,,,1.069497599999977,0.2646889000000101,,,,,218,0,218,0,974.7136902999999,,,,,,,,,,,,,,,,,,,,,,,,,,,,,,974.6973380999999,974.7136902999999,975.2473203999999,975.1972043,,,,,,,,,,,,,,,,,,,,,,,975.2244737,975.2473203999999,975.2473203999999,975.2473203999999,978.2136571,f,978.2137139999999,,,978.2137329000001,None,,,1.069497599999977,0.2646889000000101,,,,,,,,,,00021,001,2025-11-10_14h42.14.279,MST_task,2024.2.2,61.04044662074591,2025-11-10 14h42.23.266625 +0530,
,Scenes\188a.jpg,219,0,219,,,,,,,j,None,,,1.5401318000001538,0.25679700000000594,,,,,219,0,219,0,978.2303304000001,,,,,,,,,,,,,,,,,,,,,,,,,,,,,,978.2138332999999,978.2303304000001,978.7638745999999,978.7138867,,,,,,,,,,,,,,,,,,,,,,,978.7480015,978.7638745999999,978.7638745999999,978.7638745999999,981.7302712,j,981.730328,,,981.7303373000001,None,,,1.5401318000001538,0.25679700000000594,,,,,,,,,,00021,001,2025-11-10_14h42.14.279,MST_task,2024.2.2,61.04044662074591,2025-11-10 14h42.23.266625 +0530,
,Scenes\022a.jpg,220,0,220,,,,,,,j,None,,,1.2275609000000713,0.23346970000011424,,,,,220,0,220,0,981.7468688,,,,,,,,,,,,,,,,,,,,,,,,,,,,,,981.7303931999999,981.7468688,982.2638089999999,982.2303459000001,,,,,,,,,,,,,,,,,,,,,,,982.2469712000001,982.2638089999999,982.2638089999999,982.2638089999999,985.2468774,j,985.2469090999999,,,985.2469186,None,,,1.2275609000000713,0.23346970000011424,,,,,,,,,,00021,001,2025-11-10_14h42.14.279,MST_task,2024.2.2,61.04044662074591,2025-11-10 14h42.23.266625 +0530,
,Scenes\123a.jpg,221,0,221,,,,,,,j,None,,,0.8943890000000465,0.2881953999999496,,,,,221,0,221,0,985.2634632,,,,,,,,,,,,,,,,,,,,,,,,,,,,,,985.2470003,985.2634632,985.7968772,985.746929,,,,,,,,,,,,,,,,,,,,,,,985.7774823999999,985.7968772,985.7968772,985.7968772,988.7634399,j,988.7634712,,,988.7634807000001,None,,,0.8943890000000465,0.2881953999999496,,,,,,,,,,00021,001,2025-11-10_14h42.14.279,MST_task,2024.2.2,61.04044662074591,2025-11-10 14h42.23.266625 +0530,
,Scenes\095a.jpg,222,0,222,,,,,,,f,None,,,1.2319087999999283,0.2830330000001595,,,,,222,0,222,0,988.7800518,,,,,,,,,,,,,,,,,,,,,,,,,,,,,,988.7635624999999,988.7800518,989.2970916999999,989.2635509999999,,,,,,,,,,,,,,,,,,,,,,,989.2809715,989.2970916999999,989.2970916999999,989.2970916999999,992.2800334,f,992.2800655,,,992.2800750999999,None,,,1.2319087999999283,0.2830330000001595,,,,,,,,,,00021,001,2025-11-10_14h42.14.279,MST_task,2024.2.2,61.04044662074591,2025-11-10 14h42.23.266625 +0530,
,Scenes\143a.jpg,223,0,223,,,,,,,j,None,,,1.671532500000012,0.20659820000014406,,,,,223,0,223,0,992.2966696,,,,,,,,,,,,,,,,,,,,,,,,,,,,,,992.2801601,992.2966696,992.8135553000001,992.7801315999999,,,,,,,,,,,,,,,,,,,,,,,992.8001131,992.8135553000001,992.8135553000001,992.8135553000001,995.7966126,j,995.7966456999999,,,995.7966553,None,,,1.671532500000012,0.20659820000014406,,,,,,,,,,00021,001,2025-11-10_14h42.14.279,MST_task,2024.2.2,61.04044662074591,2025-11-10 14h42.23.266625 +0530,
,Objects\091a.jpg,224,0,224,,,,,,,None,j,0.6491671000001134,None,,,,,,,224,0,224,0,995.8131987,,,,,,,,,,,,,,,,,,,,,,,,,,,,,,995.796751,995.8131987,996.3301743000001,996.2966971,,,,,,,,,,,,,,,,,,,,,,,996.3163292999999,996.3301743000001,996.3301743000001,996.3301743000001,999.3132102999999,None,999.3147041999999,999.3297891999999,999.3297891999999,999.9801358000001,j,0.6491671000001134,None,,,,,,,,,,,,00021,001,2025-11-10_14h42.14.279,MST_task,2024.2.2,61.04044662074591,2025-11-10 14h42.23.266625 +0530,
,Objects\054a.jpg,225,0,225,,,,,,,j,None,,,0.9138683999999557,0.19319719999998597,,,,,225,0,225,0,999.9965394,,,,,,,,,,,,,,,,,,,,,,,,,,,,,,999.9802263999999,999.9965394,1000.5297605,1000.4799603,,,,,,,,,,,,,,,,,,,,,,,1000.5122425999999,1000.5297605,1000.5297605,1000.5297605,1003.4963862999999,j,1003.4964186000001,,,1003.4964283999999,None,,,0.9138683999999557,0.19319719999998597,,,,,,,,,,00021,001,2025-11-10_14h42.14.279,MST_task,2024.2.2,61.04044662074591,2025-11-10 14h42.23.266625 +0530,
,Objects\115a.jpg,226,0,226,,,,,,,f,None,,,1.4894557000000077,0.6005440000001272,,,,,226,0,226,0,1003.5130551999999,,,,,,,,,,,,,,,,,,,,,,,,,,,,,,1003.4965094999999,1003.5130551999999,1004.0296818999999,1003.9965904,,,,,,,,,,,,,,,,,,,,,,,1004.0252331999999,1004.0296818999999,1004.0296818999999,1004.0296818999999,1007.0131545999999,f,1007.0131961000001,,,1007.0132067000001,None,,,1.4894557000000077,0.6005440000001272,,,,,,,,,,00021,001,2025-11-10_14h42.14.279,MST_task,2024.2.2,61.04044662074591,2025-11-10 14h42.23.266625 +0530,
,Objects\172a.jpg,227,0,227,,,,,,,j,None,,,0.9387873000000582,0.20166969999991124,,,,,227,0,227,0,1007.0296133,,,,,,,,,,,,,,,,,,,,,,,,,,,,,,1007.0133003,1007.0296133,1007.5464364999999,1007.5133196,,,,,,,,,,,,,,,,,,,,,,,1007.5364354,1007.5464364999999,1007.5464364999999,1007.5464364999999,1010.5297448,j,1010.5297798999999,,,1010.5297899999999,None,,,0.9387873000000582,0.20166969999991124,,,,,,,,,,00021,001,2025-11-10_14h42.14.279,MST_task,2024.2.2,61.04044662074591,2025-11-10 14h42.23.266625 +0530,
,Objects\183a.jpg,228,0,228,,,,,,,j,None,,,1.7884937999999693,0.2060847999998714,,,,,228,0,228,0,1010.5461991999999,,,,,,,,,,,,,,,,,,,,,,,,,,,,,,1010.5298775,1010.5461991999999,1011.0628648999999,1011.0298217999999,,,,,,,,,,,,,,,,,,,,,,,1011.0565791,1011.0628648999999,1011.0628648999999,1011.0628648999999,1014.0461733999999,j,1014.0462240999999,,,1014.0462334,None,,,1.7884937999999693,0.2060847999998714,,,,,,,,,,00021,001,2025-11-10_14h42.14.279,MST_task,2024.2.2,61.04044662074591,2025-11-10 14h42.23.266625 +0530,
,Objects\153a.jpg,229,0,229,,,,,,,j,None,,,1.8655636999999388,0.21829999999999927,,,,,229,0,229,0,1014.0628318999999,,,,,,,,,,,,,,,,,,,,,,,,,,,,,,1014.0463235000001,1014.0628318999999,1014.5794505,1014.5463682999999,,,,,,,,,,,,,,,,,,,,,,,1014.566936,1014.5794505,1014.5794505,1014.5794505,1017.5627478,j,1017.5627794999999,,,1017.5627899,None,,,1.8655636999999388,0.21829999999999927,,,,,,,,,,00021,001,2025-11-10_14h42.14.279,MST_task,2024.2.2,61.04044662074591,2025-11-10 14h42.23.266625 +0530,
,Objects\004a.jpg,230,0,230,,,,,,,None,j,2.1515481999999793,None,,,,,,,230,0,230,0,1017.5794179999999,,,,,,,,,,,,,,,,,,,,,,,,,,,,,,1017.5628464999999,1017.5794179999999,1018.0960429999999,1018.0629717,,,,,,,,,,,,,,,,,,,,,,,1018.0791458,1018.0960429999999,1018.0960429999999,1018.0960429999999,1021.0795153,None,1021.0795468,1021.0960309999999,1021.0960309999999,1023.2629633,j,2.1515481999999793,None,,,,,,,,,,,,00021,001,2025-11-10_14h42.14.279,MST_task,2024.2.2,61.04044662074591,2025-11-10 14h42.23.266625 +0530,
,Scenes\167a.jpg,231,0,231,,,,,,,f,None,,,1.9047821000002614,0.3231453999999303,,,,,231,0,231,0,1023.2800289999999,,,,,,,,,,,,,,,,,,,,,,,,,,,,,,1023.2630401999999,1023.2800289999999,1023.8129155999999,1023.7628478999999,,,,,,,,,,,,,,,,,,,,,,,1023.7988786,1023.8129155999999,1023.8129155999999,1023.8129155999999,1026.7792155000002,f,1026.7803602000001,,,1026.7803719,None,,,1.9047821000002614,0.3231453999999303,,,,,,,,,,00021,001,2025-11-10_14h42.14.279,MST_task,2024.2.2,61.04044662074591,2025-11-10 14h42.23.266625 +0530,
,Scenes\146a.jpg,232,0,232,,,,,,,j,None,,,0.8969704000001002,0.15855199999987235,,,,,232,0,232,0,1026.7958764,,,,,,,,,,,,,,,,,,,,,,,,,,,,,,1026.7804587,1026.7958764,1027.3122787,1027.2794291,,,,,,,,,,,,,,,,,,,,,,,1027.3056019,1027.3122787,1027.3122787,1027.3122787,1030.295857,j,1030.2958897,,,1030.2958992000001,None,,,0.8969704000001002,0.15855199999987235,,,,,,,,,,00021,001,2025-11-10_14h42.14.279,MST_task,2024.2.2,61.04044662074591,2025-11-10 14h42.23.266625 +0530,
,Scenes\044a.jpg,233,0,233,,,,,,,None,j,2.5080758999999944,None,,,,,,,233,0,233,0,1030.312478,,,,,,,,,,,,,,,,,,,,,,,,,,,,,,1030.2959845,1030.312478,1030.8292000000001,1030.7961601000002,,,,,,,,,,,,,,,,,,,,,,,1030.8195976000002,1030.8292000000001,1030.8292000000001,1030.8292000000001,1033.8124947000001,None,1033.8125257000002,1033.8291211,1033.8291211,1036.3459478,j,2.5080758999999944,None,,,,,,,,,,,,00021,001,2025-11-10_14h42.14.279,MST_task,2024.2.2,61.04044662074591,2025-11-10 14h42.23.266625 +0530,
,Scenes\023a.jpg,234,0,234,,,,,,,None,f,0.026204799999959505,None,,,,,,,234,0,234,0,1036.3623614,,,,,,,,,,,,,,,,,,,,,,,,,,,,,,1036.3460207,1036.3623614,1036.8959669,1036.845822,,,,,,,,,,,,,,,,,,,,,,,1036.8780948,1036.8959669,1036.8959669,1036.8959669,1039.8624409000001,None,1039.8624739000002,1039.8788913,1039.8788913,1039.9125401000001,f,0.026204799999959505,None,,,,,,,,,,,,00021,001,2025-11-10_14h42.14.279,MST_task,2024.2.2,61.04044662074591,2025-11-10 14h42.23.266625 +0530,
,Scenes\138a.jpg,235,0,235,,,,,,,j,None,,,0.6313729000000876,0.23829619999992246,,,,,235,0,235,0,1039.9289203,,,,,,,,,,,,,,,,,,,,,,,,,,,,,,1039.9126256000002,1039.9289203,1040.4455794,1040.4123829,,,,,,,,,,,,,,,,,,,,,,,1040.4300673,1040.4455794,1040.4455794,1040.4455794,1043.4289063,j,1043.4289437,,,1043.4289544,None,,,0.6313729000000876,0.23829619999992246,,,,,,,,,,00021,001,2025-11-10_14h42.14.279,MST_task,2024.2.2,61.04044662074591,2025-11-10 14h42.23.266625 +0530,
,Scenes\145a.jpg,236,0,236,,,,,,,j,None,,,2.303282500000023,0.2262769000001299,,,,,236,0,236,0,1043.4455193000001,,,,,,,,,,,,,,,,,,,,,,,,,,,,,,1043.4290383,1043.4455193000001,1043.9621417,1043.9291742,,,,,,,,,,,,,,,,,,,,,,,1043.9552081000002,1043.9621417,1043.9621417,1043.9621417,1046.945541,j,1046.9455748,,,1046.9455845,None,,,2.303282500000023,0.2262769000001299,,,,,,,,,,00021,001,2025-11-10_14h42.14.279,MST_task,2024.2.2,61.04044662074591,2025-11-10 14h42.23.266625 +0530,
,Scenes\179a.jpg,237,0,237,,,,,,,j,None,,,0.8000802999999905,0.20253040000011424,,,,,237,0,237,0,1046.9621120000002,,,,,,,,,,,,,,,,,,,,,,,,,,,,,,1046.9456697,1046.9621120000002,1047.4789435,1047.4455825,,,,,,,,,,,,,,,,,,,,,,,1047.4665719000002,1047.4789435,1047.4789435,1047.4789435,1050.4620859000001,j,1050.4621305,,,1050.4621399,None,,,0.8000802999999905,0.20253040000011424,,,,,,,,,,00021,001,2025-11-10_14h42.14.279,MST_task,2024.2.2,61.04044662074591,2025-11-10 14h42.23.266625 +0530,
,Objects\006a.jpg,238,0,238,,,,,,,f,None,,,2.7056905000001734,None,,,,,238,0,238,0,1050.4786839,,,,,,,,,,,,,,,,,,,,,,,,,,,,,,1050.4622008000001,1050.4786839,1050.995648,1050.9621527000002,,,,,,,,,,,,,,,,,,,,,,,1050.979644,1050.995648,1050.995648,1050.995648,1053.9787956,f,1053.9803828000001,,,1053.9803949000002,None,,,2.7056905000001734,None,,,,,,,,,,00021,001,2025-11-10_14h42.14.279,MST_task,2024.2.2,61.04044662074591,2025-11-10 14h42.23.266625 +0530,
,Objects\104a.jpg,239,0,239,,,,,,,f,None,,,0.6944246999998995,0.30662260000008246,,,,,239,0,239,0,1053.9953019000002,,,,,,,,,,,,,,,,,,,,,,,,,,,,,,1053.9804553000001,1053.9953019000002,1054.5119281,1054.4788614000001,,,,,,,,,,,,,,,,,,,,,,,1054.4952088,1054.5119281,1054.5119281,1054.5119281,1057.4952628,f,1057.4952995,,,1057.4953093000001,None,,,0.6944246999998995,0.30662260000008246,,,,,,,,,,00021,001,2025-11-10_14h42.14.279,MST_task,2024.2.2,61.04044662074591,2025-11-10 14h42.23.266625 +0530,
,Objects\001a.jpg,240,0,240,,,,,,,f,None,,,0.8083314999998947,0.2744669999999587,,,,,240,0,240,0,1057.5118384,,,,,,,,,,,,,,,,,,,,,,,,,,,,,,1057.4953997,1057.5118384,1058.0285336000002,1057.9955345,,,,,,,,,,,,,,,,,,,,,,,1058.0212437,1058.0285336000002,1058.0285336000002,1058.0285336000002,1061.0118538000002,f,1061.0118931000002,,,1061.011903,None,,,0.8083314999998947,0.2744669999999587,,,,,,,,,,00021,001,2025-11-10_14h42.14.279,MST_task,2024.2.2,61.04044662074591,2025-11-10 14h42.23.266625 +0530,
,Objects\063a.jpg,241,0,241,,,,,,,f,None,,,1.0561915000000681,0.2797223000000031,,,,,241,0,241,0,1061.0284429,,,,,,,,,,,,,,,,,,,,,,,,,,,,,,1061.0119623,1061.0284429,1061.5451167,1061.5119358000002,,,,,,,,,,,,,,,,,,,,,,,1061.5374468,1061.5451167,1061.5451167,1061.5451167,1064.5283991000001,f,1064.5284346,,,1064.5284486,None,,,1.0561915000000681,0.2797223000000031,,,,,,,,,,00021,001,2025-11-10_14h42.14.279,MST_task,2024.2.2,61.04044662074591,2025-11-10 14h42.23.266625 +0530,
,Objects\035a.jpg,242,0,242,,,,,,,j,None,,,1.1473363000000063,0.2778602000000774,,,,,242,0,242,0,1064.5450700000001,,,,,,,,,,,,,,,,,,,,,,,,,,,,,,1064.5285334,1064.5450700000001,1065.0617057000002,1065.02862,,,,,,,,,,,,,,,,,,,,,,,1065.0545285,1065.0617057000002,1065.0617057000002,1065.0617057000002,1068.0450580000002,j,1068.0450961000001,,,1068.0451068,None,,,1.1473363000000063,0.2778602000000774,,,,,,,,,,00021,001,2025-11-10_14h42.14.279,MST_task,2024.2.2,61.04044662074591,2025-11-10 14h42.23.266625 +0530,
,Objects\057a.jpg,243,0,243,,,,,,,f,None,,,2.509378699999843,0.28573370000003706,,,,,243,0,243,0,1068.0616340000001,,,,,,,,,,,,,,,,,,,,,,,,,,,,,,1068.0451857,1068.0616340000001,1068.5782863000002,1068.5452458000002,,,,,,,,,,,,,,,,,,,,,,,1068.5610903000002,1068.5782863000002,1068.5782863000002,1068.5782863000002,1071.5617252000002,f,1071.5617606,,,1071.5617702000002,None,,,2.509378699999843,0.28573370000003706,,,,,,,,,,00021,001,2025-11-10_14h42.14.279,MST_task,2024.2.2,61.04044662074591,2025-11-10 14h42.23.266625 +0530,
,Objects\068a.jpg,244,0,244,,,,,,,f,None,,,0.9135469999998804,0.3207047999999304,,,,,244,0,244,0,1071.5782604,,,,,,,,,,,,,,,,,,,,,,,,,,,,,,1071.5618262,1071.5782604,1072.1116399,1072.061737,,,,,,,,,,,,,,,,,,,,,,,1072.0943136,1072.1116399,1072.1116399,1072.1116399,1075.0782024,f,1075.0782370000002,,,1075.0782466,None,,,0.9135469999998804,0.3207047999999304,,,,,,,,,,00021,001,2025-11-10_14h42.14.279,MST_task,2024.2.2,61.04044662074591,2025-11-10 14h42.23.266625 +0530,
,Scenes\111a.jpg,245,0,245,,,,,,,None,j,2.266176600000108,None,,,,,,,245,0,245,0,1075.0948075000001,,,,,,,,,,,,,,,,,,,,,,,,,,,,,,1075.0783020000001,1075.0948075000001,,1075.5783009000002,,,,,,,,,,,,,,,,,,,,,,,1075.6045853,1075.6116996,1075.6116996,1075.6116996,1078.5949311000002,None,1078.5961060000002,1078.6114047,1078.6114047,1080.8782706000002,j,2.266176600000108,None,,,,,,,,,,,,00021,001,2025-11-10_14h42.14.279,MST_task,2024.2.2,61.04044662074591,2025-11-10 14h42.23.266625 +0530,
,Scenes\018a.jpg,246,0,246,,,,,,,f,None,,,2.2783520999998927,0.28957089999994423,,,,,246,0,246,0,1080.8946924000002,,,,,,,,,,,,,,,,,,,,,,,,,,,,,,1080.8783494000002,1080.8946924000002,1081.4113114000002,1081.3781806000002,,,,,,,,,,,,,,,,,,,,,,,1081.3986757,1081.4113114000002,1081.4113114000002,1081.4113114000002,1084.3946652000002,f,1084.3946987000002,,,1084.3947090000001,None,,,2.2783520999998927,0.28957089999994423,,,,,,,,,,00021,001,2025-11-10_14h42.14.279,MST_task,2024.2.2,61.04044662074591,2025-11-10 14h42.23.266625 +0530,
,Scenes\192a.jpg,247,0,247,,,,,,,j,None,,,1.8821937000000162,0.218657500000063,,,,,247,0,247,0,1084.4112711,,,,,,,,,,,,,,,,,,,,,,,,,,,,,,1084.3947646000001,1084.4112711,1084.9448365,1084.8947522,,,,,,,,,,,,,,,,,,,,,,,1084.9233178000002,1084.9448365,1084.9448365,1084.9448365,1087.9112551,j,1087.911288,,,1087.9112974000002,None,,,1.8821937000000162,0.218657500000063,,,,,,,,,,00021,001,2025-11-10_14h42.14.279,MST_task,2024.2.2,61.04044662074591,2025-11-10 14h42.23.266625 +0530,
,Scenes\077a.jpg,248,0,248,,,,,,,f,None,,,1.7759149999999408,0.2837587999999869,,,,,248,0,248,0,1087.9278628000002,,,,,,,,,,,,,,,,,,,,,,,,,,,,,,1087.9113542,1087.9278628000002,,1088.4113329000002,,,,,,,,,,,,,,,,,,,,,,,1088.4414495,1088.4611516,1088.4611516,1088.4611516,1091.4278451,f,1091.4280019,,,1091.4280132000001,None,,,1.7759149999999408,0.2837587999999869,,,,,,,,,,00021,001,2025-11-10_14h42.14.279,MST_task,2024.2.2,61.04044662074591,2025-11-10 14h42.23.266625 +0530,
,Scenes\026a.jpg,249,0,249,,,,,,,j,None,,,1.4109432000000197,0.19411639999998442,,,,,249,0,249,0,1091.4444549,,,,,,,,,,,,,,,,,,,,,,,,,,,,,,1091.4280754000001,1091.4444549,1091.9779582,1091.9280424,,,,,,,,,,,,,,,,,,,,,,,1091.9679002,1091.9779582,1091.9779582,1091.9779582,1094.9445592000002,j,1094.9446028,,,1094.9446139000001,None,,,1.4109432000000197,0.19411639999998442,,,,,,,,,,00021,001,2025-11-10_14h42.14.279,MST_task,2024.2.2,61.04044662074591,2025-11-10 14h42.23.266625 +0530,
,Scenes\170a.jpg,250,0,250,,,,,,,j,None,,,2.7652205000001686,None,,,,,250,0,250,0,1094.9610409000002,,,,,,,,,,,,,,,,,,,,,,,,,,,,,,1094.9446775000001,1094.9610409000002,1095.4943336000001,1095.4445171,,,,,,,,,,,,,,,,,,,,,,,1095.4751322000002,1095.4943336000001,1095.4943336000001,1095.4943336000001,1098.461119,j,1098.461158,,,1098.4611679000002,None,,,2.7652205000001686,None,,,,,,,,,,00021,001,2025-11-10_14h42.14.279,MST_task,2024.2.2,61.04044662074591,2025-11-10 14h42.23.266625 +0530,
,Scenes\039a.jpg,251,0,251,,,,,,,j,None,,,1.3173487999999907,0.2174832000000606,,,,,251,0,251,0,1098.4776271,,,,,,,,,,,,,,,,,,,,,,,,,,,,,,1098.4612243000001,1098.4776271,1098.9942865,1098.9611009,,,,,,,,,,,,,,,,,,,,,,,1098.9822410000002,1098.9942865,1098.9942865,1098.9942865,1101.9777392,j,1101.9777743000002,,,1101.9777839,None,,,1.3173487999999907,0.2174832000000606,,,,,,,,,,00021,001,2025-11-10_14h42.14.279,MST_task,2024.2.2,61.04044662074591,2025-11-10 14h42.23.266625 +0530,
,Objects\084a.jpg,252,0,252,,,,,,,j,None,,,2.84891360000006,None,,,,,252,0,252,0,1101.9941912000002,,,,,,,,,,,,,,,,,,,,,,,,,,,,,,1101.9778725,1101.9941912000002,1102.5106048,1102.4776732,,,,,,,,,,,,,,,,,,,,,,,1102.5052380000002,1102.5106048,1102.5106048,1102.5106048,1105.4941748,j,1105.495588,,,1105.4955998,None,,,2.84891360000006,None,,,,,,,,,,00021,001,2025-11-10_14h42.14.279,MST_task,2024.2.2,61.04044662074591,2025-11-10 14h42.23.266625 +0530,
,Objects\121a.jpg,253,0,253,,,,,,,f,None,,,1.7478876000000128,0.17807420000008278,,,,,253,0,253,0,1105.5108148000002,,,,,,,,,,,,,,,,,,,,,,,,,,,,,,1105.4956835,1105.5108148000002,1106.0274379,1105.9942462000001,,,,,,,,,,,,,,,,,,,,,,,1106.0180300000002,1106.0274379,1106.0274379,1106.0274379,1109.0107907000001,f,1109.0108228000001,,,1109.0108327,None,,,1.7478876000000128,0.17807420000008278,,,,,,,,,,00021,001,2025-11-10_14h42.14.279,MST_task,2024.2.2,61.04044662074591,2025-11-10 14h42.23.266625 +0530,
,Objects\114a.jpg,254,0,254,,,,,,,f,None,,,1.2783038000000033,0.24768779999999424,,,,,254,0,254,0,1109.0274316,,,,,,,,,,,,,,,,,,,,,,,,,,,,,,1109.0108916000001,1109.0274316,1109.5607301,1109.5108892,,,,,,,,,,,,,,,,,,,,,,,1109.5414899,1109.5607301,1109.5607301,1109.5607301,1112.5274574,f,1112.527507,,,1112.5275168,None,,,1.2783038000000033,0.24768779999999424,,,,,,,,,,00021,001,2025-11-10_14h42.14.279,MST_task,2024.2.2,61.04044662074591,2025-11-10 14h42.23.266625 +0530,
,Objects\092a.jpg,255,0,255,,,,,,,f,None,,,0.6463695999998436,0.24872370000002775,,,,,255,0,255,0,1112.5440489,,,,,,,,,,,,,,,,,,,,,,,,,,,,,,1112.5275769,1112.5440489,1113.0606306000002,1113.0274421000001,,,,,,,,,,,,,,,,,,,,,,,1113.0434179000001,1113.0606306000002,1113.0606306000002,1113.0606306000002,1116.0440865,f,1116.0441273000001,,,1116.0441366,None,,,0.6463695999998436,0.24872370000002775,,,,,,,,,,00021,001,2025-11-10_14h42.14.279,MST_task,2024.2.2,61.04044662074591,2025-11-10 14h42.23.266625 +0530,
,Objects\152a.jpg,256,0,256,,,,,,,f,None,,,0.765745600000173,0.2624409999998534,,,,,256,0,256,0,1116.0605743,,,,,,,,,,,,,,,,,,,,,,,,,,,,,,1116.0442244,1116.0605743,1116.5771955,1116.5440512,,,,,,,,,,,,,,,,,,,,,,,1116.5724726,1116.5771955,1116.5771955,1116.5771955,1119.5606702,f,1119.5607079000001,,,1119.5607179,None,,,0.765745600000173,0.2624409999998534,,,,,,,,,,00021,001,2025-11-10_14h42.14.279,MST_task,2024.2.2,61.04044662074591,2025-11-10 14h42.23.266625 +0530,
,Objects\082a.jpg,257,0,257,,,,,,,j,None,,,1.0819874000001164,0.26916239999991376,,,,,257,0,257,0,1119.5771665000002,,,,,,,,,,,,,,,,,,,,,,,,,,,,,,1119.5608072,1119.5771665000002,1120.0937922,1120.060654,,,,,,,,,,,,,,,,,,,,,,,1120.0810553000001,1120.0937922,1120.0937922,1120.0937922,1123.07717,j,1123.0772038,,,1123.0772134000001,None,,,1.0819874000001164,0.26916239999991376,,,,,,,,,,00021,001,2025-11-10_14h42.14.279,MST_task,2024.2.2,61.04044662074591,2025-11-10 14h42.23.266625 +0530,
,Objects\137a.jpg,258,0,258,,,,,,,j,None,,,1.6585935000000518,0.2371731999999156,,,,,258,0,258,0,1123.0937803000002,,,,,,,,,,,,,,,,,,,,,,,,,,,,,,1123.0772985,1123.0937803000002,1123.6270975,1123.5772353,,,,,,,,,,,,,,,,,,,,,,,1123.6107673000001,1123.6270975,1123.6270975,1123.6270975,1126.5937073,j,1126.5937394,,,1126.5937498,None,,,1.6585935000000518,0.2371731999999156,,,,,,,,,,00021,001,2025-11-10_14h42.14.279,MST_task,2024.2.2,61.04044662074591,2025-11-10 14h42.23.266625 +0530,
,Scenes\071a.jpg,259,0,259,,,,,,,j,None,,,2.1650872000000163,0.11784669999997277,,,,,259,0,259,0,1126.6103503000002,,,,,,,,,,,,,,,,,,,,,,,,,,,,,,1126.5938073,1126.6103503000002,,1127.0937722,,,,,,,,,,,,,,,,,,,,,,,1127.1285152,1127.1440613000002,1127.1440613000002,1127.1440613000002,1130.110421,j,1130.1116567000001,,,1130.1116683,None,,,2.1650872000000163,0.11784669999997277,,,,,,,,,,00021,001,2025-11-10_14h42.14.279,MST_task,2024.2.2,61.04044662074591,2025-11-10 14h42.23.266625 +0530,
,Scenes\004a.jpg,260,0,260,,,,,,,j,None,,,1.1433503999999175,0.15419100000008257,,,,,260,0,260,0,1130.1269475000001,,,,,,,,,,,,,,,,,,,,,,,,,,,,,,1130.1117293,1130.1269475000001,1130.6438212,1130.6104654,,,,,,,,,,,,,,,,,,,,,,,1130.6296174000001,1130.6438212,1130.6438212,1130.6438212,1133.6268782000002,j,1133.6269248,,,1133.6269344,None,,,1.1433503999999175,0.15419100000008257,,,,,,,,,,00021,001,2025-11-10_14h42.14.279,MST_task,2024.2.2,61.04044662074591,2025-11-10 14h42.23.266625 +0530,
,Scenes\081a.jpg,261,0,261,,,,,,,j,None,,,0.880126300000029,0.16066849999992883,,,,,261,0,261,0,1133.6434878,,,,,,,,,,,,,,,,,,,,,,,,,,,,,,1133.6270229000002,1133.6434878,1134.1601802,1134.1269384000002,,,,,,,,,,,,,,,,,,,,,,,1134.1472562000001,1134.1601802,1134.1601802,1134.1601802,1137.1434519000002,j,1137.1434976,,,1137.1435076,None,,,0.880126300000029,0.16066849999992883,,,,,,,,,,00021,001,2025-11-10_14h42.14.279,MST_task,2024.2.2,61.04044662074591,2025-11-10 14h42.23.266625 +0530,
,Scenes\046a.jpg,262,0,262,,,,,,,j,None,,,0.9619734000000335,0.15752290000000357,,,,,262,0,262,0,1137.1601146,,,,,,,,,,,,,,,,,,,,,,,,,,,,,,1137.1436069000001,1137.1601146,1137.6936453,1137.6436618,,,,,,,,,,,,,,,,,,,,,,,1137.6777509,1137.6936453,1137.6936453,1137.6936453,1140.6602356,j,1140.6602703,,,1140.6602805,None,,,0.9619734000000335,0.15752290000000357,,,,,,,,,,00021,001,2025-11-10_14h42.14.279,MST_task,2024.2.2,61.04044662074591,2025-11-10 14h42.23.266625 +0530,
,Scenes\119a.jpg,263,0,263,,,,,,,j,None,,,0.663414499999817,0.19139150000000882,,,,,263,0,263,0,1140.6767127,,,,,,,,,,,,,,,,,,,,,,,,,,,,,,1140.6603725,1140.6767127,1141.1936050000002,1141.1601846,,,,,,,,,,,,,,,,,,,,,,,1141.1793624000002,1141.1936050000002,1141.1936050000002,1141.1936050000002,1144.1766459,j,1144.176678,,,1144.1766876000002,None,,,0.663414499999817,0.19139150000000882,,,,,,,,,,00021,001,2025-11-10_14h42.14.279,MST_task,2024.2.2,61.04044662074591,2025-11-10 14h42.23.266625 +0530,
,Scenes\068a.jpg,264,0,264,,,,,,,j,None,,,1.4078018000000156,0.18541510000000017,,,,,264,0,264,0,1144.1933025,,,,,,,,,,,,,,,,,,,,,,,,,,,,,,1144.1767689,1144.1933025,1144.7099159000002,1144.6767202,,,,,,,,,,,,,,,,,,,,,,,1144.7020408,1144.7099159000002,1144.7099159000002,1144.7099159000002,1147.6932826000002,j,1147.6933147000002,,,1147.6933243,None,,,1.4078018000000156,0.18541510000000017,,,,,,,,,,00021,001,2025-11-10_14h42.14.279,MST_task,2024.2.2,61.04044662074591,2025-11-10 14h42.23.266625 +0530,
,Scenes\096a.jpg,265,0,265,,,,,,,j,None,,,0.7068535000000793,0.2222678000000542,,,,,265,0,265,0,1147.7099101000001,,,,,,,,,,,,,,,,,,,,,,,,,,,,,,1147.6934069000001,1147.7099101000001,1148.2266863,1148.1933301000001,,,,,,,,,,,,,,,,,,,,,,,1148.2139201,1148.2266863,1148.2266863,1148.2266863,1151.2099129,j,1151.2099489000002,,,1151.2099588,None,,,0.7068535000000793,0.2222678000000542,,,,,,,,,,00021,001,2025-11-10_14h42.14.279,MST_task,2024.2.2,61.04044662074591,2025-11-10 14h42.23.266625 +0530,
,Objects\150a.jpg,266,0,266,,,,,,,None,j,0.6043137999999999,None,,,,,,,266,0,266,0,1151.2265355000002,,,,,,,,,,,,,,,,,,,,,,,,,,,,,,1151.2100454000001,1151.2265355000002,1151.7430934000001,1151.7099318,,,,,,,,,,,,,,,,,,,,,,,1151.7387232,1151.7430934000001,1151.7430934000001,1151.7430934000001,1154.7264457,None,1154.7279765,1154.7430590000001,1154.7430590000001,1155.3600191,j,0.6043137999999999,None,,,,,,,,,,,,00021,001,2025-11-10_14h42.14.279,MST_task,2024.2.2,61.04044662074591,2025-11-10 14h42.23.266625 +0530,
,Objects\176a.jpg,267,0,267,,,,,,,None,j,1.409699499999988,None,,,,,,,267,0,267,0,1155.3763408,,,,,,,,,,,,,,,,,,,,,,,,,,,,,,1155.3600920000001,1155.3763408,1155.8930437000001,1155.8598121,,,,,,,,,,,,,,,,,,,,,,,1155.884921,1155.8930437000001,1155.8930437000001,1155.8930437000001,1158.8763163,None,1158.8763503,1158.9096354,1158.9096354,1160.3265297,j,1.409699499999988,None,,,,,,,,,,,,00021,001,2025-11-10_14h42.14.279,MST_task,2024.2.2,61.04044662074591,2025-11-10 14h42.23.266625 +0530,
,Objects\030a.jpg,268,0,268,,,,,,,f,None,,,1.591573699999799,0.24845920000007027,,,,,268,0,268,0,1160.3429323,,,,,,,,,,,,,,,,,,,,,,,,,,,,,,1160.3266321,1160.3429323,1160.8595555000002,1160.8264987,,,,,,,,,,,,,,,,,,,,,,,1160.8550545,1160.8595555000002,1160.8595555000002,1160.8595555000002,1163.8429506,f,1163.8430447,,,1163.8430657000001,None,,,1.591573699999799,0.24845920000007027,,,,,,,,,,00021,001,2025-11-10_14h42.14.279,MST_task,2024.2.2,61.04044662074591,2025-11-10 14h42.23.266625 +0530,
,Objects\190a.jpg,269,0,269,,,,,,,f,None,,,2.0208072000000357,0.2065268000001197,,,,,269,0,269,0,1163.8595234000002,,,,,,,,,,,,,,,,,,,,,,,,,,,,,,1163.8431591,1163.8595234000002,1164.3761511,1164.3430134,,,,,,,,,,,,,,,,,,,,,,,1164.3716103000002,1164.3761511,1164.3761511,1164.3761511,1167.3595163,f,1167.3595754,,,1167.3595854,None,,,2.0208072000000357,0.2065268000001197,,,,,,,,,,00021,001,2025-11-10_14h42.14.279,MST_task,2024.2.2,61.04044662074591,2025-11-10 14h42.23.266625 +0530,
,Objects\106a.jpg,270,0,270,,,,,,,f,None,,,2.4177048999999897,0.24643219999984467,,,,,270,0,270,0,1167.3761187,,,,,,,,,,,,,,,,,,,,,,,,,,,,,,1167.3596428,1167.3761187,1167.9094019000001,1167.8595799000002,,,,,,,,,,,,,,,,,,,,,,,1167.890012,1167.9094019000001,1167.9094019000001,1167.9094019000001,1170.8760955,f,1170.8761295000002,,,1170.8761391,None,,,2.4177048999999897,0.24643219999984467,,,,,,,,,,00021,001,2025-11-10_14h42.14.279,MST_task,2024.2.2,61.04044662074591,2025-11-10 14h42.23.266625 +0530,
,Objects\083a.jpg,271,0,271,,,,,,,f,None,,,2.15613170000006,0.20738119999987248,,,,,271,0,271,0,1170.8926686,,,,,,,,,,,,,,,,,,,,,,,,,,,,,,1170.8762225,1170.8926686,1171.4093256,1171.3761904,,,,,,,,,,,,,,,,,,,,,,,1171.4043786000002,1171.4093256,1171.4093256,1171.4093256,1174.3926914,f,1174.3927383,,,1174.3927479000001,None,,,2.15613170000006,0.20738119999987248,,,,,,,,,,00021,001,2025-11-10_14h42.14.279,MST_task,2024.2.2,61.04044662074591,2025-11-10 14h42.23.266625 +0530,
,Objects\109a.jpg,272,0,272,,,,,,,j,None,,,1.5728712999998606,0.20802190000017617,,,,,272,0,272,0,1174.4092553,,,,,,,,,,,,,,,,,,,,,,,,,,,,,,1174.3928055000001,1174.4092553,1174.9259641,1174.8927459000001,,,,,,,,,,,,,,,,,,,,,,,1174.9150455000001,1174.9259641,1174.9259641,1174.9259641,1177.9092459,j,1177.9092939000002,,,1177.9093045000002,None,,,1.5728712999998606,0.20802190000017617,,,,,,,,,,00021,001,2025-11-10_14h42.14.279,MST_task,2024.2.2,61.04044662074591,2025-11-10 14h42.23.266625 +0530,
,Scenes\017a.jpg,273,0,273,,,,,,,f,None,,,2.1153759999999693,0.2364394999999604,,,,,273,0,273,0,1177.9259249000002,,,,,,,,,,,,,,,,,,,,,,,,,,,,,,1177.9093985000002,1177.9259249000002,1178.4594982,1178.4093298,,,,,,,,,,,,,,,,,,,,,,,1178.4433707,1178.4594982,1178.4594982,1178.4594982,1181.4259085,f,1181.4270311,,,1181.4270421,None,,,2.1153759999999693,0.2364394999999604,,,,,,,,,,00021,001,2025-11-10_14h42.14.279,MST_task,2024.2.2,61.04044662074591,2025-11-10 14h42.23.266625 +0530,
,Scenes\113a.jpg,274,0,274,,,,,,,j,None,,,0.7510524000001624,0.22777780000001258,,,,,274,0,274,0,1181.4425937,,,,,,,,,,,,,,,,,,,,,,,,,,,,,,1181.4271269,1181.4425937,1181.9758733,1181.9261613,,,,,,,,,,,,,,,,,,,,,,,1181.9618271000002,1181.9758733,1181.9758733,1181.9758733,1184.9425733,j,1184.9426064000002,,,1184.9426159000002,None,,,0.7510524000001624,0.22777780000001258,,,,,,,,,,00021,001,2025-11-10_14h42.14.279,MST_task,2024.2.2,61.04044662074591,2025-11-10 14h42.23.266625 +0530,
,Scenes\117a.jpg,275,0,275,,,,,,,j,None,,,1.1421752999999626,0.19920909999996184,,,,,275,0,275,0,1184.9591712000001,,,,,,,,,,,,,,,,,,,,,,,,,,,,,,1184.9427049,1184.9591712000001,1185.4927384,1185.4425658,,,,,,,,,,,,,,,,,,,,,,,1185.4730736000001,1185.4927384,1185.4927384,1185.4927384,1188.4591988000002,j,1188.4592315,,,1188.4592413,None,,,1.1421752999999626,0.19920909999996184,,,,,,,,,,00021,001,2025-11-10_14h42.14.279,MST_task,2024.2.2,61.04044662074591,2025-11-10 14h42.23.266625 +0530,
,Scenes\080a.jpg,276,0,276,,,,,,,j,None,,,0.5645680000000084,0.12757140000007894,,,,,276,0,276,0,1188.4757839000001,,,,,,,,,,,,,,,,,,,,,,,,,,,,,,1188.4593383000001,1188.4757839000001,1188.9926217000002,1188.959243,,,,,,,,,,,,,,,,,,,,,,,1188.9819436,1188.9926217000002,1188.9926217000002,1188.9926217000002,1191.9757430000002,j,1191.9757741,,,1191.9757835,None,,,0.5645680000000084,0.12757140000007894,,,,,,,,,,00021,001,2025-11-10_14h42.14.279,MST_task,2024.2.2,61.04044662074591,2025-11-10 14h42.23.266625 +0530,
,Scenes\132a.jpg,277,0,277,,,,,,,j,None,,,1.9439380999999685,0.08893250000005537,,,,,277,0,277,0,1191.9923721,,,,,,,,,,,,,,,,,,,,,,,,,,,,,,1191.9758681,1191.9923721,1192.5089043,1192.47577,,,,,,,,,,,,,,,,,,,,,,,1192.4987561,1192.5089043,1192.5089043,1192.5089043,1195.4923312,j,1195.4923646000002,,,1195.4923744,None,,,1.9439380999999685,0.08893250000005537,,,,,,,,,,00021,001,2025-11-10_14h42.14.279,MST_task,2024.2.2,61.04044662074591,2025-11-10 14h42.23.266625 +0530,
,Scenes\184a.jpg,278,0,278,,,,,,,j,None,,,1.4177873000001,0.07221499999991465,,,,,278,0,278,0,1195.5089452000002,,,,,,,,,,,,,,,,,,,,,,,,,,,,,,1195.4924306,1195.5089452000002,1196.0255319,1195.9924729000002,,,,,,,,,,,,,,,,,,,,,,,1196.0194795,1196.0255319,1196.0255319,1196.0255319,1199.0088902,j,1199.0089247,,,1199.0089343000002,None,,,1.4177873000001,0.07221499999991465,,,,,,,,,,00021,001,2025-11-10_14h42.14.279,MST_task,2024.2.2,61.04044662074591,2025-11-10 14h42.23.266625 +0530,
,Scenes\014a.jpg,279,0,279,,,,,,,f,None,,,2.664343400000007,0.1817070000001877,,,,,279,0,279,0,1199.0255040000002,,,,,,,,,,,,,,,,,,,,,,,,,,,,,,1199.0089921000001,1199.0255040000002,1199.5590515000001,1199.5090935,,,,,,,,,,,,,,,,,,,,,,,1199.5388115,1199.5590515000001,1199.5590515000001,1199.5590515000001,1202.5254776000002,f,1202.5255131000001,,,1202.5255225,None,,,2.664343400000007,0.1817070000001877,,,,,,,,,,00021,001,2025-11-10_14h42.14.279,MST_task,2024.2.2,61.04044662074591,2025-11-10 14h42.23.266625 +0530,
,,,,,,,,,,,,,,,,,,,,,,,,,,,,,,,,,,,,,,,,,,,,,,,,,,,,,,,,,,,,,,,,,,,,,,,,,,,,,,,,,,,,,,,,,,,,,,,,1202.5255604000001,1202.5420715,1202.5420715,1204.8923548,space,2.337068600000066,None,,,00021,001,2025-11-10_14h42.14.279,MST_task,2024.2.2,61.04044662074591,2025-11-10 14h42.23.266625 +0530,
,,,,,,,,,,,,,,,,,,,,,,,,,,,,,,,,,,,,,,,,,,,,,,,,,,,,,,,,,,,,,,,,,,,,,,,,,,,,,,,,,,,,,,,,,,,,,,,,,,,,,,,"['Objects\\034a.jpg', 'Objects\\040a.jpg', 'Objects\\020a.jpg', 'Objects\\037a.jpg', 'Objects\\066a.jpg', 'Objects\\013a.jpg', 'Objects\\077a.jpg', 'Scenes\\093a.jpg', 'Scenes\\144a.jpg', 'Scenes\\074a.jpg', 'Scenes\\187a.jpg', 'Scenes\\049a.jpg', 'Scenes\\053a.jpg', 'Scenes\\001a.jpg', 'Objects\\146a.jpg', 'Objects\\102a.jpg', 'Objects\\148a.jpg', 'Objects\\149a.jpg', 'Objects\\134a.jpg', 'Objects\\017a.jpg', 'Objects\\113a.jpg', 'Scenes\\177a.jpg', 'Scenes\\070a.jpg', 'Scenes\\038a.jpg', 'Scenes\\035a.jpg', 'Scenes\\062a.jpg', 'Scenes\\007a.jpg', 'Scenes\\079a.jpg', 'Objects\\058a.jpg', 'Objects\\154a.jpg', 'Objects\\192a.jpg', 'Objects\\064a.jpg', 'Objects\\132a.jpg', 'Objects\\027a.jpg', 'Objects\\101a.jpg', 'Scenes\\161a.jpg', 'Scenes\\065a.jpg', 'Scenes\\156a.jpg', 'Scenes\\124a.jpg', 'Scenes\\020a.jpg', 'Scenes\\016a.jpg', 'Scenes\\176a.jpg', 'Objects\\180a.jpg', 'Objects\\118a.jpg', 'Objects\\174a.jpg', 'Objects\\032a.jpg', 'Objects\\041a.jpg', 'Objects\\171a.jpg', 'Objects\\048a.jpg', 'Scenes\\061a.jpg', 'Scenes\\180a.jpg', 'Scenes\\169a.jpg', 'Scenes\\090a.jpg', 'Scenes\\155a.jpg', 'Scenes\\160a.jpg', 'Scenes\\082a.jpg', 'Objects\\126a.jpg', 'Objects\\059a.jpg', 'Objects\\161a.jpg', 'Objects\\062a.jpg', 'Objects\\112a.jpg', 'Objects\\168a.jpg', 'Objects\\119a.jpg', 'Scenes\\158a.jpg', 'Scenes\\009a.jpg', 'Scenes\\157a.jpg', 'Scenes\\114a.jpg', 'Scenes\\150a.jpg', 'Scenes\\116a.jpg', 'Scenes\\092a.jpg', 'Objects\\038a.jpg', 'Objects\\165a.jpg', 'Objects\\191a.jpg', 'Objects\\173a.jpg', 'Objects\\050a.jpg', 'Objects\\075a.jpg', 'Objects\\002a.jpg', 'Scenes\\137a.jpg', 'Scenes\\149a.jpg', 'Scenes\\002a.jpg', 'Scenes\\034a.jpg', 'Scenes\\075a.jpg', 'Scenes\\021a.jpg', 'Scenes\\015a.jpg', 'Objects\\122a.jpg', 'Objects\\155a.jpg', 'Objects\\021a.jpg', 'Objects\\024a.jpg', 'Objects\\160a.jpg', 'Objects\\124a.jpg', 'Objects\\065a.jpg', 'Scenes\\130a.jpg', 'Scenes\\173a.jpg', 'Scenes\\054a.jpg', 'Scenes\\102a.jpg', 'Scenes\\006a.jpg', 'Scenes\\060a.jpg', 'Scenes\\131a.jpg', 'Objects\\120a.jpg', 'Objects\\129a.jpg', 'Objects\\184a.jpg', 'Objects\\016a.jpg', 'Objects\\157a.jpg', 'Objects\\125a.jpg', 'Objects\\100a.jpg', 'Scenes\\126a.jpg', 'Scenes\\003a.jpg', 'Scenes\\078a.jpg', 'Scenes\\019a.jpg', 'Scenes\\010a.jpg', 'Scenes\\175a.jpg', 'Scenes\\097a.jpg', 'Objects\\130a.jpg', 'Objects\\143a.jpg', 'Objects\\039a.jpg', 'Objects\\187a.jpg', 'Objects\\110a.jpg', 'Objects\\141a.jpg', 'Objects\\088a.jpg', 'Scenes\\134a.jpg', 'Scenes\\011a.jpg', 'Scenes\\024a.jpg', 'Scenes\\190a.jpg', 'Scenes\\040a.jpg', 'Scenes\\183a.jpg', 'Scenes\\159a.jpg', 'Objects\\188a.jpg', 'Objects\\147a.jpg', 'Objects\\182a.jpg', 'Objects\\026a.jpg', 'Objects\\070a.jpg', 'Objects\\175a.jpg', 'Objects\\025a.jpg', 'Scenes\\051a.jpg', 'Scenes\\191a.jpg', 'Scenes\\186a.jpg', 'Scenes\\094a.jpg', 'Scenes\\084a.jpg', 'Scenes\\140a.jpg', 'Scenes\\043a.jpg', 'Objects\\103a.jpg', 'Objects\\085a.jpg', 'Objects\\019a.jpg', 'Objects\\123a.jpg', 'Objects\\136a.jpg', 'Objects\\015a.jpg', 'Objects\\138a.jpg', 'Scenes\\072a.jpg', 'Scenes\\121a.jpg', 'Scenes\\174a.jpg', 'Scenes\\152a.jpg', 'Scenes\\028a.jpg', 'Scenes\\091a.jpg', 'Scenes\\037a.jpg', 'Objects\\009a.jpg', 'Objects\\181a.jpg', 'Objects\\139a.jpg', 'Objects\\010a.jpg', 'Objects\\179a.jpg', 'Objects\\107a.jpg', 'Objects\\177a.jpg', 'Scenes\\122a.jpg', 'Scenes\\142a.jpg', 'Scenes\\178a.jpg', 'Scenes\\127a.jpg', 'Scenes\\083a.jpg', 'Scenes\\086a.jpg', 'Scenes\\118a.jpg', 'Objects\\090a.jpg', 'Objects\\008a.jpg', 'Objects\\086a.jpg', 'Objects\\022a.jpg', 'Objects\\145a.jpg', 'Objects\\186a.jpg', 'Objects\\018a.jpg', 'Scenes\\163a.jpg', 'Scenes\\125a.jpg', 'Scenes\\171a.jpg', 'Scenes\\136a.jpg', 'Scenes\\189a.jpg', 'Scenes\\076a.jpg', 'Scenes\\154a.jpg', 'Objects\\142a.jpg', 'Objects\\178a.jpg', 'Objects\\031a.jpg', 'Objects\\089a.jpg', 'Objects\\159a.jpg', 'Objects\\151a.jpg', 'Objects\\029a.jpg', 'Scenes\\109a.jpg', 'Scenes\\012a.jpg', 'Scenes\\008a.jpg', 'Scenes\\088a.jpg', 'Scenes\\069a.jpg', 'Scenes\\112a.jpg', 'Scenes\\162a.jpg', 'Objects\\003a.jpg', 'Objects\\111a.jpg', 'Objects\\087a.jpg', 'Objects\\164a.jpg', 'Objects\\052a.jpg', 'Objects\\167a.jpg', 'Objects\\023a.jpg', 'Scenes\\182a.jpg', 'Scenes\\168a.jpg', 'Scenes\\042a.jpg', 'Scenes\\147a.jpg', 'Scenes\\005a.jpg', 'Scenes\\153a.jpg', 'Scenes\\058a.jpg', 'Objects\\011a.jpg', 'Objects\\056a.jpg', 'Objects\\046a.jpg', 'Objects\\099a.jpg', 'Objects\\140a.jpg', 'Objects\\047a.jpg', 'Objects\\127a.jpg', 'Scenes\\164a.jpg', 'Scenes\\031a.jpg', 'Scenes\\188a.jpg', 'Scenes\\022a.jpg', 'Scenes\\123a.jpg', 'Scenes\\095a.jpg', 'Scenes\\143a.jpg', 'Objects\\091a.jpg', 'Objects\\054a.jpg', 'Objects\\115a.jpg', 'Objects\\172a.jpg', 'Objects\\183a.jpg', 'Objects\\153a.jpg', 'Objects\\004a.jpg', 'Scenes\\167a.jpg', 'Scenes\\146a.jpg', 'Scenes\\044a.jpg', 'Scenes\\023a.jpg', 'Scenes\\138a.jpg', 'Scenes\\145a.jpg', 'Scenes\\179a.jpg', 'Objects\\006a.jpg', 'Objects\\104a.jpg', 'Objects\\001a.jpg', 'Objects\\063a.jpg', 'Objects\\035a.jpg', 'Objects\\057a.jpg', 'Objects\\068a.jpg', 'Scenes\\111a.jpg', 'Scenes\\018a.jpg', 'Scenes\\192a.jpg', 'Scenes\\077a.jpg', 'Scenes\\026a.jpg', 'Scenes\\170a.jpg', 'Scenes\\039a.jpg', 'Objects\\084a.jpg', 'Objects\\121a.jpg', 'Objects\\114a.jpg', 'Objects\\092a.jpg', 'Objects\\152a.jpg', 'Objects\\082a.jpg', 'Objects\\137a.jpg', 'Scenes\\071a.jpg', 'Scenes\\004a.jpg', 'Scenes\\081a.jpg', 'Scenes\\046a.jpg', 'Scenes\\119a.jpg', 'Scenes\\068a.jpg', 'Scenes\\096a.jpg', 'Objects\\150a.jpg', 'Objects\\176a.jpg', 'Objects\\030a.jpg', 'Objects\\190a.jpg', 'Objects\\106a.jpg', 'Objects\\083a.jpg', 'Objects\\109a.jpg', 'Scenes\\017a.jpg', 'Scenes\\113a.jpg', 'Scenes\\117a.jpg', 'Scenes\\080a.jpg', 'Scenes\\132a.jpg', 'Scenes\\184a.jpg', 'Scenes\\014a.jpg']",0.9634146341463414,,,,,,,,
