Sl_no,image_path,thisN,thisTrialN,thisRepN,key_resp_5.keys,key_resp_7.keys,key_resp_7.rt,key_resp_7.duration,key_resp_5.rt,key_resp_5.duration,key_resp_9.keys,key_resp_8.keys,key_resp_8.rt,key_resp_8.duration,key_resp_9.rt,key_resp_9.duration,practice.thisRepN,practice.thisTrialN,practice.thisN,practice.thisIndex,trials.thisRepN,trials.thisTrialN,trials.thisN,trials.thisIndex,thisRow.t,notes,welcome_page.started,text.started,key_resp.started,welcome_page.stopped,key_resp.keys,key_resp.rt,key_resp.duration,instructions.started,ins.started,key_resp_2.started,instructions.stopped,key_resp_2.keys,key_resp_2.rt,key_resp_2.duration,instructions_2.started,text_10.started,key_resp_10.started,instructions_2.stopped,key_resp_10.keys,key_resp_10.rt,key_resp_10.duration,objects_only_instruction.started,text_3.started,key_resp_3.started,objects_only_instruction.stopped,key_resp_3.keys,key_resp_3.rt,key_resp_3.duration,ISI.started,text_4.started,ISI.stopped,practice_block.started,image.started,text_5.started,key_resp_5.started,practice_block.stopped,practice.key_resp_5.keys,indoor_outdoor.started,text_7.started,key_resp_7.started,indoor_outdoor.stopped,practice.key_resp_7.keys,practice.key_resp_7.rt,practice.key_resp_7.duration,text_4.stopped,image.stopped,text_5.stopped,key_resp_5.stopped,practice.key_resp_5.rt,practice.key_resp_5.duration,practice_to_main.started,text_2.started,key_resp_4.started,practice_to_main.stopped,key_resp_4.keys,key_resp_4.rt,key_resp_4.duration,objects.started,image_2.started,text_9.started,key_resp_9.started,objects.stopped,trials.key_resp_9.keys,encoding_task.started,text_8.started,key_resp_8.started,encoding_task.stopped,trials.key_resp_8.keys,trials.key_resp_8.rt,trials.key_resp_8.duration,image_2.stopped,text_9.stopped,key_resp_9.stopped,trials.key_resp_9.rt,trials.key_resp_9.duration,end_experiment.started,text_6.started,key_resp_6.started,end_experiment.stopped,key_resp_6.keys,key_resp_6.rt,key_resp_6.duration,list_of_stimuli,encoding_task_accuracy,participant,session,date,expName,psychopyVersion,frameRate,expStart,
,,,,,,,,,,,,,,,,,,,,,,,,,,,0.049517999999977746,0.11610249999995403,0.11610249999995403,57.0735148,space,56.81847879999998,None,,,,,,,,,,,,,,,,,,,,,,,,,,,,,,,,,,,,,,,,,,,,,,,,,,,,,,,,,,,,,,,,,,,,,,,,,,,,,,00023,001,2025-11-14_15h38.10.062,MST_task,2024.2.2,60.391578998217604,2025-11-14 15h38.22.075204 +0530,
,,,,,,,,,,,,,,,,,,,,,,,,,,,,,,,,,,57.07356269999997,57.0981754,57.0981754,77.3816031,space,20.27058549999998,None,,,,,,,,,,,,,,,,,,,,,,,,,,,,,,,,,,,,,,,,,,,,,,,,,,,,,,,,,,,,,,,,,,,,,,,00023,001,2025-11-14_15h38.10.062,MST_task,2024.2.2,60.391578998217604,2025-11-14 15h38.22.075204 +0530,
,,,,,,,,,,,,,,,,,,,,,,,,,,,,,,,,,,,,,,,,,77.38162679999999,77.39776519999998,77.39776519999998,94.96456719999998,space,17.56552590000001,None,,,,,,,,,,,,,,,,,,,,,,,,,,,,,,,,,,,,,,,,,,,,,,,,,,,,,,,,,,,,,,,,00023,001,2025-11-14_15h38.10.062,MST_task,2024.2.2,60.391578998217604,2025-11-14 15h38.22.075204 +0530,
,,,,,,,,,,,,,,,,,,,,,,,,,,,,,,,,,,,,,,,,,,,,,,,,94.96459979999997,94.98076749999996,94.98076749999996,111.764139,space,16.770432900000003,None,,,,,,,,,,,,,,,,,,,,,,,,,,,,,,,,,,,,,,,,,,,,,,,,,,,,,,,,,00023,001,2025-11-14_15h38.10.062,MST_task,2024.2.2,60.391578998217604,2025-11-14 15h38.22.075204 +0530,
5,practice_images/139a.jpg,0,0,0,None,j,3.160801500000048,None,,,,,,,,,0,0,0,4,,,,,111.88023329999999,,,,,,,,,,,,,,,,,,,,,,,,,,,,,,111.87651019999998,111.88023329999999,112.2803978,112.47604339999998,112.51370729999996,112.51370729999996,112.51370729999996,115.28036349999996,None,115.28163269999999,115.29698109999998,115.29698109999998,118.4640877,j,3.160801500000048,None,,,,,,,,,,,,,,,,,,,,,,,,,,,,,,,,,,,,,,,,,00023,001,2025-11-14_15h38.10.062,MST_task,2024.2.2,60.391578998217604,2025-11-14 15h38.22.075204 +0530,
6,practice_images/158a.jpg,1,1,0,None,j,0.9148816000000011,None,,,,,,,,,0,1,1,5,,,,,118.48025489999998,,,,,,,,,,,,,,,,,,,,,,,,,,,,,,118.46417889999998,118.48025489999998,118.9639401,118.99509129999996,119.0136622,119.0136622,119.0136622,121.98024939999999,None,121.9802876,121.99684479999996,121.99684479999996,122.9139032,j,0.9148816000000011,None,119.0136622,,,,,,,,,,,,,,,,,,,,,,,,,,,,,,,,,,,,,,,,00023,001,2025-11-14_15h38.10.062,MST_task,2024.2.2,60.391578998217604,2025-11-14 15h38.22.075204 +0530,
1,practice_images/013a.jpg,2,2,0,None,f,0.6969915999999898,None,,,,,,,,,0,2,2,0,,,,,122.93030859999999,,,,,,,,,,,,,,,,,,,,,,,,,,,,,,122.91398219999996,122.93030859999999,123.41370989999996,123.4370068,123.44686209999998,123.44686209999998,123.44686209999998,126.42964619999998,None,126.4296784,126.44627009999999,126.44627009999999,127.14648739999996,f,0.6969915999999898,None,123.44686209999998,,,,,,,,,,,,,,,,,,,,,,,,,,,,,,,,,,,,,,,,00023,001,2025-11-14_15h38.10.062,MST_task,2024.2.2,60.391578998217604,2025-11-14 15h38.22.075204 +0530,
9,practice_images/180a.jpg,3,3,0,None,f,0.32592979999998306,None,,,,,,,,,0,3,3,8,,,,,127.1628518,,,,,,,,,,,,,,,,,,,,,,,,,,,,,,127.1465708,127.1628518,127.64636179999997,127.67724679999998,127.6795429,127.6795429,127.6795429,130.64661919999998,None,130.64666159999996,130.6632977,130.6632977,130.99698179999996,f,0.32592979999998306,None,127.6795429,,,,,,,,,,,,,,,,,,,,,,,,,,,,,,,,,,,,,,,,00023,001,2025-11-14_15h38.10.062,MST_task,2024.2.2,60.391578998217604,2025-11-14 15h38.22.075204 +0530,
2,practice_images/031a.jpg,4,4,0,None,f,0.6152313999999706,None,,,,,,,,,0,4,4,1,,,,,131.01330939999997,,,,,,,,,,,,,,,,,,,,,,,,,,,,,,130.99706369999996,131.01330939999997,131.49701269999997,131.51201879999996,131.52994239999998,131.52994239999998,131.52994239999998,134.51325359999998,None,134.5132855,134.5298856,134.5298856,135.14704999999998,f,0.6152313999999706,None,131.52994239999998,,,,,,,,,,,,,,,,,,,,,,,,,,,,,,,,,,,,,,,,00023,001,2025-11-14_15h38.10.062,MST_task,2024.2.2,60.391578998217604,2025-11-14 15h38.22.075204 +0530,
7,practice_images/166a.jpg,5,5,0,None,f,4.9419096999999965,None,,,,,,,,,0,5,5,6,,,,,135.16316359999996,,,,,,,,,,,,,,,,,,,,,,,,,,,,,,135.147136,135.16316359999996,135.6466254,135.67720279999998,135.69651819999996,135.69651819999996,135.69651819999996,138.6631627,None,138.66475659999998,138.6797921,138.6797921,143.630069,f,4.9419096999999965,None,135.69651819999996,,,,,,,,,,,,,,,,,,,,,,,,,,,,,,,,,,,,,,,,00023,001,2025-11-14_15h38.10.062,MST_task,2024.2.2,60.391578998217604,2025-11-14 15h38.22.075204 +0530,
10,practice_images/182a.jpg,6,6,0,None,f,0.3911464000000251,None,,,,,,,,,0,6,6,9,,,,,143.6463561,,,,,,,,,,,,,,,,,,,,,,,,,,,,,,143.63015659999996,143.6463561,144.1298595,144.14179279999996,144.146183,144.146183,144.146183,147.12979329999996,None,147.129822,147.1462914,147.1462914,147.5465633,f,0.3911464000000251,None,144.146183,147.1462914,147.1462914,147.1462914,,,,,,,,,,,,,,,,,,,,,,,,,,,,,,,,,,,,,00023,001,2025-11-14_15h38.10.062,MST_task,2024.2.2,60.391578998217604,2025-11-14 15h38.22.075204 +0530,
4,practice_images/002b.jpg,7,7,0,None,f,0.5089489999999728,None,,,,,,,,,0,7,7,3,,,,,147.5629457,,,,,,,,,,,,,,,,,,,,,,,,,,,,,,147.5466424,147.5629457,148.04644429999996,148.0694709,148.07960549999996,148.07960549999996,148.07960549999996,151.06289329999998,None,151.06292299999996,151.07949209999998,151.07949209999998,151.59659249999999,f,0.5089489999999728,None,148.07960549999996,,,,,,,,,,,,,,,,,,,,,,,,,,,,,,,,,,,,,,,,00023,001,2025-11-14_15h38.10.062,MST_task,2024.2.2,60.391578998217604,2025-11-14 15h38.22.075204 +0530,
8,practice_images/178a.jpg,8,8,0,None,f,0.2423833000000286,None,,,,,,,,,0,8,8,7,,,,,151.61285279999998,,,,,,,,,,,,,,,,,,,,,,,,,,,,,,151.59666299999998,151.61285279999998,152.09638709999996,152.11994449999997,152.12950659999996,152.12950659999996,152.12950659999996,155.1128349,None,155.11286909999995,155.1294421,155.1294421,155.3798635,f,0.2423833000000286,None,152.12950659999996,,,,,,,,,,,,,,,,,,,,,,,,,,,,,,,,,,,,,,,,00023,001,2025-11-14_15h38.10.062,MST_task,2024.2.2,60.391578998217604,2025-11-14 15h38.22.075204 +0530,
3,practice_images/037a.jpg,9,9,0,f,None,,,1.9442672999999786,0.12965239999999767,,,,,,,0,9,9,2,,,,,155.39622609999998,,,,,,,,,,,,,,,,,,,,,,,,,,,,,,155.37994099999997,155.39622609999998,155.87966439999997,155.9042971,155.9129822,155.9129822,155.9129822,158.89602249999996,f,158.89606049999998,,,158.8960705,None,,,155.9129822,,,,1.9442672999999786,0.12965239999999767,,,,,,,,,,,,,,,,,,,,,,,,,,,,,,,,,,,00023,001,2025-11-14_15h38.10.062,MST_task,2024.2.2,60.391578998217604,2025-11-14 15h38.22.075204 +0530,
,,,,,,,,,,,,,,,,,,,,,,,,,,,,,,,,,,,,,,,,,,,,,,,,,,,,,,,,,,,,,,,,,,,,,,,,,,,,,158.89611159999998,158.9126938,158.9126938,175.71275279999998,space,16.792149800000004,None,,,,,,,,,,,,,,,,,,,,,,,,,,,,00023,001,2025-11-14_15h38.10.062,MST_task,2024.2.2,60.391578998217604,2025-11-14 15h38.22.075204 +0530,
,Objects\006a.jpg,0,0,0,,,,,,,None,f,4.12584609999999,None,,,,,,,0,0,0,0,175.72900569999996,,,,,,,,,,,,,,,,,,,,,,,,,,,,,,175.71338149999997,175.72900569999996,176.2124862,,,,,,,,,,,,,,176.2458663,,,,,,,,,,,,,176.23019269999998,176.2458663,176.2458663,176.2458663,179.2289523,None,179.2311196,179.245563,179.245563,183.37911309999998,f,4.12584609999999,None,,,,,,,,,,,,,,,00023,001,2025-11-14_15h38.10.062,MST_task,2024.2.2,60.391578998217604,2025-11-14 15h38.22.075204 +0530,
,Objects\035a.jpg,1,0,1,,,,,,,None,j,0.5674108000000047,None,,,,,,,1,0,1,0,183.39550119999996,,,,,,,,,,,,,,,,,,,,,,,,,,,,,,183.3792009,183.39550119999996,183.87900209999998,,,,,,,,,,,,,,183.9284245,,,,,,,,,,,,,183.9222858,183.9284245,183.9284245,183.9284245,186.89569569999998,None,186.8957332,186.9121189,186.9121189,187.4957981,j,0.5674108000000047,None,,,,,,,,,,,,,,,00023,001,2025-11-14_15h38.10.062,MST_task,2024.2.2,60.391578998217604,2025-11-14 15h38.22.075204 +0530,
,Objects\153a.jpg,2,0,2,,,,,,,None,f,0.38434159999997064,None,,,,,,,2,0,2,0,187.51220969999997,,,,,,,,,,,,,,,,,,,,,,,,,,,,,,187.49587829999996,187.51220969999997,187.99571049999997,,,,,,,,,,,,,,188.04544629999998,,,,,,,,,,,,,188.03194679999996,188.04544629999998,188.04544629999998,188.04544629999998,191.012067,None,191.0121044,191.0288334,191.0288334,191.4292299,f,0.38434159999997064,None,,,,,,,,,,,,,,,00023,001,2025-11-14_15h38.10.062,MST_task,2024.2.2,60.391578998217604,2025-11-14 15h38.22.075204 +0530,
,Objects\163a.jpg,3,0,3,,,,,,,None,j,0.5334586000000172,None,,,,,,,3,0,3,0,191.44539749999996,,,,,,,,,,,,,,,,,,,,,,,,,,,,,,191.42930739999997,191.44539749999996,191.9289073,,,,,,,,,,,,,,191.97885149999996,,,,,,,,,,,,,191.9615455,191.97885149999996,191.97885149999996,191.97885149999996,194.94537359999998,None,194.94540989999996,194.9619379,194.9619379,195.51215589999998,j,0.5334586000000172,None,,,,,,,,,,,,,,,00023,001,2025-11-14_15h38.10.062,MST_task,2024.2.2,60.391578998217604,2025-11-14 15h38.22.075204 +0530,
,Objects\170a.jpg,4,0,4,,,,,,,None,f,0.2541724999999815,None,,,,,,,4,0,4,0,195.52873639999996,,,,,,,,,,,,,,,,,,,,,,,,,,,,,,195.51223449999998,195.52873639999996,196.01227799999998,,,,,,,,,,,,,,196.0453549,,,,,,,,,,,,,196.03487859999996,196.0453549,196.0453549,196.0453549,199.0286271,None,199.02865939999998,199.04525989999996,199.04525989999996,199.3121215,f,0.2541724999999815,None,,,,,,,,,,,,,,,00023,001,2025-11-14_15h38.10.062,MST_task,2024.2.2,60.391578998217604,2025-11-14 15h38.22.075204 +0530,
,Objects\021a.jpg,5,0,5,,,,,,,None,f,0.28901029999997263,None,,,,,,,5,0,5,0,199.3284948,,,,,,,,,,,,,,,,,,,,,,,,,,,,,,199.31219389999995,199.3284948,199.81219999999996,,,,,,,,,,,,,,199.82848159999998,,,,,,,,,,,,,199.8196408,199.82848159999998,199.82848159999998,199.82848159999998,202.8120143,None,202.81204689999998,202.82846819999997,202.82846819999997,203.12891689999998,f,0.28901029999997263,None,202.82846819999997,202.82846819999997,202.82846819999997,,,,,,,,,,,,00023,001,2025-11-14_15h38.10.062,MST_task,2024.2.2,60.391578998217604,2025-11-14 15h38.22.075204 +0530,
,Objects\063a.jpg,6,0,6,,,,,,,None,j,2.3432571999999823,None,,,,,,,6,0,6,0,203.14509049999998,,,,,,,,,,,,,,,,,,,,,,,,,,,,,,203.12900049999996,203.14509049999998,203.6285856,,,,,,,,,,,,,,203.66171299999996,,,,,,,,,,,,,203.65396019999997,203.66171299999996,203.66171299999996,203.66171299999996,206.64504269999998,None,206.64508989999996,206.661672,206.661672,209.01196369999997,j,2.3432571999999823,None,,,,,,,,,,,,,,,00023,001,2025-11-14_15h38.10.062,MST_task,2024.2.2,60.391578998217604,2025-11-14 15h38.22.075204 +0530,
,Scenes\191a.jpg,7,0,7,,,,,,,None,j,1.488238200000012,None,,,,,,,7,0,7,0,209.02830539999997,,,,,,,,,,,,,,,,,,,,,,,,,,,,,,209.0120731,209.02830539999997,209.51177709999996,,,,,,,,,,,,,,209.5619117,,,,,,,,,,,,,209.5468869,209.5619117,209.5619117,209.5619117,212.52838579999997,None,212.5296644,212.54488049999998,212.54488049999998,214.04511329999997,j,1.488238200000012,None,,,,,,,,,,,,,,,00023,001,2025-11-14_15h38.10.062,MST_task,2024.2.2,60.391578998217604,2025-11-14 15h38.22.075204 +0530,
,Scenes\124a.jpg,8,0,8,,,,,,,None,f,0.4015258000000017,None,,,,,,,8,0,8,0,214.06152879999996,,,,,,,,,,,,,,,,,,,,,,,,,,,,,,214.04519749999997,214.06152879999996,214.5450525,,,,,,,,,,,,,,214.59505329999996,,,,,,,,,,,,,214.5817318,214.59505329999996,214.59505329999996,214.59505329999996,217.56162319999999,None,217.56166099999996,217.57807879999996,217.57807879999996,217.9952414,f,0.4015258000000017,None,,,,,,,,,,,,,,,00023,001,2025-11-14_15h38.10.062,MST_task,2024.2.2,60.391578998217604,2025-11-14 15h38.22.075204 +0530,
,Scenes\075a.jpg,9,0,9,,,,,,,j,None,,,2.8757932000000324,None,,,,,9,0,9,0,218.0114734,,,,,,,,,,,,,,,,,,,,,,,,,,,,,,217.99536719999998,218.0114734,218.49491239999998,,,,,,,,,,,,,,218.57809549999996,,,,,,,,,,,,,218.56561829999998,218.57809549999996,218.57809549999996,218.57809549999996,221.5114165,j,221.5114501,,,221.51146009999997,None,,,,,,2.8757932000000324,None,,,,,,,,,,00023,001,2025-11-14_15h38.10.062,MST_task,2024.2.2,60.391578998217604,2025-11-14 15h38.22.075204 +0530,
,Scenes\007a.jpg,10,0,10,,,,,,,None,f,0.24846059999998715,None,,,,,,,10,0,10,0,221.528032,,,,,,,,,,,,,,,,,,,,,,,,,,,,,,221.51154579999996,221.528032,222.01152439999998,,,,,,,,,,,,,,222.0448455,,,,,,,,,,,,,222.03540679999998,222.0448455,222.0448455,222.0448455,225.02801039999997,None,225.0280449,225.04462789999997,225.04462789999997,225.29492779999998,f,0.24846059999998715,None,,,,,,,,,,,,,,,00023,001,2025-11-14_15h38.10.062,MST_task,2024.2.2,60.391578998217604,2025-11-14 15h38.22.075204 +0530,
,Scenes\085a.jpg,11,0,11,,,,,,,None,j,0.31308400000000347,None,,,,,,,11,0,11,0,225.31128719999998,,,,,,,,,,,,,,,,,,,,,,,,,,,,,,225.29501069999998,225.31128719999998,225.79478009999997,,,,,,,,,,,,,,225.86123279999998,,,,,,,,,,,,,225.84610909999998,225.86123279999998,225.86123279999998,225.86123279999998,228.81121459999997,None,228.8112494,228.82788089999997,228.82788089999997,229.14487549999996,j,0.31308400000000347,None,,,,,,,,,,,,,,,00023,001,2025-11-14_15h38.10.062,MST_task,2024.2.2,60.391578998217604,2025-11-14 15h38.22.075204 +0530,
,Scenes\021a.jpg,12,0,12,,,,,,,None,f,0.30096160000005057,None,,,,,,,12,0,12,0,229.1612106,,,,,,,,,,,,,,,,,,,,,,,,,,,,,,229.14498249999997,229.1612106,229.64469429999997,,,,,,,,,,,,,,229.67786639999997,,,,,,,,,,,,,229.6555009,229.67786639999997,229.67786639999997,229.67786639999997,232.66118689999996,None,232.6612225,232.67792109999993,232.67792109999993,232.99469880000004,f,0.30096160000005057,None,,,,,,,,,,,,,,,00023,001,2025-11-14_15h38.10.062,MST_task,2024.2.2,60.391578998217604,2025-11-14 15h38.22.075204 +0530,
,Scenes\079a.jpg,13,0,13,,,,,,,None,j,0.39185840000004646,None,,,,,,,13,0,13,0,233.01117309999995,,,,,,,,,,,,,,,,,,,,,,,,,,,,,,232.99477779999995,233.01117309999995,233.49463979999996,,,,,,,,,,,,,,233.52776059999997,,,,,,,,,,,,,233.50940519999995,233.52776059999997,233.52776059999997,233.52776059999997,236.51110489999996,None,236.51114039999993,236.52767159999996,236.52767159999996,236.92801350000002,j,0.39185840000004646,None,,,,,,,,,,,,,,,00023,001,2025-11-14_15h38.10.062,MST_task,2024.2.2,60.391578998217604,2025-11-14 15h38.22.075204 +0530,
,Objects\129a.jpg,14,0,14,,,,,,,None,f,0.18337500000006912,None,,,,,,,14,0,14,0,236.9443387,,,,,,,,,,,,,,,,,,,,,,,,,,,,,,236.92812149999997,236.9443387,237.42783729999996,,,,,,,,,,,,,,237.46128269999997,,,,,,,,,,,,,237.443804,237.46128269999997,237.46128269999997,237.46128269999997,240.4443837,None,240.44596679999995,240.46095860000003,240.46095860000003,240.6447819,f,0.18337500000006912,None,,,,,,,,,,,,,,,00023,001,2025-11-14_15h38.10.062,MST_task,2024.2.2,60.391578998217604,2025-11-14 15h38.22.075204 +0530,
,Objects\154a.jpg,15,0,15,,,,,,,None,j,0.23782010000002174,None,,,,,,,15,0,15,0,240.66108859999997,,,,,,,,,,,,,,,,,,,,,,,,,,,,,,240.64488789999996,240.66108859999997,241.14452599999993,,,,,,,,,,,,,,241.1943159,,,,,,,,,,,,,241.17938989999993,241.1943159,241.1943159,241.1943159,244.16102190000004,None,244.16105759999994,244.17757570000003,244.17757570000003,244.42786109999997,j,0.23782010000002174,None,,,,,,,,,,,,,,,00023,001,2025-11-14_15h38.10.062,MST_task,2024.2.2,60.391578998217604,2025-11-14 15h38.22.075204 +0530,
,Objects\085a.jpg,16,0,16,,,,,,,None,j,0.21297330000004422,None,,,,,,,16,0,16,0,244.44423289999997,,,,,,,,,,,,,,,,,,,,,,,,,,,,,,244.42797929999995,244.44423289999997,244.92778969999995,,,,,,,,,,,,,,244.9775072,,,,,,,,,,,,,244.96375319999993,244.9775072,244.9775072,244.9775072,247.9441842,None,247.94422610000004,247.96080929999994,247.96080929999994,248.1778508,j,0.21297330000004422,None,,,,,,,,,,,,,,,00023,001,2025-11-14_15h38.10.062,MST_task,2024.2.2,60.391578998217604,2025-11-14 15h38.22.075204 +0530,
,Objects\092a.jpg,17,0,17,,,,,,,None,f,0.2503378999999768,None,,,,,,,17,0,17,0,248.19416619999993,,,,,,,,,,,,,,,,,,,,,,,,,,,,,,248.17795089999993,248.19416619999993,248.6776479,,,,,,,,,,,,,,248.71075439999993,,,,,,,,,,,,,248.70292699999993,248.71075439999993,248.71075439999993,248.71075439999993,251.6941286,None,251.69420790000004,251.7107797,251.7107797,251.97784809999996,f,0.2503378999999768,None,,,,,,,,,,,,,,,00023,001,2025-11-14_15h38.10.062,MST_task,2024.2.2,60.391578998217604,2025-11-14 15h38.22.075204 +0530,
,Objects\183a.jpg,18,0,18,,,,,,,None,j,0.2106195999999727,None,,,,,,,18,0,18,0,251.99404359999994,,,,,,,,,,,,,,,,,,,,,,,,,,,,,,251.9779542,251.99404359999994,252.47753790000002,,,,,,,,,,,,,,252.51070730000004,,,,,,,,,,,,,252.49302939999995,252.51070730000004,252.51070730000004,252.51070730000004,255.49417319999998,None,255.4942168,255.51068759999998,255.51068759999998,255.7276971,j,0.2106195999999727,None,,,,,,,,,,,,,,,00023,001,2025-11-14_15h38.10.062,MST_task,2024.2.2,60.391578998217604,2025-11-14 15h38.22.075204 +0530,
,Objects\174a.jpg,19,0,19,,,,,,,None,f,0.20456539999997858,None,,,,,,,19,0,19,0,255.74393999999995,,,,,,,,,,,,,,,,,,,,,,,,,,,,,,255.72779679999996,255.74393999999995,256.22759169999995,,,,,,,,,,,,,,256.26068569999995,,,,,,,,,,,,,256.25478999999996,256.26068569999995,256.26068569999995,256.26068569999995,259.2439541,None,259.24398699999995,259.26060110000003,259.26060110000003,259.4774906,f,0.20456539999997858,None,,,,,,,,,,,,,,,00023,001,2025-11-14_15h38.10.062,MST_task,2024.2.2,60.391578998217604,2025-11-14 15h38.22.075204 +0530,
,Objects\117a.jpg,20,0,20,,,,,,,None,f,0.2645856999999978,None,,,,,,,20,0,20,0,259.4938989,,,,,,,,,,,,,,,,,,,,,,,,,,,,,,259.4776014,259.4938989,259.97734119999996,,,,,,,,,,,,,,260.02722329999995,,,,,,,,,,,,,260.0100707,260.02722329999995,260.02722329999995,260.02722329999995,262.99385899999993,None,262.9938905,263.0104947,263.0104947,263.2775773999999,f,0.2645856999999978,None,,,,,,,,,,,,,,,00023,001,2025-11-14_15h38.10.062,MST_task,2024.2.2,60.391578998217604,2025-11-14 15h38.22.075204 +0530,
,Scenes\001a.jpg,21,0,21,,,,,,,None,f,0.23688030000005256,None,,,,,,,21,0,21,0,263.2938159,,,,,,,,,,,,,,,,,,,,,,,,,,,,,,263.2776523,263.2938159,263.7773169999999,,,,,,,,,,,,,,263.82743729999993,,,,,,,,,,,,,263.80810280000003,263.82743729999993,263.82743729999993,263.82743729999993,266.79380589999994,None,266.79491559999997,266.8104125,266.8104125,267.06062639999993,f,0.23688030000005256,None,,,,,,,,,,,,,,,00023,001,2025-11-14_15h38.10.062,MST_task,2024.2.2,60.391578998217604,2025-11-14 15h38.22.075204 +0530,
,Scenes\122a.jpg,22,0,22,,,,,,,None,f,0.21366219999993064,None,,,,,,,22,0,22,0,267.07708,,,,,,,,,,,,,,,,,,,,,,,,,,,,,,267.06073849999996,267.07708,267.56066969999995,,,,,,,,,,,,,,267.64403889999994,,,,,,,,,,,,,267.62293439999996,267.64403889999994,267.64403889999994,267.64403889999994,270.5770168,None,270.5770589,270.5936657,270.5936657,270.810619,f,0.21366219999993064,None,,,,,,,,,,,,,,,00023,001,2025-11-14_15h38.10.062,MST_task,2024.2.2,60.391578998217604,2025-11-14 15h38.22.075204 +0530,
,Scenes\025a.jpg,23,0,23,,,,,,,None,j,0.22826199999997243,None,,,,,,,23,0,23,0,270.82701899999995,,,,,,,,,,,,,,,,,,,,,,,,,,,,,,270.81073819999995,270.82701899999995,271.31050270000003,,,,,,,,,,,,,,271.3602985,,,,,,,,,,,,,271.3507462,271.3602985,271.3602985,271.3602985,274.32692769999994,None,274.3269718,274.34360730000003,274.34360730000003,274.57715129999997,j,0.22826199999997243,None,,,,,,,,,,,,,,,00023,001,2025-11-14_15h38.10.062,MST_task,2024.2.2,60.391578998217604,2025-11-14 15h38.22.075204 +0530,
,Scenes\137a.jpg,24,0,24,,,,,,,j,None,,,2.4400031999999783,0.12496820000001208,,,,,24,0,24,0,274.5935842,,,,,,,,,,,,,,,,,,,,,,,,,,,,,,274.57722379999996,274.5935842,275.07704909999995,,,,,,,,,,,,,,275.2104409,,,,,,,,,,,,,275.1874722,275.2104409,275.2104409,275.2104409,278.09351449999997,j,278.0935567,,,278.09356719999994,None,,,,,,2.4400031999999783,0.12496820000001208,,,,,,,,,,00023,001,2025-11-14_15h38.10.062,MST_task,2024.2.2,60.391578998217604,2025-11-14 15h38.22.075204 +0530,
,Scenes\127a.jpg,25,0,25,,,,,,,None,j,0.332644000000073,None,,,,,,,25,0,25,0,278.11017879999997,,,,,,,,,,,,,,,,,,,,,,,,,,,,,,278.09366620000003,278.11017879999997,278.5936828,,,,,,,,,,,,,,278.7270582,,,,,,,,,,,,,278.70888449999995,278.7270582,278.7270582,278.7270582,281.6102237,None,281.61026689999994,281.6267653,281.6267653,281.96038509999994,j,0.332644000000073,None,,,,,,,,,,,,,,,00023,001,2025-11-14_15h38.10.062,MST_task,2024.2.2,60.391578998217604,2025-11-14 15h38.22.075204 +0530,
,Scenes\180a.jpg,26,0,26,,,,,,,None,j,0.3935230000000729,None,,,,,,,26,0,26,0,281.9767756,,,,,,,,,,,,,,,,,,,,,,,,,,,,,,281.9604835,281.9767756,282.4602202,,,,,,,,,,,,,,282.493705,,,,,,,,,,,,,282.4768391,282.493705,282.493705,282.493705,285.47678139999994,None,285.4768186,285.4933611,285.4933611,285.8936608,j,0.3935230000000729,None,,,,,,,,,,,,,,,00023,001,2025-11-14_15h38.10.062,MST_task,2024.2.2,60.391578998217604,2025-11-14 15h38.22.075204 +0530,
,Scenes\019a.jpg,27,0,27,,,,,,,None,f,1.1272281000000248,None,,,,,,,27,0,27,0,285.91003739999996,,,,,,,,,,,,,,,,,,,,,,,,,,,,,,285.8937409,285.91003739999996,286.3935302,,,,,,,,,,,,,,286.4433748,,,,,,,,,,,,,286.42309249999994,286.4433748,286.4433748,286.4433748,289.40995399999997,None,289.41000329999997,289.42659849999995,289.42659849999995,290.5603148,f,1.1272281000000248,None,,,,,,,,,,,,,,,00023,001,2025-11-14_15h38.10.062,MST_task,2024.2.2,60.391578998217604,2025-11-14 15h38.22.075204 +0530,
,Objects\043a.jpg,28,0,28,,,,,,,None,f,0.3339205000000902,None,,,,,,,28,0,28,0,290.57674109999994,,,,,,,,,,,,,,,,,,,,,,,,,,,,,,290.56040229999996,290.57674109999994,291.06045729999994,,,,,,,,,,,,,,291.0934403,,,,,,,,,,,,,291.0786699,291.0934403,291.0934403,291.0934403,294.07654,None,294.0782750999999,294.0931772,294.0931772,294.4435354,f,0.3339205000000902,None,,,,,,,,,,,,,,,00023,001,2025-11-14_15h38.10.062,MST_task,2024.2.2,60.391578998217604,2025-11-14 15h38.22.075204 +0530,
,Objects\032a.jpg,29,0,29,,,,,,,None,j,0.21721560000003137,None,,,,,,,29,0,29,0,294.45982129999993,,,,,,,,,,,,,,,,,,,,,,,,,,,,,,294.44360889999996,294.45982129999993,294.9434221,,,,,,,,,,,,,,294.9932142,,,,,,,,,,,,,294.9783053,294.9932142,294.9932142,294.9932142,297.9599091,None,297.95994399999995,297.9765386,297.9765386,298.2100619,j,0.21721560000003137,None,,,,,,,,,,,,,,,00023,001,2025-11-14_15h38.10.062,MST_task,2024.2.2,60.391578998217604,2025-11-14 15h38.22.075204 +0530,
,Objects\001a.jpg,30,0,30,,,,,,,None,f,0.4260963000000402,None,,,,,,,30,0,30,0,298.22652629999993,,,,,,,,,,,,,,,,,,,,,,,,,,,,,,298.21016629999997,298.22652629999993,298.7098429,,,,,,,,,,,,,,298.7596975,,,,,,,,,,,,,298.7422348,298.7596975,298.7596975,298.7596975,301.72636190000003,None,301.7263981,301.7430028,301.7430028,302.17670569999996,f,0.4260963000000402,None,,,,,,,,,,,,,,,00023,001,2025-11-14_15h38.10.062,MST_task,2024.2.2,60.391578998217604,2025-11-14 15h38.22.075204 +0530,
,Objects\028a.jpg,31,0,31,,,,,,,None,j,0.7012642999999343,None,,,,,,,31,0,31,0,302.1931237,,,,,,,,,,,,,,,,,,,,,,,,,,,,,,302.1767817,302.1931237,302.6764693,,,,,,,,,,,,,,302.709614,,,,,,,,,,,,,302.70013259999996,302.709614,302.709614,302.709614,305.69296399999996,None,305.69301329999996,305.70969119999995,305.70969119999995,306.42657510000004,j,0.7012642999999343,None,,,,,,,,,,,,,,,00023,001,2025-11-14_15h38.10.062,MST_task,2024.2.2,60.391578998217604,2025-11-14 15h38.22.075204 +0530,
,Objects\048a.jpg,32,0,32,,,,,,,None,j,0.2814986000000772,None,,,,,,,32,0,32,0,306.4430308,,,,,,,,,,,,,,,,,,,,,,,,,,,,,,306.4267029,306.4430308,306.92652569999996,,,,,,,,,,,,,,306.9595455,,,,,,,,,,,,,306.94308649999994,306.9595455,306.9595455,306.9595455,309.9429099,None,309.94294379999997,309.95970750000004,309.95970750000004,310.2431296,j,0.2814986000000772,None,,,,,,,,,,,,,,,00023,001,2025-11-14_15h38.10.062,MST_task,2024.2.2,60.391578998217604,2025-11-14 15h38.22.075204 +0530,
,Objects\150a.jpg,33,0,33,,,,,,,None,f,0.2975005999999212,None,,,,,,,33,0,33,0,310.2595119,,,,,,,,,,,,,,,,,,,,,,,,,,,,,,310.2432222,310.2595119,310.7430932,,,,,,,,,,,,,,310.77626109999994,,,,,,,,,,,,,310.75836849999996,310.77626109999994,310.77626109999994,310.77626109999994,313.7595814,None,313.75961889999996,313.77619329999993,313.77619329999993,314.0764745,f,0.2975005999999212,None,,,,,,,,,,,,,,,00023,001,2025-11-14_15h38.10.062,MST_task,2024.2.2,60.391578998217604,2025-11-14 15h38.22.075204 +0530,
,Objects\096a.jpg,34,0,34,,,,,,,None,f,0.23435990000007223,None,,,,,,,34,0,34,0,314.0928592,,,,,,,,,,,,,,,,,,,,,,,,,,,,,,314.07654790000004,314.0928592,314.576276,,,,,,,,,,,,,,314.62618039999995,,,,,,,,,,,,,314.6115692999999,314.62618039999995,314.62618039999995,314.62618039999995,317.5927394,None,317.5927779,317.60938939999994,317.60938939999994,317.85960969999996,f,0.23435990000007223,None,,,,,,,,,,,,,,,00023,001,2025-11-14_15h38.10.062,MST_task,2024.2.2,60.391578998217604,2025-11-14 15h38.22.075204 +0530,
,Scenes\049a.jpg,35,0,35,,,,,,,None,j,0.2870029999999133,None,,,,,,,35,0,35,0,317.8760088,,,,,,,,,,,,,,,,,,,,,,,,,,,,,,317.8596943,317.8760088,318.3596016,,,,,,,,,,,,,,318.40951359999997,,,,,,,,,,,,,318.3893661999999,318.40951359999997,318.40951359999997,318.40951359999997,321.3760922,None,321.37726569999995,321.39264519999995,321.39264519999995,321.6932941,j,0.2870029999999133,None,,,,,,,,,,,,,,,00023,001,2025-11-14_15h38.10.062,MST_task,2024.2.2,60.391578998217604,2025-11-14 15h38.22.075204 +0530,
,Scenes\138a.jpg,36,0,36,,,,,,,None,j,0.2596199000000752,None,,,,,,,36,0,36,0,321.70929490000003,,,,,,,,,,,,,,,,,,,,,,,,,,,,,,321.6934129,321.70929490000003,322.1929046,,,,,,,,,,,,,,322.22603129999993,,,,,,,,,,,,,322.20447409999997,322.22603129999993,322.22603129999993,322.22603129999993,325.20934509999995,None,325.20938079999996,325.2258868,325.2258868,325.49285169999996,j,0.2596199000000752,None,,,,,,,,,,,,,,,00023,001,2025-11-14_15h38.10.062,MST_task,2024.2.2,60.391578998217604,2025-11-14 15h38.22.075204 +0530,
,Scenes\060a.jpg,37,0,37,,,,,,,None,j,0.3056477000000086,None,,,,,,,37,0,37,0,325.50932839999996,,,,,,,,,,,,,,,,,,,,,,,,,,,,,,325.49296019999997,325.50932839999996,325.99278449999997,,,,,,,,,,,,,,326.1096672,,,,,,,,,,,,,326.08683569999994,326.1096672,326.1096672,326.1096672,329.00924280000004,None,329.0092754,329.02587029999995,329.02587029999995,329.3429057999999,j,0.3056477000000086,None,,,,,,,,,,,,,,,00023,001,2025-11-14_15h38.10.062,MST_task,2024.2.2,60.391578998217604,2025-11-14 15h38.22.075204 +0530,
,Scenes\104a.jpg,38,0,38,,,,,,,None,j,0.20352539999998953,None,,,,,,,38,0,38,0,329.35913559999995,,,,,,,,,,,,,,,,,,,,,,,,,,,,,,329.34300929999995,329.35913559999995,329.84257819999993,,,,,,,,,,,,,,330.0256968,,,,,,,,,,,,,330.01313830000004,330.0256968,330.0256968,330.0256968,332.8591087,None,332.85914479999997,332.8757408,332.8757408,333.09260659999995,j,0.20352539999998953,None,,,,,,,,,,,,,,,00023,001,2025-11-14_15h38.10.062,MST_task,2024.2.2,60.391578998217604,2025-11-14 15h38.22.075204 +0530,
,Scenes\158a.jpg,39,0,39,,,,,,,None,j,0.235575699999913,None,,,,,,,39,0,39,0,333.10903599999995,,,,,,,,,,,,,,,,,,,,,,,,,,,,,,333.09267950000003,333.10903599999995,333.59261530000003,,,,,,,,,,,,,,333.64228479999997,,,,,,,,,,,,,333.63186729999995,333.64228479999997,333.64228479999997,333.64228479999997,336.6091099,None,336.609147,336.62559269999997,336.62559269999997,336.87586780000004,j,0.235575699999913,None,,,,,,,,,,,,,,,00023,001,2025-11-14_15h38.10.062,MST_task,2024.2.2,60.391578998217604,2025-11-14 15h38.22.075204 +0530,
,Scenes\103a.jpg,40,0,40,,,,,,,None,j,0.06832669999994323,None,,,,,,,40,0,40,0,336.89229939999996,,,,,,,,,,,,,,,,,,,,,,,,,,,,,,336.875946,336.89229939999996,337.37570700000003,,,,,,,,,,,,,,337.4255756,,,,,,,,,,,,,337.4128352,337.4255756,337.4255756,337.4255756,340.3923092,None,340.39235369999994,340.40884819999997,340.40884819999997,340.4924839,j,0.06832669999994323,None,,,,,,,,,,,,,,,00023,001,2025-11-14_15h38.10.062,MST_task,2024.2.2,60.391578998217604,2025-11-14 15h38.22.075204 +0530,
,Scenes\171a.jpg,41,0,41,,,,,,,f,None,,,2.9413193999999976,None,,,,,41,0,41,0,340.5088549999999,,,,,,,,,,,,,,,,,,,,,,,,,,,,,,340.4925865,340.5088549999999,340.99247089999994,,,,,,,,,,,,,,341.0424591,,,,,,,,,,,,,341.0278786,341.0424591,341.0424591,341.0424591,344.008824,f,344.0088714,,,344.0088816,None,,,,,,2.9413193999999976,None,,,,,,,,,,00023,001,2025-11-14_15h38.10.062,MST_task,2024.2.2,60.391578998217604,2025-11-14 15h38.22.075204 +0530,
,Objects\151a.jpg,42,0,42,,,,,,,None,f,0.27646149999998215,None,,,,,,,42,0,42,0,344.0254748,,,,,,,,,,,,,,,,,,,,,,,,,,,,,,344.0089706,344.0254748,344.50897399999997,,,,,,,,,,,,,,344.54231730000004,,,,,,,,,,,,,344.5368032,344.54231730000004,344.54231730000004,344.54231730000004,347.52541199999996,None,347.5268883,347.5420533,347.5420533,347.8256272,f,0.27646149999998215,None,,,,,,,,,,,,,,,00023,001,2025-11-14_15h38.10.062,MST_task,2024.2.2,60.391578998217604,2025-11-14 15h38.22.075204 +0530,
,Objects\030a.jpg,43,0,43,,,,,,,None,f,0.222810000000095,None,,,,,,,43,0,43,0,347.84204109999996,,,,,,,,,,,,,,,,,,,,,,,,,,,,,,347.8256976,347.84204109999996,348.325515,,,,,,,,,,,,,,348.358661,,,,,,,,,,,,,348.35068820000004,348.358661,348.358661,348.358661,351.341988,None,351.34202159999995,351.358613,351.358613,351.59228889999997,f,0.222810000000095,None,,,,,,,,,,,,,,,00023,001,2025-11-14_15h38.10.062,MST_task,2024.2.2,60.391578998217604,2025-11-14 15h38.22.075204 +0530,
,Objects\099a.jpg,44,0,44,,,,,,,None,f,0.7878306000000066,None,,,,,,,44,0,44,0,351.6086014,,,,,,,,,,,,,,,,,,,,,,,,,,,,,,351.5923984,351.6086014,352.0921796,,,,,,,,,,,,,,352.12521989999993,,,,,,,,,,,,,352.1086752,352.12521989999993,352.12521989999993,352.12521989999993,355.1085396,None,355.10857109999995,355.1252254,355.1252254,355.92556709999997,f,0.7878306000000066,None,,,,,,,,,,,,,,,00023,001,2025-11-14_15h38.10.062,MST_task,2024.2.2,60.391578998217604,2025-11-14 15h38.22.075204 +0530,
,Objects\140a.jpg,45,0,45,,,,,,,None,f,0.1516262000000097,None,,,,,,,45,0,45,0,355.9418505,,,,,,,,,,,,,,,,,,,,,,,,,,,,,,355.9256497,355.9418505,356.4253487,,,,,,,,,,,,,,356.45848179999996,,,,,,,,,,,,,356.4481495,356.45848179999996,356.45848179999996,356.45848179999996,359.44182079999996,None,359.441868,359.45843519999994,359.45843519999994,359.62555169999996,f,0.1516262000000097,None,,,,,,,,,,,,,,,00023,001,2025-11-14_15h38.10.062,MST_task,2024.2.2,60.391578998217604,2025-11-14 15h38.22.075204 +0530,
,Objects\083a.jpg,46,0,46,,,,,,,None,f,0.25285760000008395,None,,,,,,,46,0,46,0,359.6417331,,,,,,,,,,,,,,,,,,,,,,,,,,,,,,359.6256284,359.6417331,360.12540779999995,,,,,,,,,,,,,,360.1584372,,,,,,,,,,,,,360.14062809999996,360.1584372,360.1584372,360.1584372,363.141746,None,363.14179279999996,363.15840649999996,363.15840649999996,363.4254349,f,0.25285760000008395,None,,,,,,,,,,,,,,,00023,001,2025-11-14_15h38.10.062,MST_task,2024.2.2,60.391578998217604,2025-11-14 15h38.22.075204 +0530,
,Objects\053a.jpg,47,0,47,,,,,,,None,f,0.21093259999997827,None,,,,,,,47,0,47,0,363.4416533,,,,,,,,,,,,,,,,,,,,,,,,,,,,,,363.4255155999999,363.4416533,363.92529189999993,,,,,,,,,,,,,,363.97500130000003,,,,,,,,,,,,,363.95778459999997,363.97500130000003,363.97500130000003,363.97500130000003,366.9416533,None,366.9416976,366.9582835,366.9582835,367.17538719999993,f,0.21093259999997827,None,,,,,,,,,,,,,,,00023,001,2025-11-14_15h38.10.062,MST_task,2024.2.2,60.391578998217604,2025-11-14 15h38.22.075204 +0530,
,Objects\158a.jpg,48,0,48,,,,,,,None,f,0.028766799999971226,None,,,,,,,48,0,48,0,367.19160809999994,,,,,,,,,,,,,,,,,,,,,,,,,,,,,,367.17548809999994,367.19160809999994,367.6752206,,,,,,,,,,,,,,367.72490459999995,,,,,,,,,,,,,367.7066056,367.72490459999995,367.72490459999995,367.72490459999995,370.69159319999994,None,370.6916321,370.70823459999997,370.70823459999997,370.7420614,f,0.028766799999971226,None,,,,,,,,,,,,,,,00023,001,2025-11-14_15h38.10.062,MST_task,2024.2.2,60.391578998217604,2025-11-14 15h38.22.075204 +0530,
,Scenes\022a.jpg,49,0,49,,,,,,,j,None,,,2.6363523999999643,0.13834829999996145,,,,,49,0,49,0,370.75823990000004,,,,,,,,,,,,,,,,,,,,,,,,,,,,,,370.7421713,370.75823990000004,371.2417289,,,,,,,,,,,,,,371.27512749999994,,,,,,,,,,,,,371.2584898,371.27512749999994,371.27512749999994,371.27512749999994,374.2581857,j,374.2593153,,,374.2593269,None,,,,,,2.6363523999999643,0.13834829999996145,,,,,,,,,,00023,001,2025-11-14_15h38.10.062,MST_task,2024.2.2,60.391578998217604,2025-11-14 15h38.22.075204 +0530,
,Scenes\109a.jpg,50,0,50,,,,,,,None,j,0.23371629999996912,None,,,,,,,50,0,50,0,374.2747901,,,,,,,,,,,,,,,,,,,,,,,,,,,,,,374.2594096,374.2747901,374.75825810000003,,,,,,,,,,,,,,374.87494889999994,,,,,,,,,,,,,374.8631184999999,374.87494889999994,374.87494889999994,374.87494889999994,377.77475630000004,None,377.77479289999997,377.79138639999996,377.79138639999996,378.04165679999994,j,0.23371629999996912,None,,,,,,,,,,,,,,,00023,001,2025-11-14_15h38.10.062,MST_task,2024.2.2,60.391578998217604,2025-11-14 15h38.22.075204 +0530,
,Scenes\024a.jpg,51,0,51,,,,,,,None,j,0.2443862000000081,None,,,,,,,51,0,51,0,378.058041,,,,,,,,,,,,,,,,,,,,,,,,,,,,,,378.0417374,378.058041,378.54161799999997,,,,,,,,,,,,,,378.5744817,,,,,,,,,,,,,378.5676717,378.5744817,378.5744817,378.5744817,381.55799449999995,None,381.5580301,381.57464749999997,381.57464749999997,381.8249028,j,0.2443862000000081,None,,,,,,,,,,,,,,,00023,001,2025-11-14_15h38.10.062,MST_task,2024.2.2,60.391578998217604,2025-11-14 15h38.22.075204 +0530,
,Scenes\161a.jpg,52,0,52,,,,,,,None,j,0.20915209999998297,None,,,,,,,52,0,52,0,381.8412658,,,,,,,,,,,,,,,,,,,,,,,,,,,,,,381.82500789999995,381.8412658,382.32483289999993,,,,,,,,,,,,,,382.4079266,,,,,,,,,,,,,382.39319,382.4079266,382.4079266,382.4079266,385.34140519999994,None,385.3414401,385.3578593,385.3578593,385.57489469999996,j,0.20915209999998297,None,,,,,,,,,,,,,,,00023,001,2025-11-14_15h38.10.062,MST_task,2024.2.2,60.391578998217604,2025-11-14 15h38.22.075204 +0530,
,Scenes\159a.jpg,53,0,53,,,,,,,None,j,0.3344198000000915,None,,,,,,,53,0,53,0,385.5912406,,,,,,,,,,,,,,,,,,,,,,,,,,,,,,385.5750105999999,385.5912406,386.0747523,,,,,,,,,,,,,,386.2245494,,,,,,,,,,,,,386.2064652,386.2245494,386.2245494,386.2245494,389.0911952,None,389.09123079999995,389.10781569999995,389.10781569999995,389.45819559999995,j,0.3344198000000915,None,,,,,,,,,,,,,,,00023,001,2025-11-14_15h38.10.062,MST_task,2024.2.2,60.391578998217604,2025-11-14 15h38.22.075204 +0530,
,Scenes\076a.jpg,54,0,54,,,,,,,None,j,0.5120362000000114,None,,,,,,,54,0,54,0,389.47446619999994,,,,,,,,,,,,,,,,,,,,,,,,,,,,,,389.45830649999994,389.47446619999994,389.95792199999994,,,,,,,,,,,,,,390.04145629999994,,,,,,,,,,,,,390.02335519999997,390.04145629999994,390.04145629999994,390.04145629999994,392.97441519999995,None,392.97446979999995,392.99106470000004,392.99106470000004,393.50821859999996,j,0.5120362000000114,None,,,,,,,,,,,,,,,00023,001,2025-11-14_15h38.10.062,MST_task,2024.2.2,60.391578998217604,2025-11-14 15h38.22.075204 +0530,
,Scenes\044a.jpg,55,0,55,,,,,,,None,f,2.5768309000000045,None,,,,,,,55,0,55,0,393.5244278,,,,,,,,,,,,,,,,,,,,,,,,,,,,,,393.50833149999994,393.5244278,394.00801609999996,,,,,,,,,,,,,,394.0411705,,,,,,,,,,,,,394.02352729999996,394.0411705,394.0411705,394.0411705,397.02453449999996,None,397.02457259999994,397.0409892,397.0409892,399.6246651,f,2.5768309000000045,None,,,,,,,,,,,,,,,00023,001,2025-11-14_15h38.10.062,MST_task,2024.2.2,60.391578998217604,2025-11-14 15h38.22.075204 +0530,
,Objects\007a.jpg,56,0,56,,,,,,,None,f,0.9323028999999678,None,,,,,,,56,0,56,0,399.6409116,,,,,,,,,,,,,,,,,,,,,,,,,,,,,,399.6247466,399.6409116,400.1244825,,,,,,,,,,,,,,400.1745091,,,,,,,,,,,,,400.15645359999996,400.1745091,400.1745091,400.1745091,403.1408887,None,403.14238079999996,403.1575077,403.1575077,404.0912581,f,0.9323028999999678,None,,,,,,,,,,,,,,,00023,001,2025-11-14_15h38.10.062,MST_task,2024.2.2,60.391578998217604,2025-11-14 15h38.22.075204 +0530,
,Objects\027a.jpg,57,0,57,,,,,,,None,f,7.305489100000045,None,,,,,,,57,0,57,0,404.1074933,,,,,,,,,,,,,,,,,,,,,,,,,,,,,,404.0913329,404.1074933,404.5909858,,,,,,,,,,,,,,404.640797,,,,,,,,,,,,,404.63192919999995,404.640797,404.640797,404.640797,407.6074635,None,407.60751389999996,407.62413430000004,407.62413430000004,414.9408704,f,7.305489100000045,None,,,,,,,,,,,,,,,00023,001,2025-11-14_15h38.10.062,MST_task,2024.2.2,60.391578998217604,2025-11-14 15h38.22.075204 +0530,
,Objects\059a.jpg,58,0,58,,,,,,,None,f,1.1839046000000053,None,,,,,,,58,0,58,0,414.95727220000003,,,,,,,,,,,,,,,,,,,,,,,,,,,,,,414.94096779999995,414.95727220000003,415.4407857,,,,,,,,,,,,,,415.4739198,,,,,,,,,,,,,415.4555328,415.4739198,415.4739198,415.4739198,418.45722969999997,None,418.45728610000003,418.4738549,418.4738549,419.67414299999996,f,1.1839046000000053,None,,,,,,,,,,,,,,,00023,001,2025-11-14_15h38.10.062,MST_task,2024.2.2,60.391578998217604,2025-11-14 15h38.22.075204 +0530,
,Objects\135a.jpg,59,0,59,,,,,,,None,f,14.984481200000005,None,,,,,,,59,0,59,0,419.6904915,,,,,,,,,,,,,,,,,,,,,,,,,,,,,,419.67426019999994,419.6904915,420.17398649999996,,,,,,,,,,,,,,420.22384,,,,,,,,,,,,,420.21153759999993,420.22384,420.22384,420.22384,423.19048409999994,None,423.19052109999996,423.2070523,423.2070523,438.20708089999994,f,14.984481200000005,None,,,,,,,,,,,,,,,00023,001,2025-11-14_15h38.10.062,MST_task,2024.2.2,60.391578998217604,2025-11-14 15h38.22.075204 +0530,
,Objects\165a.jpg,60,0,60,,,,,,,f,None,,,2.514976299999944,0.13370320000001357,,,,,60,0,60,0,438.2234316,,,,,,,,,,,,,,,,,,,,,,,,,,,,,,438.20719829999996,438.2234316,438.706962,,,,,,,,,,,,,,438.75675549999994,,,,,,,,,,,,,438.7456906,438.75675549999994,438.75675549999994,438.75675549999994,441.7235214,f,441.72355459999994,,,441.72356449999995,None,,,,,,2.514976299999944,0.13370320000001357,,,,,,,,,,00023,001,2025-11-14_15h38.10.062,MST_task,2024.2.2,60.391578998217604,2025-11-14 15h38.22.075204 +0530,
,Objects\187a.jpg,61,0,61,,,,,,,None,f,0.376848300000006,None,,,,,,,61,0,61,0,441.74008559999993,,,,,,,,,,,,,,,,,,,,,,,,,,,,,,441.72365189999994,441.74008559999993,442.22368140000003,,,,,,,,,,,,,,442.25668829999995,,,,,,,,,,,,,442.23985830000004,442.25668829999995,442.25668829999995,442.25668829999995,445.24001109999995,None,445.2400421,445.2565958,445.2565958,445.6402703,f,0.376848300000006,None,,,,,,,,,,,,,,,00023,001,2025-11-14_15h38.10.062,MST_task,2024.2.2,60.391578998217604,2025-11-14 15h38.22.075204 +0530,
,Objects\042a.jpg,62,0,62,,,,,,,None,j,0.3859825000000683,None,,,,,,,62,0,62,0,445.6566493,,,,,,,,,,,,,,,,,,,,,,,,,,,,,,445.6403748,445.6566493,446.14014999999995,,,,,,,,,,,,,,446.1900042,,,,,,,,,,,,,446.1729038,446.1900042,446.1900042,446.1900042,449.15656679999995,None,449.1565994,449.17322490000004,449.17322490000004,449.5734562,j,0.3859825000000683,None,,,,,,,,,,,,,,,00023,001,2025-11-14_15h38.10.062,MST_task,2024.2.2,60.391578998217604,2025-11-14 15h38.22.075204 +0530,
,Scenes\086a.jpg,63,0,63,,,,,,,None,j,2.7216525000000047,None,,,,,,,63,0,63,0,449.58997899999997,,,,,,,,,,,,,,,,,,,,,,,,,,,,,,449.57353179999996,449.58997899999997,450.07348609999997,,,,,,,,,,,,,,450.12330610000004,,,,,,,,,,,,,450.10797909999997,450.12330610000004,450.12330610000004,450.12330610000004,453.08996349999995,None,453.09112849999997,453.10657259999994,453.10657259999994,455.8401914,j,2.7216525000000047,None,,,,,,,,,,,,,,,00023,001,2025-11-14_15h38.10.062,MST_task,2024.2.2,60.391578998217604,2025-11-14 15h38.22.075204 +0530,
,Scenes\067a.jpg,64,0,64,,,,,,,None,f,0.6983639000000039,None,,,,,,,64,0,64,0,455.85652229999994,,,,,,,,,,,,,,,,,,,,,,,,,,,,,,455.84027330000004,455.85652229999994,456.33996819999993,,,,,,,,,,,,,,456.3897779,,,,,,,,,,,,,456.37591480000003,456.3897779,456.3897779,456.3897779,459.3564755,None,459.3565063,459.3730389,459.3730389,460.073226,f,0.6983639000000039,None,,,,,,,,,,,,,,,00023,001,2025-11-14_15h38.10.062,MST_task,2024.2.2,60.391578998217604,2025-11-14 15h38.22.075204 +0530,
,Scenes\172a.jpg,65,0,65,,,,,,,None,j,0.33925060000001395,None,,,,,,,65,0,65,0,460.0897685,,,,,,,,,,,,,,,,,,,,,,,,,,,,,,460.07333729999993,460.0897685,460.5731611,,,,,,,,,,,,,,460.60597029999997,,,,,,,,,,,,,460.5987023,460.60597029999997,460.60597029999997,460.60597029999997,463.58972919999997,None,463.58976139999993,463.606368,463.606368,463.95660539999994,j,0.33925060000001395,None,,,,,,,,,,,,,,,00023,001,2025-11-14_15h38.10.062,MST_task,2024.2.2,60.391578998217604,2025-11-14 15h38.22.075204 +0530,
,Scenes\023a.jpg,66,0,66,,,,,,,None,f,0.6885981000000356,None,,,,,,,66,0,66,0,463.97295080000004,,,,,,,,,,,,,,,,,,,,,,,,,,,,,,463.9566814,463.97295080000004,464.4564114,,,,,,,,,,,,,,464.4900434,,,,,,,,,,,,,464.47926729999995,464.4900434,464.4900434,464.4900434,467.4728844,None,467.4729169,467.48946709999996,467.48946709999996,468.18994299999997,f,0.6885981000000356,None,,,,,,,,,,,,,,,00023,001,2025-11-14_15h38.10.062,MST_task,2024.2.2,60.391578998217604,2025-11-14 15h38.22.075204 +0530,
,Scenes\052a.jpg,67,0,67,,,,,,,None,f,0.40120170000000144,None,,,,,,,67,0,67,0,468.20619320000003,,,,,,,,,,,,,,,,,,,,,,,,,,,,,,468.19005289999996,468.20619320000003,468.68964170000004,,,,,,,,,,,,,,468.73944659999995,,,,,,,,,,,,,468.72483139999997,468.73944659999995,468.73944659999995,468.73944659999995,471.70612629999994,None,471.70615639999994,471.72272899999996,471.72272899999996,472.13964109999995,f,0.40120170000000144,None,,,,,,,,,,,,,,,00023,001,2025-11-14_15h38.10.062,MST_task,2024.2.2,60.391578998217604,2025-11-14 15h38.22.075204 +0530,
,Scenes\033a.jpg,68,0,68,,,,,,,None,j,0.48066130000006524,None,,,,,,,68,0,68,0,472.1560488,,,,,,,,,,,,,,,,,,,,,,,,,,,,,,472.13970659999995,472.1560488,472.63954179999996,,,,,,,,,,,,,,472.7396305,,,,,,,,,,,,,472.71938679999994,472.7396305,472.7396305,472.7396305,475.6560879,None,475.65612639999995,475.6726836,475.6726836,476.156522,j,0.48066130000006524,None,,,,,,,,,,,,,,,00023,001,2025-11-14_15h38.10.062,MST_task,2024.2.2,60.391578998217604,2025-11-14 15h38.22.075204 +0530,
,Scenes\187a.jpg,69,0,69,,,,,,,j,None,,,2.832317699999976,None,,,,,69,0,69,0,476.17272,,,,,,,,,,,,,,,,,,,,,,,,,,,,,,476.15660089999994,476.17272,476.6562106,,,,,,,,,,,,,,476.68931810000004,,,,,,,,,,,,,476.6736277,476.68931810000004,476.68931810000004,476.68931810000004,479.6726248,j,479.6726595,,,479.6726692,None,,,,,,2.832317699999976,None,,,,,,,,,,00023,001,2025-11-14_15h38.10.062,MST_task,2024.2.2,60.391578998217604,2025-11-14 15h38.22.075204 +0530,
,Objects\147a.jpg,70,0,70,,,,,,,None,f,0.31552380000005087,None,,,,,,,70,0,70,0,479.68921969999997,,,,,,,,,,,,,,,,,,,,,,,,,,,,,,479.672726,479.68921969999997,480.1727648,,,,,,,,,,,,,,480.2394028,,,,,,,,,,,,,480.21886259999997,480.2394028,480.2394028,480.2394028,483.18918740000004,None,483.19073319999995,483.205785,483.205785,483.52287839999997,f,0.31552380000005087,None,,,,,,,,,,,,,,,00023,001,2025-11-14_15h38.10.062,MST_task,2024.2.2,60.391578998217604,2025-11-14 15h38.22.075204 +0530,
,Objects\146a.jpg,71,0,71,,,,,,,None,f,0.7192680999999084,None,,,,,,,71,0,71,0,483.53918269999997,,,,,,,,,,,,,,,,,,,,,,,,,,,,,,483.52294789999996,483.53918269999997,484.02265079999995,,,,,,,,,,,,,,484.05576859999996,,,,,,,,,,,,,484.0480526,484.05576859999996,484.05576859999996,484.05576859999996,487.03913809999995,None,487.0391713,487.05578149999997,487.05578149999997,487.7894679,f,0.7192680999999084,None,,,,,,,,,,,,,,,00023,001,2025-11-14_15h38.10.062,MST_task,2024.2.2,60.391578998217604,2025-11-14 15h38.22.075204 +0530,
,Objects\192a.jpg,72,0,72,,,,,,,None,f,0.323532900000032,None,,,,,,,72,0,72,0,487.8057357,,,,,,,,,,,,,,,,,,,,,,,,,,,,,,487.7895565,487.8057357,488.2892068,,,,,,,,,,,,,,488.3390108,,,,,,,,,,,,,488.32580199999995,488.3390108,488.3390108,488.3390108,491.3057053,None,491.30574690000003,491.3222819,491.3222819,491.6559264,f,0.323532900000032,None,,,,,,,,,,,,,,,00023,001,2025-11-14_15h38.10.062,MST_task,2024.2.2,60.391578998217604,2025-11-14 15h38.22.075204 +0530,
,Objects\116a.jpg,73,0,73,,,,,,,None,f,0.24446480000005977,None,,,,,,,73,0,73,0,491.6723101,,,,,,,,,,,,,,,,,,,,,,,,,,,,,,491.65600329999995,491.6723101,492.15592689999994,,,,,,,,,,,,,,492.2389588,,,,,,,,,,,,,492.2299636,492.2389588,492.2389588,492.2389588,495.17226629999993,None,495.1723107,495.1889,495.1889,495.43924819999995,f,0.24446480000005977,None,,,,,,,,,,,,,,,00023,001,2025-11-14_15h38.10.062,MST_task,2024.2.2,60.391578998217604,2025-11-14 15h38.22.075204 +0530,
,Objects\070a.jpg,74,0,74,,,,,,,None,f,0.4698997000000418,None,,,,,,,74,0,74,0,495.4555679,,,,,,,,,,,,,,,,,,,,,,,,,,,,,,495.4393609,495.4555679,495.93906200000004,,,,,,,,,,,,,,495.98886489999995,,,,,,,,,,,,,495.98265419999996,495.98886489999995,495.98886489999995,495.98886489999995,498.9555223,None,498.9555653,498.9721485,498.9721485,499.45596479999995,f,0.4698997000000418,None,,,,,,,,,,,,,,,00023,001,2025-11-14_15h38.10.062,MST_task,2024.2.2,60.391578998217604,2025-11-14 15h38.22.075204 +0530,
,Objects\041a.jpg,75,0,75,,,,,,,None,j,0.3131384999999227,None,,,,,,,75,0,75,0,499.47237899999993,,,,,,,,,,,,,,,,,,,,,,,,,,,,,,499.45604860000003,499.47237899999993,499.95567159999996,,,,,,,,,,,,,,499.9888081,,,,,,,,,,,,,499.9815611,499.9888081,499.9888081,499.9888081,502.97213339999996,None,502.972168,502.98873419999995,502.98873419999995,503.3058211,j,0.3131384999999227,None,,,,,,,,,,,,,,,00023,001,2025-11-14_15h38.10.062,MST_task,2024.2.2,60.391578998217604,2025-11-14 15h38.22.075204 +0530,
,Objects\003a.jpg,76,0,76,,,,,,,None,j,0.30104789999995774,None,,,,,,,76,0,76,0,503.3220629,,,,,,,,,,,,,,,,,,,,,,,,,,,,,,503.30592379999996,503.3220629,503.8056299,,,,,,,,,,,,,,503.8386789,,,,,,,,,,,,,503.82210339999995,503.8386789,503.8386789,503.8386789,506.8220324,None,506.82206310000004,506.8386359,506.8386359,507.1556957,j,0.30104789999995774,None,,,,,,,,,,,,,,,00023,001,2025-11-14_15h38.10.062,MST_task,2024.2.2,60.391578998217604,2025-11-14 15h38.22.075204 +0530,
,Scenes\028a.jpg,77,0,77,,,,,,,j,None,,,1.9611600000000635,0.07762949999994362,,,,,77,0,77,0,507.1719796,,,,,,,,,,,,,,,,,,,,,,,,,,,,,,507.15577299999995,507.1719796,507.6555450999999,,,,,,,,,,,,,,507.6886088,,,,,,,,,,,,,507.67372939999996,507.6886088,507.6886088,507.6886088,510.6719368,j,510.6731002,,,510.6731125,None,,,,,,1.9611600000000635,0.07762949999994362,,,,,,,,,,00023,001,2025-11-14_15h38.10.062,MST_task,2024.2.2,60.391578998217604,2025-11-14 15h38.22.075204 +0530,
,Scenes\011a.jpg,78,0,78,,,,,,,None,j,0.4370020999999724,None,,,,,,,78,0,78,0,510.6885704,,,,,,,,,,,,,,,,,,,,,,,,,,,,,,510.6732071,510.6885704,511.17211910000003,,,,,,,,,,,,,,511.20559689999993,,,,,,,,,,,,,511.1940207,511.20559689999993,511.20559689999993,511.20559689999993,514.1885447,None,514.1885778999999,514.2051606,514.2051606,514.6554816,j,0.4370020999999724,None,,,,,,,,,,,,,,,00023,001,2025-11-14_15h38.10.062,MST_task,2024.2.2,60.391578998217604,2025-11-14 15h38.22.075204 +0530,
,Scenes\184a.jpg,79,0,79,,,,,,,None,j,0.5046002000000271,None,,,,,,,79,0,79,0,514.6718807999999,,,,,,,,,,,,,,,,,,,,,,,,,,,,,,514.6555845,514.6718807999999,515.1553447,,,,,,,,,,,,,,515.1884663,,,,,,,,,,,,,515.1722642999999,515.1884663,515.1884663,515.1884663,518.1717752,None,518.1718093,518.1884388999999,518.1884388999999,518.7053535,j,0.5046002000000271,None,,,,,,,,,,,,,,,00023,001,2025-11-14_15h38.10.062,MST_task,2024.2.2,60.391578998217604,2025-11-14 15h38.22.075204 +0530,
,Scenes\034a.jpg,80,0,80,,,,,,,None,f,0.8590159999999969,None,,,,,,,80,0,80,0,518.7217665,,,,,,,,,,,,,,,,,,,,,,,,,,,,,,518.7054425,518.7217665,519.2052748,,,,,,,,,,,,,,519.2554701,,,,,,,,,,,,,519.2322536,519.2554701,519.2554701,519.2554701,522.2217009999999,None,522.2217338,522.2383254,522.2383254,523.1053358,f,0.8590159999999969,None,,,,,,,,,,,,,,,00023,001,2025-11-14_15h38.10.062,MST_task,2024.2.2,60.391578998217604,2025-11-14 15h38.22.075204 +0530,
,Scenes\110a.jpg,81,0,81,,,,,,,j,None,,,2.1192589000000908,0.09171359999993456,,,,,81,0,81,0,523.1216433999999,,,,,,,,,,,,,,,,,,,,,,,,,,,,,,523.1054438,523.1216433999999,523.6051861999999,,,,,,,,,,,,,,523.6385897,,,,,,,,,,,,,523.6228803,523.6385897,523.6385897,523.6385897,526.6216021,j,526.6216554,,,526.6216661,None,,,,,,2.1192589000000908,0.09171359999993456,,,,,,,,,,00023,001,2025-11-14_15h38.10.062,MST_task,2024.2.2,60.391578998217604,2025-11-14 15h38.22.075204 +0530,
,Scenes\073a.jpg,82,0,82,,,,,,,None,j,0.251056100000028,None,,,,,,,82,0,82,0,526.6382358,,,,,,,,,,,,,,,,,,,,,,,,,,,,,,526.6217571999999,526.6382358,527.1217841,,,,,,,,,,,,,,527.1550656,,,,,,,,,,,,,527.1465856,527.1550656,527.1550656,527.1550656,530.1382211,None,530.1382528,530.1548232,530.1548232,530.4217754,j,0.251056100000028,None,,,,,,,,,,,,,,,00023,001,2025-11-14_15h38.10.062,MST_task,2024.2.2,60.391578998217604,2025-11-14 15h38.22.075204 +0530,
,Scenes\143a.jpg,83,0,83,,,,,,,None,j,0.32081700000003366,None,,,,,,,83,0,83,0,530.4381845,,,,,,,,,,,,,,,,,,,,,,,,,,,,,,530.4218737,530.4381845,530.9217661,,,,,,,,,,,,,,530.9548118,,,,,,,,,,,,,530.9406248,530.9548118,530.9548118,530.9548118,533.9380737,None,533.9381031,533.9547347,533.9547347,534.2883535999999,j,0.32081700000003366,None,,,,,,,,,,,,,,,00023,001,2025-11-14_15h38.10.062,MST_task,2024.2.2,60.391578998217604,2025-11-14 15h38.22.075204 +0530,
,Objects\134a.jpg,84,0,84,,,,,,,None,j,0.27170939999996335,None,,,,,,,84,0,84,0,534.3047375,,,,,,,,,,,,,,,,,,,,,,,,,,,,,,534.2884689,534.3047375,534.7883297,,,,,,,,,,,,,,534.8383686999999,,,,,,,,,,,,,534.8189894,534.8383686999999,534.8383686999999,534.8383686999999,537.8047349999999,None,537.8061698,537.8213264999999,537.8213264999999,538.1049262,j,0.27170939999996335,None,,,,,,,,,,,,,,,00023,001,2025-11-14_15h38.10.062,MST_task,2024.2.2,60.391578998217604,2025-11-14 15h38.22.075204 +0530,
,Objects\152a.jpg,85,0,85,,,,,,,None,f,0.31362380000007306,None,,,,,,,85,0,85,0,538.1213242,,,,,,,,,,,,,,,,,,,,,,,,,,,,,,538.1050271,538.1213242,538.6049306,,,,,,,,,,,,,,538.6546743,,,,,,,,,,,,,538.6343186,538.6546743,538.6546743,538.6546743,541.6213313,None,541.6213652,541.6379122,541.6379122,541.9549505,f,0.31362380000007306,None,,,,,,,,,,,,,,,00023,001,2025-11-14_15h38.10.062,MST_task,2024.2.2,60.391578998217604,2025-11-14 15h38.22.075204 +0530,
,Objects\108a.jpg,86,0,86,,,,,,,None,j,0.3752077000000327,None,,,,,,,86,0,86,0,541.9712463,,,,,,,,,,,,,,,,,,,,,,,,,,,,,,541.9550557,541.9712463,542.4548131,,,,,,,,,,,,,,542.5378966,,,,,,,,,,,,,542.5194147999999,542.5378966,542.5378966,542.5378966,545.471204,None,545.4712384,545.4878419,545.4878419,545.8715062,j,0.3752077000000327,None,,,,,,,,,,,,,,,00023,001,2025-11-14_15h38.10.062,MST_task,2024.2.2,60.391578998217604,2025-11-14 15h38.22.075204 +0530,
,Objects\068a.jpg,87,0,87,,,,,,,None,f,0.2825998000000709,None,,,,,,,87,0,87,0,545.8878478,,,,,,,,,,,,,,,,,,,,,,,,,,,,,,545.8716224,545.8878478,546.3713925,,,,,,,,,,,,,,546.4711353,,,,,,,,,,,,,546.4552364,546.4711353,546.4711353,546.4711353,549.3879132,None,549.3879442,549.4044913,549.4044913,549.6880291,f,0.2825998000000709,None,,,,,,,,,,,,,,,00023,001,2025-11-14_15h38.10.062,MST_task,2024.2.2,60.391578998217604,2025-11-14 15h38.22.075204 +0530,
,Objects\089a.jpg,88,0,88,,,,,,,None,j,3.53249720000008,None,,,,,,,88,0,88,0,549.7043874999999,,,,,,,,,,,,,,,,,,,,,,,,,,,,,,549.6881036999999,549.7043874999999,550.1879178,,,,,,,,,,,,,,550.2211209,,,,,,,,,,,,,550.205111,550.2211209,550.2211209,550.2211209,553.2043902,None,553.2044273,553.2210014999999,553.2210014999999,556.7545997999999,j,3.53249720000008,None,,,,,,,,,,,,,,,00023,001,2025-11-14_15h38.10.062,MST_task,2024.2.2,60.391578998217604,2025-11-14 15h38.22.075204 +0530,
,Objects\119a.jpg,89,0,89,,,,,,,None,f,0.45138630000008106,None,,,,,,,89,0,89,0,556.7709735,,,,,,,,,,,,,,,,,,,,,,,,,,,,,,556.7547141,556.7709735,557.2545019,,,,,,,,,,,,,,557.2875637999999,,,,,,,,,,,,,557.2733877,557.2875637999999,557.2875637999999,557.2875637999999,560.2709401999999,None,560.2709707,560.2876338,560.2876338,560.7544479,f,0.45138630000008106,None,,,,,,,,,,,,,,,00023,001,2025-11-14_15h38.10.062,MST_task,2024.2.2,60.391578998217604,2025-11-14 15h38.22.075204 +0530,
,Objects\181a.jpg,90,0,90,,,,,,,None,j,0.30429629999991903,None,,,,,,,90,0,90,0,560.7708443,,,,,,,,,,,,,,,,,,,,,,,,,,,,,,560.7545592,560.7708443,561.2542734,,,,,,,,,,,,,,561.2874651,,,,,,,,,,,,,561.2820468,561.2874651,561.2874651,561.2874651,564.2709446,None,564.270977,564.2876592,564.2876592,564.604374,j,0.30429629999991903,None,,,,,,,,,,,,,,,00023,001,2025-11-14_15h38.10.062,MST_task,2024.2.2,60.391578998217604,2025-11-14 15h38.22.075204 +0530,
,Scenes\091a.jpg,91,0,91,,,,,,,None,j,0.9005494000000454,None,,,,,,,91,0,91,0,564.6207804,,,,,,,,,,,,,,,,,,,,,,,,,,,,,,564.6044465,564.6207804,565.1042722999999,,,,,,,,,,,,,,565.1873958,,,,,,,,,,,,,565.1760075999999,565.1873958,565.1873958,565.1873958,568.120727,None,568.1219078,568.1373441,568.1373441,569.0542515999999,j,0.9005494000000454,None,,,,,,,,,,,,,,,00023,001,2025-11-14_15h38.10.062,MST_task,2024.2.2,60.391578998217604,2025-11-14 15h38.22.075204 +0530,
,Scenes\117a.jpg,92,0,92,,,,,,,None,j,0.8478185999999823,None,,,,,,,92,0,92,0,569.0706992,,,,,,,,,,,,,,,,,,,,,,,,,,,,,,569.0543589,569.0706992,569.5541577,,,,,,,,,,,,,,569.5878299999999,,,,,,,,,,,,,569.5700898,569.5878299999999,569.5878299999999,569.5878299999999,572.5708303,None,572.5708668999999,572.5872874,572.5872874,573.4375564,j,0.8478185999999823,None,,,,,,,,,,,,,,,00023,001,2025-11-14_15h38.10.062,MST_task,2024.2.2,60.391578998217604,2025-11-14 15h38.22.075204 +0530,
,Scenes\167a.jpg,93,0,93,,,,,,,None,f,0.16444469999999,None,,,,,,,93,0,93,0,573.453973,,,,,,,,,,,,,,,,,,,,,,,,,,,,,,573.4376722,573.453973,573.9374058,,,,,,,,,,,,,,574.0542164,,,,,,,,,,,,,574.0388664999999,574.0542164,574.0542164,574.0542164,576.9538924999999,None,576.953941,576.9707089999999,576.9707089999999,577.13756,f,0.16444469999999,None,,,,,,,,,,,,,,,00023,001,2025-11-14_15h38.10.062,MST_task,2024.2.2,60.391578998217604,2025-11-14 15h38.22.075204 +0530,
,Scenes\059a.jpg,94,0,94,,,,,,,None,j,0.9126843999999892,None,,,,,,,94,0,94,0,577.1538858,,,,,,,,,,,,,,,,,,,,,,,,,,,,,,577.137672,577.1538858,577.637392,,,,,,,,,,,,,,577.7041267999999,,,,,,,,,,,,,577.6909869,577.7041267999999,577.7041267999999,577.7041267999999,580.6538805,None,580.6539386,580.6704834,580.6704834,581.5876167,j,0.9126843999999892,None,,,,,,,,,,,,,,,00023,001,2025-11-14_15h38.10.062,MST_task,2024.2.2,60.391578998217604,2025-11-14 15h38.22.075204 +0530,
,Scenes\150a.jpg,95,0,95,,,,,,,None,j,0.3625076999999237,None,,,,,,,95,0,95,0,581.6038606999999,,,,,,,,,,,,,,,,,,,,,,,,,,,,,,581.5877266,581.6038606999999,582.0872636,,,,,,,,,,,,,,582.1204044,,,,,,,,,,,,,582.103249,582.1204044,582.1204044,582.1204044,585.1037408,None,585.1037966,585.1203412,585.1203412,585.4872877,j,0.3625076999999237,None,,,,,,,,,,,,,,,00023,001,2025-11-14_15h38.10.062,MST_task,2024.2.2,60.391578998217604,2025-11-14 15h38.22.075204 +0530,
,Scenes\160a.jpg,96,0,96,,,,,,,None,j,0.6210894999999255,None,,,,,,,96,0,96,0,585.5036854,,,,,,,,,,,,,,,,,,,,,,,,,,,,,,585.4874072,585.5036854,585.9871365,,,,,,,,,,,,,,586.0369667,,,,,,,,,,,,,586.0162859,586.0369667,586.0369667,586.0369667,589.0036239,None,589.0036546,589.0202542,589.0202542,589.653852,j,0.6210894999999255,None,,,,,,,,,,,,,,,00023,001,2025-11-14_15h38.10.062,MST_task,2024.2.2,60.391578998217604,2025-11-14 15h38.22.075204 +0530,
,Scenes\169a.jpg,97,0,97,,,,,,,None,j,0.32458170000006703,None,,,,,,,97,0,97,0,589.6702269,,,,,,,,,,,,,,,,,,,,,,,,,,,,,,589.6539721,589.6702269,590.1537377,,,,,,,,,,,,,,590.1869141999999,,,,,,,,,,,,,590.1698714,590.1869141999999,590.1869141999999,590.1869141999999,593.1702305,None,593.1702698,593.1867973,593.1867973,593.5204623999999,j,0.32458170000006703,None,,,,,,,,,,,,,,,00023,001,2025-11-14_15h38.10.062,MST_task,2024.2.2,60.391578998217604,2025-11-14 15h38.22.075204 +0530,
,Objects\115a.jpg,98,0,98,,,,,,,None,f,0.2020686000000751,None,,,,,,,98,0,98,0,593.5368257,,,,,,,,,,,,,,,,,,,,,,,,,,,,,,593.5205391,593.5368257,594.0203184,,,,,,,,,,,,,,594.0704453999999,,,,,,,,,,,,,594.0516561,594.0704453999999,594.0704453999999,594.0704453999999,597.0368518,None,597.0384755,597.0533684,597.0533684,597.2703405999999,f,0.2020686000000751,None,,,,,,,,,,,,,,,00023,001,2025-11-14_15h38.10.062,MST_task,2024.2.2,60.391578998217604,2025-11-14 15h38.22.075204 +0530,
,Objects\118a.jpg,99,0,99,,,,,,,None,f,0.4422653999999966,None,,,,,,,99,0,99,0,597.2866902,,,,,,,,,,,,,,,,,,,,,,,,,,,,,,597.2704398,597.2866902,597.770187,,,,,,,,,,,,,,597.8033712,,,,,,,,,,,,,597.798237,597.8033712,597.8033712,597.8033712,600.7867206,None,600.7867543,600.803284,600.803284,601.2536743,f,0.4422653999999966,None,,,,,,,,,,,,,,,00023,001,2025-11-14_15h38.10.062,MST_task,2024.2.2,60.391578998217604,2025-11-14 15h38.22.075204 +0530,
,Objects\184a.jpg,100,0,100,,,,,,,None,j,0.29430969999998524,None,,,,,,,100,0,100,0,601.2700006,,,,,,,,,,,,,,,,,,,,,,,,,,,,,,601.2537422,601.2700006,601.7535379999999,,,,,,,,,,,,,,601.7866741,,,,,,,,,,,,,601.7699704,601.7866741,601.7866741,601.7866741,604.7701184,None,604.7701542,604.7867597,604.7867597,605.0870226,j,0.29430969999998524,None,,,,,,,,,,,,,,,00023,001,2025-11-14_15h38.10.062,MST_task,2024.2.2,60.391578998217604,2025-11-14 15h38.22.075204 +0530,
,Objects\066a.jpg,101,0,101,,,,,,,None,f,0.4134851000000026,None,,,,,,,101,0,101,0,605.1032124999999,,,,,,,,,,,,,,,,,,,,,,,,,,,,,,605.0871463,605.1032124999999,605.5867936,,,,,,,,,,,,,,605.6199056,,,,,,,,,,,,,605.6032142,605.6199056,605.6199056,605.6199056,608.6032266,None,608.6032649,608.6198572,608.6198572,609.0368434,f,0.4134851000000026,None,,,,,,,,,,,,,,,00023,001,2025-11-14_15h38.10.062,MST_task,2024.2.2,60.391578998217604,2025-11-14 15h38.22.075204 +0530,
,Objects\013a.jpg,102,0,102,,,,,,,None,j,0.4422237999999652,None,,,,,,,102,0,102,0,609.0531536,,,,,,,,,,,,,,,,,,,,,,,,,,,,,,609.0369268,609.0531536,609.5367294,,,,,,,,,,,,,,609.5697606,,,,,,,,,,,,,609.5651189,609.5697606,609.5697606,609.5697606,612.5531314,None,612.5531641,612.5697676999999,612.5697676999999,613.0201069999999,j,0.4422237999999652,None,,,,,,,,,,,,,,,00023,001,2025-11-14_15h38.10.062,MST_task,2024.2.2,60.391578998217604,2025-11-14 15h38.22.075204 +0530,
,Objects\123a.jpg,103,0,103,,,,,,,None,j,0.9908990000000131,None,,,,,,,103,0,103,0,613.0363637,,,,,,,,,,,,,,,,,,,,,,,,,,,,,,613.0201835,613.0363637,613.5199013,,,,,,,,,,,,,,613.5530433,,,,,,,,,,,,,613.5371276,613.5530433,613.5530433,613.5530433,616.5363853,None,616.536421,616.5529891,616.5529891,617.5532552999999,j,0.9908990000000131,None,,,,,,,,,,,,,,,00023,001,2025-11-14_15h38.10.062,MST_task,2024.2.2,60.391578998217604,2025-11-14 15h38.22.075204 +0530,
,Objects\186a.jpg,104,0,104,,,,,,,None,f,0.4045793999999887,None,,,,,,,104,0,104,0,617.5696335,,,,,,,,,,,,,,,,,,,,,,,,,,,,,,617.5533293999999,617.5696335,618.0531953999999,,,,,,,,,,,,,,618.0862863,,,,,,,,,,,,,618.0782954,618.0862863,618.0862863,618.0862863,621.0696025999999,None,621.0696375,621.0862063,621.0862063,621.5032583,f,0.4045793999999887,None,,,,,,,,,,,,,,,00023,001,2025-11-14_15h38.10.062,MST_task,2024.2.2,60.391578998217604,2025-11-14 15h38.22.075204 +0530,
,Scenes\082a.jpg,105,0,105,,,,,,,None,j,0.3592376999999942,None,,,,,,,105,0,105,0,621.5195173999999,,,,,,,,,,,,,,,,,,,,,,,,,,,,,,621.5033424,621.5195173999999,622.0031859,,,,,,,,,,,,,,622.052863,,,,,,,,,,,,,622.0326775,622.052863,622.052863,622.052863,625.019528,None,625.0206793,625.0361044,625.0361044,625.40316,j,0.3592376999999942,None,,,,,,,,,,,,,,,00023,001,2025-11-14_15h38.10.062,MST_task,2024.2.2,60.391578998217604,2025-11-14 15h38.22.075204 +0530,
,Scenes\120a.jpg,106,0,106,,,,,,,j,None,,,1.9220662999999831,0.12749999999994088,,,,,106,0,106,0,625.4194646,,,,,,,,,,,,,,,,,,,,,,,,,,,,,,625.4032761,625.4194646,625.9029553,,,,,,,,,,,,,,625.953025,,,,,,,,,,,,,625.9320275,625.953025,625.953025,625.953025,628.9194381,j,628.9194755,,,628.9194866,None,,,,,,1.9220662999999831,0.12749999999994088,,,,,,,,,,00023,001,2025-11-14_15h38.10.062,MST_task,2024.2.2,60.391578998217604,2025-11-14 15h38.22.075204 +0530,
,Scenes\162a.jpg,107,0,107,,,,,,,None,j,0.6771297999999888,None,,,,,,,107,0,107,0,628.936017,,,,,,,,,,,,,,,,,,,,,,,,,,,,,,628.9195822,628.936017,629.4195397999999,,,,,,,,,,,,,,629.4526860999999,,,,,,,,,,,,,629.4351303,629.4526860999999,629.4526860999999,629.4526860999999,632.436099,None,632.4361311,632.4526106,632.4526106,633.1362591999999,j,0.6771297999999888,None,,,,,,,,,,,,,,,00023,001,2025-11-14_15h38.10.062,MST_task,2024.2.2,60.391578998217604,2025-11-14 15h38.22.075204 +0530,
,Scenes\142a.jpg,108,0,108,,,,,,,None,j,1.0819060000000036,None,,,,,,,108,0,108,0,633.1526931999999,,,,,,,,,,,,,,,,,,,,,,,,,,,,,,633.1363606,633.1526931999999,633.6362035,,,,,,,,,,,,,,633.6692664999999,,,,,,,,,,,,,633.6554755,633.6692664999999,633.6692664999999,633.6692664999999,636.6525811,None,636.652612,636.6692562,636.6692562,637.7528616,j,1.0819060000000036,None,,,,,,,,,,,,,,,00023,001,2025-11-14_15h38.10.062,MST_task,2024.2.2,60.391578998217604,2025-11-14 15h38.22.075204 +0530,
,Scenes\170a.jpg,109,0,109,,,,,,,None,j,0.4879541999999901,None,,,,,,,109,0,109,0,637.7692309,,,,,,,,,,,,,,,,,,,,,,,,,,,,,,637.7529771,637.7692309,638.2527547,,,,,,,,,,,,,,638.2859222,,,,,,,,,,,,,638.2687278999999,638.2859222,638.2859222,638.2859222,641.2692318,None,641.2692687,641.2858352,641.2858352,641.7860741,j,0.4879541999999901,None,,,,,,,,,,,,,,,00023,001,2025-11-14_15h38.10.062,MST_task,2024.2.2,60.391578998217604,2025-11-14 15h38.22.075204 +0530,
,Scenes\035a.jpg,110,0,110,,,,,,,j,None,,,2.850797899999975,0.11129640000001473,,,,,110,0,110,0,641.802444,,,,,,,,,,,,,,,,,,,,,,,,,,,,,,641.7861532,641.802444,642.2859162999999,,,,,,,,,,,,,,642.3191165,,,,,,,,,,,,,642.2995789,642.3191165,642.3191165,642.3191165,645.3024547,j,645.3024955,,,645.3025061,None,,,,,,2.850797899999975,0.11129640000001473,,,,,,,,,,00023,001,2025-11-14_15h38.10.062,MST_task,2024.2.2,60.391578998217604,2025-11-14 15h38.22.075204 +0530,
,Scenes\152a.jpg,111,0,111,,,,,,,None,j,0.46216960000003837,None,,,,,,,111,0,111,0,645.3190665999999,,,,,,,,,,,,,,,,,,,,,,,,,,,,,,645.3025714,645.3190665999999,645.8025374,,,,,,,,,,,,,,,,,,,,,,,,,,,645.8322281,645.8524924999999,645.8524924999999,645.8524924999999,648.8190376,None,648.819069,648.8356408999999,648.8356408999999,649.3027165999999,j,0.46216960000003837,None,,,,,,,,,,,,,,,00023,001,2025-11-14_15h38.10.062,MST_task,2024.2.2,60.391578998217604,2025-11-14 15h38.22.075204 +0530,
,Objects\159a.jpg,112,0,112,,,,,,,None,f,0.35417469999993045,None,,,,,,,112,0,112,0,649.3190873,,,,,,,,,,,,,,,,,,,,,,,,,,,,,,649.3028233,649.3190873,649.802552,,,,,,,,,,,,,,649.8360041999999,,,,,,,,,,,,,649.819266,649.8360041999999,649.8360041999999,649.8360041999999,652.8189497999999,None,652.820605,652.8355717,652.8355717,653.2027899,f,0.35417469999993045,None,,,,,,,,,,,,,,,00023,001,2025-11-14_15h38.10.062,MST_task,2024.2.2,60.391578998217604,2025-11-14 15h38.22.075204 +0530,
,Objects\086a.jpg,113,0,113,,,,,,,None,f,0.3539355999999998,None,,,,,,,113,0,113,0,653.2190051,,,,,,,,,,,,,,,,,,,,,,,,,,,,,,653.2029054,653.2190051,653.702354,,,,,,,,,,,,,,653.76892,,,,,,,,,,,,,653.7601391,653.76892,653.76892,653.76892,656.7188553,None,656.7188976,656.7354952,656.7354952,657.1024516,f,0.3539355999999998,None,,,,,,,,,,,,,,,00023,001,2025-11-14_15h38.10.062,MST_task,2024.2.2,60.391578998217604,2025-11-14 15h38.22.075204 +0530,
,Objects\175a.jpg,114,0,114,,,,,,,None,j,2.168125200000077,None,,,,,,,114,0,114,0,657.1187985,,,,,,,,,,,,,,,,,,,,,,,,,,,,,,657.1025559999999,657.1187985,657.6023761,,,,,,,,,,,,,,657.6355705,,,,,,,,,,,,,657.6178658,657.6355705,657.6355705,657.6355705,660.6189071,None,660.6189458,660.6355119,660.6355119,662.8190483,j,2.168125200000077,None,,,,,,,,,,,,,,,00023,001,2025-11-14_15h38.10.062,MST_task,2024.2.2,60.391578998217604,2025-11-14 15h38.22.075204 +0530,
,Objects\101a.jpg,115,0,115,,,,,,,None,f,0.25995879999993576,None,,,,,,,115,0,115,0,662.8354588999999,,,,,,,,,,,,,,,,,,,,,,,,,,,,,,662.8191201999999,662.8354588999999,663.3190463,,,,,,,,,,,,,,663.3687055,,,,,,,,,,,,,663.3546461999999,663.3687055,663.3687055,663.3687055,666.3353314999999,None,666.3353654,666.3519692,666.3519692,666.6189366,f,0.25995879999993576,None,,,,,,,,,,,,,,,00023,001,2025-11-14_15h38.10.062,MST_task,2024.2.2,60.391578998217604,2025-11-14 15h38.22.075204 +0530,
,Objects\019a.jpg,116,0,116,,,,,,,None,j,0.3378847000000178,None,,,,,,,116,0,116,0,666.6352475,,,,,,,,,,,,,,,,,,,,,,,,,,,,,,666.6190076,666.6352475,667.1189228,,,,,,,,,,,,,,667.1685798,,,,,,,,,,,,,667.1627211,667.1685798,667.1685798,667.1685798,670.1354168,None,670.1354491,670.1519882,670.1519882,670.502074,j,0.3378847000000178,None,,,,,,,,,,,,,,,00023,001,2025-11-14_15h38.10.062,MST_task,2024.2.2,60.391578998217604,2025-11-14 15h38.22.075204 +0530,
,Objects\103a.jpg,117,0,117,,,,,,,None,j,0.25634309999998095,None,,,,,,,117,0,117,0,670.5185144,,,,,,,,,,,,,,,,,,,,,,,,,,,,,,670.5021562,670.5185144,671.0020571,,,,,,,,,,,,,,671.0852322,,,,,,,,,,,,,671.0660266,671.0852322,671.0852322,671.0852322,674.0184564,None,674.0184899,674.0351258,674.0351258,674.3020249,j,0.25634309999998095,None,,,,,,,,,,,,,,,00023,001,2025-11-14_15h38.10.062,MST_task,2024.2.2,60.391578998217604,2025-11-14 15h38.22.075204 +0530,
,Objects\122a.jpg,118,0,118,,,,,,,None,f,0.42855489999999463,None,,,,,,,118,0,118,0,674.3184483,,,,,,,,,,,,,,,,,,,,,,,,,,,,,,674.3021294,674.3184483,674.8019822,,,,,,,,,,,,,,674.8351446,,,,,,,,,,,,,674.8186321,674.8351446,674.8351446,674.8351446,677.8183582,None,677.8183963,677.8350306,677.8350306,678.2686643,f,0.42855489999999463,None,,,,,,,,,,,,,,,00023,001,2025-11-14_15h38.10.062,MST_task,2024.2.2,60.391578998217604,2025-11-14 15h38.22.075204 +0530,
,Scenes\153a.jpg,119,0,119,,,,,,,None,j,0.25053860000002715,None,,,,,,,119,0,119,0,678.285034,,,,,,,,,,,,,,,,,,,,,,,,,,,,,,678.268739,678.285034,678.7685314,,,,,,,,,,,,,,678.8017136,,,,,,,,,,,,,678.7845308999999,678.8017136,678.8017136,678.8017136,681.7849924999999,None,681.7862053,681.8016238,681.8016238,682.0686053,j,0.25053860000002715,None,,,,,,,,,,,,,,,00023,001,2025-11-14_15h38.10.062,MST_task,2024.2.2,60.391578998217604,2025-11-14 15h38.22.075204 +0530,
,Scenes\083a.jpg,120,0,120,,,,,,,None,j,0.21357179999995424,None,,,,,,,120,0,120,0,682.084933,,,,,,,,,,,,,,,,,,,,,,,,,,,,,,682.0687226,682.084933,682.5686809,,,,,,,,,,,,,,682.6016566,,,,,,,,,,,,,682.5856375,682.6016566,682.6016566,682.6016566,685.5850242,None,685.5850622,685.6016575,685.6016575,685.8186304,j,0.21357179999995424,None,,,,,,,,,,,,,,,00023,001,2025-11-14_15h38.10.062,MST_task,2024.2.2,60.391578998217604,2025-11-14 15h38.22.075204 +0530,
,Scenes\058a.jpg,121,0,121,,,,,,,None,f,0.33234349999997903,None,,,,,,,121,0,121,0,685.8348642999999,,,,,,,,,,,,,,,,,,,,,,,,,,,,,,685.8187461,685.8348642999999,686.3184129,,,,,,,,,,,,,,686.3515585,,,,,,,,,,,,,686.3309983,686.3515585,686.3515585,686.3515585,689.3348694,None,689.3349082999999,689.3515303,689.3515303,689.6852083,f,0.33234349999997903,None,,,,,,,,,,,,,,,00023,001,2025-11-14_15h38.10.062,MST_task,2024.2.2,60.391578998217604,2025-11-14 15h38.22.075204 +0530,
,Scenes\015a.jpg,122,0,122,,,,,,,None,j,0.46115179999992506,None,,,,,,,122,0,122,0,689.7014333999999,,,,,,,,,,,,,,,,,,,,,,,,,,,,,,689.6853447999999,689.7014333999999,690.1850557,,,,,,,,,,,,,,690.2183838,,,,,,,,,,,,,690.2086957,690.2183838,690.2183838,690.2183838,693.2016105,None,693.2016427,693.2181522999999,693.2181522999999,693.6850107,j,0.46115179999992506,None,,,,,,,,,,,,,,,00023,001,2025-11-14_15h38.10.062,MST_task,2024.2.2,60.391578998217604,2025-11-14 15h38.22.075204 +0530,
,Scenes\156a.jpg,123,0,123,,,,,,,None,j,0.39259179999999105,None,,,,,,,123,0,123,0,693.7014352,,,,,,,,,,,,,,,,,,,,,,,,,,,,,,693.6851230999999,693.7014352,694.1849027,,,,,,,,,,,,,,694.2179193,,,,,,,,,,,,,694.2116442,694.2179193,694.2179193,694.2179193,697.2013541,None,697.2013862,697.2179567,697.2179567,697.6182281,j,0.39259179999999105,None,,,,,,,,,,,,,,,00023,001,2025-11-14_15h38.10.062,MST_task,2024.2.2,60.391578998217604,2025-11-14 15h38.22.075204 +0530,
,Scenes\046a.jpg,124,0,124,,,,,,,None,j,0.34617309999998724,None,,,,,,,124,0,124,0,697.6346229,,,,,,,,,,,,,,,,,,,,,,,,,,,,,,697.6183297,697.6346229,698.1180699,,,,,,,,,,,,,,698.1679859999999,,,,,,,,,,,,,698.1506713,698.1679859999999,698.1679859999999,698.1679859999999,701.1345813,None,701.1346128,701.1511809,701.1511809,701.5016508,j,0.34617309999998724,None,,,,,,,,,,,,,,,00023,001,2025-11-14_15h38.10.062,MST_task,2024.2.2,60.391578998217604,2025-11-14 15h38.22.075204 +0530,
,Scenes\114a.jpg,125,0,125,,,,,,,None,f,0.3071512999999868,None,,,,,,,125,0,125,0,701.5178523,,,,,,,,,,,,,,,,,,,,,,,,,,,,,,701.5017609,701.5178523,702.0013235,,,,,,,,,,,,,,702.0512027,,,,,,,,,,,,,702.0348175,702.0512027,702.0512027,702.0512027,705.0178241,None,705.0178574,705.0344451,705.0344451,705.3515032,f,0.3071512999999868,None,,,,,,,,,,,,,,,00023,001,2025-11-14_15h38.10.062,MST_task,2024.2.2,60.391578998217604,2025-11-14 15h38.22.075204 +0530,
,Objects\025a.jpg,126,0,126,,,,,,,j,None,,,2.7147236999999222,0.13444190000006984,,,,,126,0,126,0,705.3677893,,,,,,,,,,,,,,,,,,,,,,,,,,,,,,705.3516112,705.3677893,705.8512375,,,,,,,,,,,,,,705.9347541999999,,,,,,,,,,,,,705.9152239,705.9347541999999,705.9347541999999,705.9347541999999,708.8677124,j,708.8692913,,,708.8693068,None,,,,,,2.7147236999999222,0.13444190000006984,,,,,,,,,,00023,001,2025-11-14_15h38.10.062,MST_task,2024.2.2,60.391578998217604,2025-11-14 15h38.22.075204 +0530,
,Objects\057a.jpg,127,0,127,,,,,,,None,f,0.314819600000078,None,,,,,,,127,0,127,0,708.8843669,,,,,,,,,,,,,,,,,,,,,,,,,,,,,,708.8694005,708.8843669,709.3679631,,,,,,,,,,,,,,709.4009873,,,,,,,,,,,,,709.3835999,709.4009873,709.4009873,709.4009873,712.3843694,None,712.3844021,712.4009558,712.4009558,712.7179036,f,0.314819600000078,None,,,,,,,,,,,,,,,00023,001,2025-11-14_15h38.10.062,MST_task,2024.2.2,60.391578998217604,2025-11-14 15h38.22.075204 +0530,
,Objects\095a.jpg,128,0,128,,,,,,,None,f,0.6940647999999783,None,,,,,,,128,0,128,0,712.734277,,,,,,,,,,,,,,,,,,,,,,,,,,,,,,712.7179749,712.734277,713.2178786,,,,,,,,,,,,,,713.2508995,,,,,,,,,,,,,713.2450428,713.2508995,713.2508995,713.2508995,716.2343341,None,716.2343707,716.2508816,716.2508816,716.9512609999999,f,0.6940647999999783,None,,,,,,,,,,,,,,,00023,001,2025-11-14_15h38.10.062,MST_task,2024.2.2,60.391578998217604,2025-11-14 15h38.22.075204 +0530,
,Objects\023a.jpg,129,0,129,,,,,,,None,f,0.393501600000036,None,,,,,,,129,0,129,0,716.9675229,,,,,,,,,,,,,,,,,,,,,,,,,,,,,,716.9513731,716.9675229,717.4511322999999,,,,,,,,,,,,,,717.4841418,,,,,,,,,,,,,717.4786293,717.4841418,717.4841418,717.4841418,720.4675883,None,720.4676276,720.4840783,720.4840783,720.8844655,f,0.393501600000036,None,,,,,,,,,,,,,,,00023,001,2025-11-14_15h38.10.062,MST_task,2024.2.2,60.391578998217604,2025-11-14 15h38.22.075204 +0530,
,Objects\127a.jpg,130,0,130,,,,,,,None,f,0.546039300000075,None,,,,,,,130,0,130,0,720.9007776999999,,,,,,,,,,,,,,,,,,,,,,,,,,,,,,720.8845431999999,720.9007776999999,721.3843162,,,,,,,,,,,,,,721.4173965,,,,,,,,,,,,,721.4058963,721.4173965,721.4173965,721.4173965,724.4007902999999,None,724.4008273,724.4174114,724.4174114,724.9677639,f,0.546039300000075,None,,,,,,,,,,,,,,,00023,001,2025-11-14_15h38.10.062,MST_task,2024.2.2,60.391578998217604,2025-11-14 15h38.22.075204 +0530,
,Objects\017a.jpg,131,0,131,,,,,,,None,f,0.3257466000000022,None,,,,,,,131,0,131,0,724.9839886,,,,,,,,,,,,,,,,,,,,,,,,,,,,,,724.9678306,724.9839886,725.4674851999999,,,,,,,,,,,,,,725.517307,,,,,,,,,,,,,725.4977180999999,725.517307,725.517307,725.517307,728.4840058999999,None,728.4840588,728.5006442,728.5006442,728.8343476,f,0.3257466000000022,None,,,,,,,,,,,,,,,00023,001,2025-11-14_15h38.10.062,MST_task,2024.2.2,60.391578998217604,2025-11-14 15h38.22.075204 +0530,
,Objects\188a.jpg,132,0,132,,,,,,,None,f,0.2924226999999746,None,,,,,,,132,0,132,0,728.8506166999999,,,,,,,,,,,,,,,,,,,,,,,,,,,,,,728.8344203,728.8506166999999,729.3341718,,,,,,,,,,,,,,729.3672654,,,,,,,,,,,,,729.3497369,729.3672654,729.3672654,729.3672654,732.3506148,None,732.3506583999999,732.3672177,732.3672177,732.6675941,f,0.2924226999999746,None,,,,,,,,,,,,,,,00023,001,2025-11-14_15h38.10.062,MST_task,2024.2.2,60.391578998217604,2025-11-14 15h38.22.075204 +0530,
,Scenes\157a.jpg,133,0,133,,,,,,,None,j,0.48672190000002047,None,,,,,,,133,0,133,0,732.6838597999999,,,,,,,,,,,,,,,,,,,,,,,,,,,,,,732.6677030999999,732.6838597999999,733.1673801,,,,,,,,,,,,,,733.2007714,,,,,,,,,,,,,733.1851576,733.2007714,733.2007714,733.2007714,736.1839683,None,736.1851442,736.2004459,736.2004459,736.7006855,j,0.48672190000002047,None,,,,,,,,,,,,,,,00023,001,2025-11-14_15h38.10.062,MST_task,2024.2.2,60.391578998217604,2025-11-14 15h38.22.075204 +0530,
,Scenes\016a.jpg,134,0,134,,,,,,,None,j,0.4011090999999851,None,,,,,,,134,0,134,0,736.7171063,,,,,,,,,,,,,,,,,,,,,,,,,,,,,,736.7007954,736.7171063,737.2006268,,,,,,,,,,,,,,737.2339793,,,,,,,,,,,,,737.2171028,737.2339793,737.2339793,737.2339793,740.2170439,None,740.2170805,740.2336973,740.2336973,740.6506317,j,0.4011090999999851,None,,,,,,,,,,,,,,,00023,001,2025-11-14_15h38.10.062,MST_task,2024.2.2,60.391578998217604,2025-11-14 15h38.22.075204 +0530,
,Scenes\029a.jpg,135,0,135,,,,,,,None,j,1.1600542000001042,None,,,,,,,135,0,135,0,740.667015,,,,,,,,,,,,,,,,,,,,,,,,,,,,,,740.6507434,740.667015,741.1504962,,,,,,,,,,,,,,741.200562,,,,,,,,,,,,,741.1844927,741.200562,741.200562,741.200562,744.1669987,None,744.1670322,744.1836186999999,744.1836186999999,745.3505765,j,1.1600542000001042,None,,,,,,,,,,,,,,,00023,001,2025-11-14_15h38.10.062,MST_task,2024.2.2,60.391578998217604,2025-11-14 15h38.22.075204 +0530,
,Scenes\031a.jpg,136,0,136,,,,,,,None,f,0.4002629000001434,None,,,,,,,136,0,136,0,745.3669629000001,,,,,,,,,,,,,,,,,,,,,,,,,,,,,,745.3506851,745.3669629000001,745.8505316999999,,,,,,,,,,,,,,745.9170531,,,,,,,,,,,,,745.9061586,745.9170531,745.9170531,745.9170531,748.8669204,None,748.8669717,748.8835191000001,748.8835191000001,749.3004979,f,0.4002629000001434,None,,,,,,,,,,,,,,,00023,001,2025-11-14_15h38.10.062,MST_task,2024.2.2,60.391578998217604,2025-11-14 15h38.22.075204 +0530,
,Scenes\045a.jpg,137,0,137,,,,,,,None,f,1.2401108000001386,None,,,,,,,137,0,137,0,749.3168659,,,,,,,,,,,,,,,,,,,,,,,,,,,,,,749.3006114,749.3168659,749.8003131999999,,,,,,,,,,,,,,749.9004069,,,,,,,,,,,,,749.8852419,749.9004069,749.9004069,749.9004069,752.8168264000001,None,752.8168584,752.8334394000001,752.8334394000001,754.0836549999999,f,1.2401108000001386,None,,,,,,,,,,,,,,,00023,001,2025-11-14_15h38.10.062,MST_task,2024.2.2,60.391578998217604,2025-11-14 15h38.22.075204 +0530,
,Scenes\116a.jpg,138,0,138,,,,,,,None,j,0.309318200000007,None,,,,,,,138,0,138,0,754.1000692,,,,,,,,,,,,,,,,,,,,,,,,,,,,,,754.0837339,754.1000692,754.5835709999999,,,,,,,,,,,,,,754.6333844999999,,,,,,,,,,,,,754.612437,754.6333844999999,754.6333844999999,754.6333844999999,757.6000314,None,757.6000669,757.6166582999999,757.6166582999999,757.9336728999999,j,0.309318200000007,None,,,,,,,,,,,,,,,00023,001,2025-11-14_15h38.10.062,MST_task,2024.2.2,60.391578998217604,2025-11-14 15h38.22.075204 +0530,
,Scenes\093a.jpg,139,0,139,,,,,,,None,f,0.20639269999992393,None,,,,,,,139,0,139,0,757.9500407999999,,,,,,,,,,,,,,,,,,,,,,,,,,,,,,757.9337774,757.9500407999999,758.4334326999999,,,,,,,,,,,,,,758.4666104999999,,,,,,,,,,,,,758.4515002999999,758.4666104999999,758.4666104999999,758.4666104999999,761.4499272,None,761.4499610999999,761.4667082999999,761.4667082999999,761.6835498,f,0.20639269999992393,None,,,,,,,,,,,,,,,00023,001,2025-11-14_15h38.10.062,MST_task,2024.2.2,60.391578998217604,2025-11-14 15h38.22.075204 +0530,
,Objects\160a.jpg,140,0,140,,,,,,,None,f,0.18374119999998584,None,,,,,,,140,0,140,0,761.6999128,,,,,,,,,,,,,,,,,,,,,,,,,,,,,,761.6836687,761.6999128,762.1834002,,,,,,,,,,,,,,762.233469,,,,,,,,,,,,,762.2168107,762.233469,762.233469,762.233469,765.1998951999999,None,765.2015681999999,765.2165026,765.2165026,765.4168893000001,f,0.18374119999998584,None,,,,,,,,,,,,,,,00023,001,2025-11-14_15h38.10.062,MST_task,2024.2.2,60.391578998217604,2025-11-14 15h38.22.075204 +0530,
,Objects\004a.jpg,141,0,141,,,,,,,None,j,0.2997912999999244,None,,,,,,,141,0,141,0,765.4331679,,,,,,,,,,,,,,,,,,,,,,,,,,,,,,765.4169707000001,765.4331679,765.9166663000001,,,,,,,,,,,,,,765.9831400999999,,,,,,,,,,,,,765.9637906999999,765.9831400999999,765.9831400999999,765.9831400999999,768.9331520999999,None,768.9331921999999,768.9497097999999,768.9497097999999,769.2500653,j,0.2997912999999244,None,,,,,,,,,,,,,,,00023,001,2025-11-14_15h38.10.062,MST_task,2024.2.2,60.391578998217604,2025-11-14 15h38.22.075204 +0530,
,Objects\104a.jpg,142,0,142,,,,,,,None,f,0.35885670000016034,None,,,,,,,142,0,142,0,769.2664139999999,,,,,,,,,,,,,,,,,,,,,,,,,,,,,,769.2501451,769.2664139999999,769.7498851999999,,,,,,,,,,,,,,769.7830567999999,,,,,,,,,,,,,769.7666882999999,769.7830567999999,769.7830567999999,769.7830567999999,772.7663516,None,772.7663977,772.7830160000001,772.7830160000001,773.1500971999999,f,0.35885670000016034,None,,,,,,,,,,,,,,,00023,001,2025-11-14_15h38.10.062,MST_task,2024.2.2,60.391578998217604,2025-11-14 15h38.22.075204 +0530,
,Objects\055a.jpg,143,0,143,,,,,,,None,f,0.031093300000065938,None,,,,,,,143,0,143,0,773.1662953,,,,,,,,,,,,,,,,,,,,,,,,,,,,,,773.1502155000001,773.1662953,773.6498767,,,,,,,,,,,,,,773.6829806999999,,,,,,,,,,,,,773.6755621,773.6829806999999,773.6829806999999,773.6829806999999,776.6662707,None,776.6663037999999,776.6829372,776.6829372,776.7165984999999,f,0.031093300000065938,None,,,,,,,,,,,,,,,00023,001,2025-11-14_15h38.10.062,MST_task,2024.2.2,60.391578998217604,2025-11-14 15h38.22.075204 +0530,
,Objects\045a.jpg,144,0,144,,,,,,,None,j,0.17609549999997398,None,,,,,,,144,0,144,0,776.7329265999999,,,,,,,,,,,,,,,,,,,,,,,,,,,,,,776.7166706999999,776.7329265999999,777.2164028,,,,,,,,,,,,,,777.2662109,,,,,,,,,,,,,777.2475503000001,777.2662109,777.2662109,777.2662109,780.2328931,None,780.2329267,780.2495171,780.2495171,780.4332523999999,j,0.17609549999997398,None,,,,,,,,,,,,,,,00023,001,2025-11-14_15h38.10.062,MST_task,2024.2.2,60.391578998217604,2025-11-14 15h38.22.075204 +0530,
,Objects\111a.jpg,145,0,145,,,,,,,None,j,0.3579692000000705,None,,,,,,,145,0,145,0,780.4495173,,,,,,,,,,,,,,,,,,,,,,,,,,,,,,780.4333723,780.4495173,780.9330075999999,,,,,,,,,,,,,,780.9661303,,,,,,,,,,,,,780.9569581000001,780.9661303,780.9661303,780.9661303,783.9494517999999,None,783.9495019999999,783.9661322,783.9661322,784.3330547999999,j,0.3579692000000705,None,,,,,,,,,,,,,,,00023,001,2025-11-14_15h38.10.062,MST_task,2024.2.2,60.391578998217604,2025-11-14 15h38.22.075204 +0530,
,Objects\082a.jpg,146,0,146,,,,,,,None,j,0.1831372999999985,None,,,,,,,146,0,146,0,784.3494286,,,,,,,,,,,,,,,,,,,,,,,,,,,,,,784.3331761,784.3494286,784.8329868999999,,,,,,,,,,,,,,784.8661018,,,,,,,,,,,,,784.8490274000001,784.8661018,784.8661018,784.8661018,787.8493945,None,787.8494266,787.8660637999999,787.8660637999999,788.0496868999999,j,0.1831372999999985,None,,,,,,,,,,,,,,,00023,001,2025-11-14_15h38.10.062,MST_task,2024.2.2,60.391578998217604,2025-11-14 15h38.22.075204 +0530,
,Scenes\131a.jpg,147,0,147,,,,,,,j,None,,,2.5079471999999896,0.09385019999990618,,,,,147,0,147,0,788.0660111,,,,,,,,,,,,,,,,,,,,,,,,,,,,,,788.0497992999999,788.0660111,788.5495065,,,,,,,,,,,,,,788.5993007,,,,,,,,,,,,,788.5785633,788.5993007,788.5993007,788.5993007,791.5659999,j,791.5672118,,,791.5672273,None,,,,,,2.5079471999999896,0.09385019999990618,,,,,,,,,,00023,001,2025-11-14_15h38.10.062,MST_task,2024.2.2,60.391578998217604,2025-11-14 15h38.22.075204 +0530,
,Scenes\018a.jpg,148,0,148,,,,,,,None,f,0.17025059999991754,None,,,,,,,148,0,148,0,791.5835029,,,,,,,,,,,,,,,,,,,,,,,,,,,,,,791.5672903,791.5835029,792.0660914,,,,,,,,,,,,,,792.0992656999999,,,,,,,,,,,,,792.0818936000001,792.0992656999999,792.0992656999999,792.0992656999999,795.0825728,None,795.0826112,795.0991581000001,795.0991581000001,795.2829457,f,0.17025059999991754,None,,,,,,,,,,,,,,,00023,001,2025-11-14_15h38.10.062,MST_task,2024.2.2,60.391578998217604,2025-11-14 15h38.22.075204 +0530,
,Scenes\062a.jpg,149,0,149,,,,,,,j,None,,,2.731663499999968,0.08300880000001598,,,,,149,0,149,0,795.2991606999999,,,,,,,,,,,,,,,,,,,,,,,,,,,,,,795.2830294,795.2991606999999,795.7827158,,,,,,,,,,,,,,795.8324906999999,,,,,,,,,,,,,795.8135583999999,795.8324906999999,795.8324906999999,795.8324906999999,798.7991817,j,798.7992219999999,,,798.7992334999999,None,,,,,,2.731663499999968,0.08300880000001598,,,,,,,,,,00023,001,2025-11-14_15h38.10.062,MST_task,2024.2.2,60.391578998217604,2025-11-14 15h38.22.075204 +0530,
,Scenes\155a.jpg,150,0,150,,,,,,,j,None,,,2.0222352999999202,0.18096620000005714,,,,,150,0,150,0,798.8157534,,,,,,,,,,,,,,,,,,,,,,,,,,,,,,798.7993283000001,798.8157534,799.2992511,,,,,,,,,,,,,,799.3324008,,,,,,,,,,,,,799.3171963,799.3324008,799.3324008,799.3324008,802.3157497,j,802.3157925,,,802.3158037000001,None,,,,,,2.0222352999999202,0.18096620000005714,,,,,,,,,,00023,001,2025-11-14_15h38.10.062,MST_task,2024.2.2,60.391578998217604,2025-11-14 15h38.22.075204 +0530,
,Scenes\186a.jpg,151,0,151,,,,,,,None,f,0.20914630000015677,None,,,,,,,151,0,151,0,802.3323834999999,,,,,,,,,,,,,,,,,,,,,,,,,,,,,,802.3159003000001,802.3323834999999,802.8158814999999,,,,,,,,,,,,,,802.8493057999999,,,,,,,,,,,,,802.8315519999999,802.8493057999999,802.8493057999999,802.8493057999999,805.8323449,None,805.8323802,805.8489857,805.8489857,806.0659793,f,0.20914630000015677,None,,,,,,,,,,,,,,,00023,001,2025-11-14_15h38.10.062,MST_task,2024.2.2,60.391578998217604,2025-11-14 15h38.22.075204 +0530,
,Scenes\097a.jpg,152,0,152,,,,,,,f,None,,,2.018764400000009,0.2055012999999235,,,,,152,0,152,0,806.0822945,,,,,,,,,,,,,,,,,,,,,,,,,,,,,,806.0660599,806.0822945,806.5657876,,,,,,,,,,,,,,806.5992815,,,,,,,,,,,,,806.5802034999999,806.5992815,806.5992815,806.5992815,809.5822668999999,f,809.5823063999999,,,809.5823172,None,,,,,,2.018764400000009,0.2055012999999235,,,,,,,,,,00023,001,2025-11-14_15h38.10.062,MST_task,2024.2.2,60.391578998217604,2025-11-14 15h38.22.075204 +0530,
,Scenes\181a.jpg,153,0,153,,,,,,,f,None,,,0.9876620000000003,0.1440041000000747,,,,,153,0,153,0,809.5988878999999,,,,,,,,,,,,,,,,,,,,,,,,,,,,,,809.5824153000001,809.5988878999999,810.0823857999999,,,,,,,,,,,,,,810.1156993,,,,,,,,,,,,,810.1074022,810.1156993,810.1156993,810.1156993,813.0988812,f,813.0989179999999,,,813.0989285999999,None,,,,,,0.9876620000000003,0.1440041000000747,,,,,,,,,,00023,001,2025-11-14_15h38.10.062,MST_task,2024.2.2,60.391578998217604,2025-11-14 15h38.22.075204 +0530,
,Objects\054a.jpg,154,0,154,,,,,,,f,None,,,2.7862107999999353,0.1406070999998974,,,,,154,0,154,0,813.1154792,,,,,,,,,,,,,,,,,,,,,,,,,,,,,,813.0989904999999,813.1154792,813.5990462,,,,,,,,,,,,,,813.6489535000001,,,,,,,,,,,,,813.6290610000001,813.6489535000001,813.6489535000001,813.6489535000001,816.6154337,f,816.6170662,,,816.6170811,None,,,,,,2.7862107999999353,0.1406070999998974,,,,,,,,,,00023,001,2025-11-14_15h38.10.062,MST_task,2024.2.2,60.391578998217604,2025-11-14 15h38.22.075204 +0530,
,Objects\155a.jpg,155,0,155,,,,,,,f,None,,,1.0672690999999759,0.17320940000013252,,,,,155,0,155,0,816.6320607,,,,,,,,,,,,,,,,,,,,,,,,,,,,,,816.6171769,816.6320607,817.1155902,,,,,,,,,,,,,,817.1486998,,,,,,,,,,,,,817.1353839999999,817.1486998,817.1486998,817.1486998,820.1320658,f,820.1321062,,,820.1321172,None,,,,,,1.0672690999999759,0.17320940000013252,,,,,,,,,,00023,001,2025-11-14_15h38.10.062,MST_task,2024.2.2,60.391578998217604,2025-11-14 15h38.22.075204 +0530,
,Objects\149a.jpg,156,0,156,,,,,,,j,None,,,1.0942712999999458,0.14856029999987186,,,,,156,0,156,0,820.1486265000001,,,,,,,,,,,,,,,,,,,,,,,,,,,,,,820.1322101000001,820.1486265000001,820.6321177,,,,,,,,,,,,,,820.6652856000001,,,,,,,,,,,,,820.6486947999999,820.6652856000001,820.6652856000001,820.6652856000001,823.6486943,j,823.6487405999999,,,823.6487516,None,,,,,,1.0942712999999458,0.14856029999987186,,,,,,,,,,00023,001,2025-11-14_15h38.10.062,MST_task,2024.2.2,60.391578998217604,2025-11-14 15h38.22.075204 +0530,
,Objects\087a.jpg,157,0,157,,,,,,,j,None,,,1.9554184000000987,0.08670789999996487,,,,,157,0,157,0,823.6653028999999,,,,,,,,,,,,,,,,,,,,,,,,,,,,,,823.6488612,823.6653028999999,824.1487559,,,,,,,,,,,,,,824.1819642999999,,,,,,,,,,,,,824.1737172,824.1819642999999,824.1819642999999,824.1819642999999,827.1819101000001,j,827.1819441,,,827.1819539,None,,,,,,1.9554184000000987,0.08670789999996487,,,,,,,,,,00023,001,2025-11-14_15h38.10.062,MST_task,2024.2.2,60.391578998217604,2025-11-14 15h38.22.075204 +0530,
,Objects\094a.jpg,158,0,158,,,,,,,f,None,,,0.8513526000001548,0.15038059999983489,,,,,158,0,158,0,827.1985187,,,,,,,,,,,,,,,,,,,,,,,,,,,,,,827.1820401,827.1985187,827.6820108,,,,,,,,,,,,,,827.7318685,,,,,,,,,,,,,827.7182339999999,827.7318685,827.7318685,827.7318685,830.6986064999999,f,830.6986482,,,830.6986583999999,None,,,,,,0.8513526000001548,0.15038059999983489,,,,,,,,,,00023,001,2025-11-14_15h38.10.062,MST_task,2024.2.2,60.391578998217604,2025-11-14 15h38.22.075204 +0530,
,Objects\064a.jpg,159,0,159,,,,,,,f,None,,,0.5634365000000798,0.15747689999989234,,,,,159,0,159,0,830.7151168999999,,,,,,,,,,,,,,,,,,,,,,,,,,,,,,830.6987497,830.7151168999999,831.1987088000001,,,,,,,,,,,,,,831.2483937,,,,,,,,,,,,,831.2396959,831.2483937,831.2483937,831.2483937,834.2151650999999,f,834.2152257,,,834.2152421000001,None,,,,,,0.5634365000000798,0.15747689999989234,,,,,,,,,,00023,001,2025-11-14_15h38.10.062,MST_task,2024.2.2,60.391578998217604,2025-11-14 15h38.22.075204 +0530,
,Objects\093a.jpg,160,0,160,,,,,,,j,None,,,1.046520800000053,0.11034730000005766,,,,,160,0,160,0,834.2317851,,,,,,,,,,,,,,,,,,,,,,,,,,,,,,834.2153553,834.2317851,834.7153911,,,,,,,,,,,,,,834.9150063,,,,,,,,,,,,,834.8993433999999,834.9150063,834.9150063,834.9150063,837.7316229999999,j,837.7316561,,,837.7316662000001,None,,,,,,1.046520800000053,0.11034730000005766,,,,,,,,,,00023,001,2025-11-14_15h38.10.062,MST_task,2024.2.2,60.391578998217604,2025-11-14 15h38.22.075204 +0530,
,Scenes\032a.jpg,161,0,161,,,,,,,j,None,,,1.4577928000001066,0.09757409999997435,,,,,161,0,161,0,837.7482835000001,,,,,,,,,,,,,,,,,,,,,,,,,,,,,,837.7317244999999,837.7482835000001,838.2317783000001,,,,,,,,,,,,,,838.2819668,,,,,,,,,,,,,838.2615862,838.2819668,838.2819668,838.2819668,841.2482484,j,841.2493778999999,,,841.2493893999999,None,,,,,,1.4577928000001066,0.09757409999997435,,,,,,,,,,00023,001,2025-11-14_15h38.10.062,MST_task,2024.2.2,60.391578998217604,2025-11-14 15h38.22.075204 +0530,
,Scenes\176a.jpg,162,0,162,,,,,,,j,None,,,0.649219199999834,0.13912610000011227,,,,,162,0,162,0,841.2648876999999,,,,,,,,,,,,,,,,,,,,,,,,,,,,,,841.2494498000001,841.2648876999999,841.7484849,,,,,,,,,,,,,,841.7985060000001,,,,,,,,,,,,,841.7821233,841.7985060000001,841.7985060000001,841.7985060000001,844.7648449999999,j,844.7648804999999,,,844.7648906,None,,,,,,0.649219199999834,0.13912610000011227,,,,,,,,,,00023,001,2025-11-14_15h38.10.062,MST_task,2024.2.2,60.391578998217604,2025-11-14 15h38.22.075204 +0530,
,Scenes\017a.jpg,163,0,163,,,,,,,j,None,,,1.562866299999996,0.11472470000012436,,,,,163,0,163,0,844.7814351,,,,,,,,,,,,,,,,,,,,,,,,,,,,,,844.7649466999999,844.7814351,845.2649613000001,,,,,,,,,,,,,,,,,,,,,,,,,,,845.2851186999999,845.2984555999999,845.2984555999999,845.2984555999999,848.2814134,j,848.2814492,,,848.2814579999999,None,,,,,,1.562866299999996,0.11472470000012436,,,,,,,,,,00023,001,2025-11-14_15h38.10.062,MST_task,2024.2.2,60.391578998217604,2025-11-14 15h38.22.075204 +0530,
,Scenes\189a.jpg,164,0,164,,,,,,,j,None,,,2.3717427999999927,0.129356499999858,,,,,164,0,164,0,848.2980752999999,,,,,,,,,,,,,,,,,,,,,,,,,,,,,,848.2815459999999,848.2980752999999,848.7815198999999,,,,,,,,,,,,,,848.8146919999999,,,,,,,,,,,,,848.8002406,848.8146919999999,848.8146919999999,848.8146919999999,851.7980757999999,j,851.7981141,,,851.7981244,None,,,,,,2.3717427999999927,0.129356499999858,,,,,,,,,,00023,001,2025-11-14_15h38.10.062,MST_task,2024.2.2,60.391578998217604,2025-11-14 15h38.22.075204 +0530,
,Scenes\178a.jpg,165,0,165,,,,,,,None,j,3.081351799999993,None,,,,,,,165,0,165,0,851.8146652999999,,,,,,,,,,,,,,,,,,,,,,,,,,,,,,851.7981848,851.8146652999999,852.2981348000001,,,,,,,,,,,,,,859.2645224,,,,,,,,,,,,,859.2441120999999,,,,859.2441368,None,859.2441615999999,859.2645224,859.2645224,862.3481747999999,j,3.081351799999993,None,,,,,,,,,,,,,,,00023,001,2025-11-14_15h38.10.062,MST_task,2024.2.2,60.391578998217604,2025-11-14 15h38.22.075204 +0530,
,Scenes\154a.jpg,166,0,166,,,,,,,None,f,1.887486699999954,None,,,,,,,166,0,166,0,862.3644277999999,,,,,,,,,,,,,,,,,,,,,,,,,,,,,,862.348256,862.3644277999999,862.8481108000001,,,,,,,,,,,,,,862.8811108,,,,,,,,,,,,,862.8634916000001,862.8811108,862.8811108,862.8811108,865.8645225999999,None,865.8645561000001,865.8810722999999,865.8810722999999,867.7813917999999,f,1.887486699999954,None,,,,,,,,,,,,,,,00023,001,2025-11-14_15h38.10.062,MST_task,2024.2.2,60.391578998217604,2025-11-14 15h38.22.075204 +0530,
,Scenes\128a.jpg,167,0,167,,,,,,,j,None,,,2.2810129999998026,0.13311530000009952,,,,,167,0,167,0,867.7976603,,,,,,,,,,,,,,,,,,,,,,,,,,,,,,867.7815011,867.7976603,868.2811641000001,,,,,,,,,,,,,,868.7475935,,,,,,,,,,,,,868.7262641,868.7475935,868.7475935,868.7475935,871.2976779999999,j,871.2977263,,,871.2977369,None,,,,,,2.2810129999998026,0.13311530000009952,,,,,,,,,,00023,001,2025-11-14_15h38.10.062,MST_task,2024.2.2,60.391578998217604,2025-11-14 15h38.22.075204 +0530,
,Objects\010a.jpg,168,0,168,,,,,,,f,None,,,1.224038500000006,0.17800869999996394,,,,,168,0,168,0,871.3143691,,,,,,,,,,,,,,,,,,,,,,,,,,,,,,871.2978312999999,871.3143691,871.7977555,,,,,,,,,,,,,,871.8312175000001,,,,,,,,,,,,,871.8160668,871.8312175000001,871.8312175000001,871.8312175000001,874.8142533,f,874.8157907,,,874.8158051,None,,,,,,1.224038500000006,0.17800869999996394,,,,,,,,,,00023,001,2025-11-14_15h38.10.062,MST_task,2024.2.2,60.391578998217604,2025-11-14 15h38.22.075204 +0530,
,Objects\168a.jpg,169,0,169,,,,,,,f,None,,,0.9692274000001362,0.17817420000005768,,,,,169,0,169,0,874.830831,,,,,,,,,,,,,,,,,,,,,,,,,,,,,,874.8158659000001,874.830831,875.3144795000001,,,,,,,,,,,,,,875.3642222000001,,,,,,,,,,,,,875.3457582000001,875.3642222000001,875.3642222000001,875.3642222000001,878.3307792999999,f,878.3308182000001,,,878.3308288999999,None,,,,,,0.9692274000001362,0.17817420000005768,,,,,,,,,,00023,001,2025-11-14_15h38.10.062,MST_task,2024.2.2,60.391578998217604,2025-11-14 15h38.22.075204 +0530,
,Objects\034a.jpg,170,0,170,,,,,,,f,None,,,1.6681509000000005,0.1389424000001327,,,,,170,0,170,0,878.3474355999999,,,,,,,,,,,,,,,,,,,,,,,,,,,,,,878.3309239,878.3474355999999,878.8308852,,,,,,,,,,,,,,878.864051,,,,,,,,,,,,,878.8531799,878.864051,878.864051,878.864051,881.8473827999999,f,881.8474248,,,881.8474345,None,,,,,,1.6681509000000005,0.1389424000001327,,,,,,,,,,00023,001,2025-11-14_15h38.10.062,MST_task,2024.2.2,60.391578998217604,2025-11-14 15h38.22.075204 +0530,
,Objects\148a.jpg,171,0,171,,,,,,,None,f,0.12111419999996542,None,,,,,,,171,0,171,0,881.8640575,,,,,,,,,,,,,,,,,,,,,,,,,,,,,,881.8475219,881.8640575,882.3475931999999,,,,,,,,,,,,,,882.3806663,,,,,,,,,,,,,882.3665103999999,882.3806663,882.3806663,882.3806663,885.3641029,None,885.3641362000001,885.3807327,885.3807327,885.5143166999999,f,0.12111419999996542,None,,,,,,,,,,,,,,,00023,001,2025-11-14_15h38.10.062,MST_task,2024.2.2,60.391578998217604,2025-11-14 15h38.22.075204 +0530,
,Objects\164a.jpg,172,0,172,,,,,,,f,None,,,1.0239824000000226,0.1543672999998762,,,,,172,0,172,0,885.530726,,,,,,,,,,,,,,,,,,,,,,,,,,,,,,885.5143934999999,885.530726,886.0141656000001,,,,,,,,,,,,,,886.0472927000001,,,,,,,,,,,,,886.0375802000001,886.0472927000001,886.0472927000001,886.0472927000001,889.0306204000001,f,889.0306558,,,889.0306654999999,None,,,,,,1.0239824000000226,0.1543672999998762,,,,,,,,,,00023,001,2025-11-14_15h38.10.062,MST_task,2024.2.2,60.391578998217604,2025-11-14 15h38.22.075204 +0530,
,Objects\121a.jpg,173,0,173,,,,,,,None,j,2.4316372999999203,None,,,,,,,173,0,173,0,889.0471682,,,,,,,,,,,,,,,,,,,,,,,,,,,,,,889.0307539,889.0471682,889.5307949,,,,,,,,,,,,,,889.5638554,,,,,,,,,,,,,889.5474733000001,889.5638554,889.5638554,889.5638554,892.5471892,None,892.5472373,892.5637813999999,892.5637813999999,894.9976303000001,j,2.4316372999999203,None,,,,,,,,,,,,,,,00023,001,2025-11-14_15h38.10.062,MST_task,2024.2.2,60.391578998217604,2025-11-14 15h38.22.075204 +0530,
,Objects\136a.jpg,174,0,174,,,,,,,f,None,,,0.5535813999999846,0.165498899999875,,,,,174,0,174,0,895.0137440999999,,,,,,,,,,,,,,,,,,,,,,,,,,,,,,894.9977183999999,895.0137440999999,895.497333,,,,,,,,,,,,,,895.530381,,,,,,,,,,,,,895.5262986999999,895.530381,895.530381,895.530381,898.5137321,f,898.5137728,,,898.5137834,None,,,,,,0.5535813999999846,0.165498899999875,,,,,,,,,,00023,001,2025-11-14_15h38.10.062,MST_task,2024.2.2,60.391578998217604,2025-11-14 15h38.22.075204 +0530,
,Scenes\080a.jpg,175,0,175,,,,,,,j,None,,,1.500628499999948,0.1170144000000164,,,,,175,0,175,0,898.5303383,,,,,,,,,,,,,,,,,,,,,,,,,,,,,,898.5138767999999,898.5303383,899.0138251999999,,,,,,,,,,,,,,899.0636592999999,,,,,,,,,,,,,899.0463335,899.0636592999999,899.0636592999999,899.0636592999999,902.0303002,j,902.0315671999999,,,902.0315794,None,,,,,,1.500628499999948,0.1170144000000164,,,,,,,,,,00023,001,2025-11-14_15h38.10.062,MST_task,2024.2.2,60.391578998217604,2025-11-14 15h38.22.075204 +0530,
,Scenes\101a.jpg,176,0,176,,,,,,,None,j,0.39170899999999165,None,,,,,,,176,0,176,0,902.0468916,,,,,,,,,,,,,,,,,,,,,,,,,,,,,,902.0316642999999,902.0468916,902.5304461000001,,,,,,,,,,,,,,902.5631662000001,,,,,,,,,,,,,902.5556038,902.5631662000001,902.5631662000001,902.5631662000001,905.5470129999999,None,905.5470462000001,905.5636026,905.5636026,905.9638689000001,j,0.39170899999999165,None,,,,,,,,,,,,,,,00023,001,2025-11-14_15h38.10.062,MST_task,2024.2.2,60.391578998217604,2025-11-14 15h38.22.075204 +0530,
,Scenes\136a.jpg,177,0,177,,,,,,,f,None,,,2.1433872000000065,0.16554110000015498,,,,,177,0,177,0,905.9801500000001,,,,,,,,,,,,,,,,,,,,,,,,,,,,,,905.9639471,905.9801500000001,906.4636694999999,,,,,,,,,,,,,,906.6468024000001,,,,,,,,,,,,,906.6369202999999,906.6468024000001,906.6468024000001,906.6468024000001,909.4801685,f,909.4802090000001,,,909.4802196,None,,,,,,2.1433872000000065,0.16554110000015498,,,,,,,,,,00023,001,2025-11-14_15h38.10.062,MST_task,2024.2.2,60.391578998217604,2025-11-14 15h38.22.075204 +0530,
,Scenes\087a.jpg,178,0,178,,,,,,,j,None,,,1.1126999999999043,0.14023310000015954,,,,,178,0,178,0,909.4967747999999,,,,,,,,,,,,,,,,,,,,,,,,,,,,,,909.4803182,909.4967747999999,909.9802193,,,,,,,,,,,,,,910.0303690999999,,,,,,,,,,,,,910.0182583000001,910.0303690999999,910.0303690999999,910.0303690999999,912.9967104,j,912.9967457999999,,,912.9967561000001,None,,,,,,1.1126999999999043,0.14023310000015954,,,,,,,,,,00023,001,2025-11-14_15h38.10.062,MST_task,2024.2.2,60.391578998217604,2025-11-14 15h38.22.075204 +0530,
,Scenes\125a.jpg,179,0,179,,,,,,,j,None,,,0.8678660000000491,0.10994979999986754,,,,,179,0,179,0,913.0133822,,,,,,,,,,,,,,,,,,,,,,,,,,,,,,912.9968165999999,913.0133822,913.4968727999999,,,,,,,,,,,,,,913.5300456,,,,,,,,,,,,,913.5217281,913.5300456,913.5300456,913.5300456,916.5133662000001,j,916.5134008,,,916.5134100999999,None,,,,,,0.8678660000000491,0.10994979999986754,,,,,,,,,,00023,001,2025-11-14_15h38.10.062,MST_task,2024.2.2,60.391578998217604,2025-11-14 15h38.22.075204 +0530,
,Scenes\139a.jpg,180,0,180,,,,,,,None,j,0.6334559000001718,None,,,,,,,180,0,180,0,916.5299791,,,,,,,,,,,,,,,,,,,,,,,,,,,,,,916.5134948,916.5299791,917.0136436999999,,,,,,,,,,,,,,917.2966650000001,,,,,,,,,,,,,917.2778212000001,917.2966650000001,917.2966650000001,917.2966650000001,920.0300692999999,None,920.0301033999999,920.0465879000001,920.0465879000001,920.6968035,j,0.6334559000001718,None,,,,,,,,,,,,,,,00023,001,2025-11-14_15h38.10.062,MST_task,2024.2.2,60.391578998217604,2025-11-14 15h38.22.075204 +0530,
,Scenes\163a.jpg,181,0,181,,,,,,,j,None,,,1.8515391999999338,0.1352011000001312,,,,,181,0,181,0,920.713211,,,,,,,,,,,,,,,,,,,,,,,,,,,,,,920.6969148000001,920.713211,921.1967119999999,,,,,,,,,,,,,,921.2465804999999,,,,,,,,,,,,,921.2313442,921.2465804999999,921.2465804999999,921.2465804999999,924.2131423999999,j,924.2131901999999,,,924.2131999999999,None,,,,,,1.8515391999999338,0.1352011000001312,,,,,,,,,,00023,001,2025-11-14_15h38.10.062,MST_task,2024.2.2,60.391578998217604,2025-11-14 15h38.22.075204 +0530,
,Objects\090a.jpg,182,0,182,,,,,,,f,None,,,0.7543428000001313,0.1237992999999733,,,,,182,0,182,0,924.2298097,,,,,,,,,,,,,,,,,,,,,,,,,,,,,,924.2132919000001,924.2298097,924.7132557,,,,,,,,,,,,,,924.7466737,,,,,,,,,,,,,924.7307569,924.7466737,924.7466737,924.7466737,927.7298685999999,f,927.7312972,,,927.7313085000001,None,,,,,,0.7543428000001313,0.1237992999999733,,,,,,,,,,00023,001,2025-11-14_15h38.10.062,MST_task,2024.2.2,60.391578998217604,2025-11-14 15h38.22.075204 +0530,
,Objects\062a.jpg,183,0,183,,,,,,,f,None,,,0.6162093000000368,0.181905899999947,,,,,183,0,183,0,927.7465577999999,,,,,,,,,,,,,,,,,,,,,,,,,,,,,,927.7313687999999,927.7465577999999,928.229887,,,,,,,,,,,,,,928.2797592,,,,,,,,,,,,,928.2653127000001,928.2797592,928.2797592,928.2797592,931.2464729000001,f,931.2465124999999,,,931.2465222000001,None,,,,,,0.6162093000000368,0.181905899999947,,,,,,,,,,00023,001,2025-11-14_15h38.10.062,MST_task,2024.2.2,60.391578998217604,2025-11-14 15h38.22.075204 +0530,
,Objects\105a.jpg,184,0,184,,,,,,,f,None,,,1.043578400000115,0.17905180000002474,,,,,184,0,184,0,931.2630912,,,,,,,,,,,,,,,,,,,,,,,,,,,,,,931.2465818999999,931.2630912,931.7464924000001,,,,,,,,,,,,,,931.7796275000001,,,,,,,,,,,,,931.7620311999999,931.7796275000001,931.7796275000001,931.7796275000001,934.7629856000001,f,934.7630263000001,,,934.7630365,None,,,,,,1.043578400000115,0.17905180000002474,,,,,,,,,,00023,001,2025-11-14_15h38.10.062,MST_task,2024.2.2,60.391578998217604,2025-11-14 15h38.22.075204 +0530,
,Objects\139a.jpg,185,0,185,,,,,,,f,None,,,0.573902599999883,0.12947800000006282,,,,,185,0,185,0,934.7795848000001,,,,,,,,,,,,,,,,,,,,,,,,,,,,,,934.7630982999999,934.7795848000001,935.2630521000001,,,,,,,,,,,,,,935.2964405999999,,,,,,,,,,,,,935.2789911,935.2964405999999,935.2964405999999,935.2964405999999,938.2796114999999,f,938.2796518,,,938.2797045,None,,,,,,0.573902599999883,0.12947800000006282,,,,,,,,,,00023,001,2025-11-14_15h38.10.062,MST_task,2024.2.2,60.391578998217604,2025-11-14 15h38.22.075204 +0530,
,Objects\038a.jpg,186,0,186,,,,,,,f,None,,,0.4967592999998942,0.1526338000001033,,,,,186,0,186,0,938.2962411000001,,,,,,,,,,,,,,,,,,,,,,,,,,,,,,938.2797800000001,938.2962411000001,938.7798640000001,,,,,,,,,,,,,,938.81284,,,,,,,,,,,,,938.7956864,938.81284,938.81284,938.81284,941.7961809999999,f,941.7962157,,,941.7962253999999,None,,,,,,0.4967592999998942,0.1526338000001033,,,,,,,,,,00023,001,2025-11-14_15h38.10.062,MST_task,2024.2.2,60.391578998217604,2025-11-14 15h38.22.075204 +0530,
,Objects\177a.jpg,187,0,187,,,,,,,f,None,,,0.4500526000001628,0.15807509999990543,,,,,187,0,187,0,941.812745,,,,,,,,,,,,,,,,,,,,,,,,,,,,,,941.7963112,941.812745,942.2962843,,,,,,,,,,,,,,942.3294054999999,,,,,,,,,,,,,942.3119558000001,942.3294054999999,942.3294054999999,942.3294054999999,945.3127511,f,945.3127889,,,945.3127995,None,,,,,,0.4500526000001628,0.15807509999990543,,,,,,,,,,00023,001,2025-11-14_15h38.10.062,MST_task,2024.2.2,60.391578998217604,2025-11-14 15h38.22.075204 +0530,
,Objects\011a.jpg,188,0,188,,,,,,,f,None,,,0.8238538999999037,0.1572820999999749,,,,,188,0,188,0,945.3294059,,,,,,,,,,,,,,,,,,,,,,,,,,,,,,945.3129008000001,945.3294059,945.8128581999999,,,,,,,,,,,,,,945.8961093999999,,,,,,,,,,,,,945.8774200999999,945.8961093999999,945.8961093999999,945.8961093999999,948.8293342,f,948.8293741,,,948.829385,None,,,,,,0.8238538999999037,0.1572820999999749,,,,,,,,,,00023,001,2025-11-14_15h38.10.062,MST_task,2024.2.2,60.391578998217604,2025-11-14 15h38.22.075204 +0530,
,Scenes\175a.jpg,189,0,189,,,,,,,j,None,,,1.574751299999889,0.18963060000010046,,,,,189,0,189,0,948.8459241,,,,,,,,,,,,,,,,,,,,,,,,,,,,,,948.8294495,948.8459241,949.3294817000001,,,,,,,,,,,,,,949.3629228,,,,,,,,,,,,,949.3518830999999,949.3629228,949.3629228,949.3629228,952.3459607,j,952.3471480999999,,,952.3471629999999,None,,,,,,1.574751299999889,0.18963060000010046,,,,,,,,,,00023,001,2025-11-14_15h38.10.062,MST_task,2024.2.2,60.391578998217604,2025-11-14 15h38.22.075204 +0530,
,Scenes\042a.jpg,190,0,190,,,,,,,j,None,,,0.5259962000000087,0.1502064999999675,,,,,190,0,190,0,952.3626448,,,,,,,,,,,,,,,,,,,,,,,,,,,,,,952.3472242999999,952.3626448,952.8459756,,,,,,,,,,,,,,952.8960089,,,,,,,,,,,,,952.8828443,952.8960089,952.8960089,952.8960089,955.8625070999999,j,955.8625463000001,,,955.8625568,None,,,,,,0.5259962000000087,0.1502064999999675,,,,,,,,,,00023,001,2025-11-14_15h38.10.062,MST_task,2024.2.2,60.391578998217604,2025-11-14 15h38.22.075204 +0530,
,Scenes\130a.jpg,191,0,191,,,,,,,None,j,1.2762070000001131,None,,,,,,,191,0,191,0,955.8791292999999,,,,,,,,,,,,,,,,,,,,,,,,,,,,,,955.8626199,955.8791292999999,956.3626007999999,,,,,,,,,,,,,,956.4127248,,,,,,,,,,,,,956.4008478000001,956.4127248,956.4127248,956.4127248,959.3791186999999,None,959.3791896,959.3957129,959.3957129,960.6795655999999,j,1.2762070000001131,None,,,,,,,,,,,,,,,00023,001,2025-11-14_15h38.10.062,MST_task,2024.2.2,60.391578998217604,2025-11-14 15h38.22.075204 +0530,
,Scenes\141a.jpg,192,0,192,,,,,,,j,None,,,0.9339705999998387,0.15003620000015871,,,,,192,0,192,0,960.6956806000001,,,,,,,,,,,,,,,,,,,,,,,,,,,,,,960.6796457,960.6956806000001,961.1792791,,,,,,,,,,,,,,961.2956568,,,,,,,,,,,,,961.2880931,961.2956568,961.2956568,961.2956568,964.195729,j,964.1957749000001,,,964.1957875999999,None,,,,,,0.9339705999998387,0.15003620000015871,,,,,,,,,,00023,001,2025-11-14_15h38.10.062,MST_task,2024.2.2,60.391578998217604,2025-11-14 15h38.22.075204 +0530,
,Scenes\068a.jpg,193,0,193,,,,,,,j,None,,,0.6392699999998968,0.13740590000020347,,,,,193,0,193,0,964.2122781999999,,,,,,,,,,,,,,,,,,,,,,,,,,,,,,964.1958958,964.2122781999999,964.6957373,,,,,,,,,,,,,,964.7289369,,,,,,,,,,,,,964.7142558,964.7289369,964.7289369,964.7289369,967.7122320999999,j,967.7122649,,,967.7122744999999,None,,,,,,0.6392699999998968,0.13740590000020347,,,,,,,,,,00023,001,2025-11-14_15h38.10.062,MST_task,2024.2.2,60.391578998217604,2025-11-14 15h38.22.075204 +0530,
,Scenes\065a.jpg,194,0,194,,,,,,,j,None,,,0.36892920000013874,0.118255599999884,,,,,194,0,194,0,967.7288735,,,,,,,,,,,,,,,,,,,,,,,,,,,,,,967.7123632,967.7288735,968.2124273,,,,,,,,,,,,,,968.2624953,,,,,,,,,,,,,968.2543441,968.2624953,968.2624953,968.2624953,971.2288444999999,j,971.2288928999999,,,971.2289028,None,,,,,,0.36892920000013874,0.118255599999884,,,,,,,,,,00023,001,2025-11-14_15h38.10.062,MST_task,2024.2.2,60.391578998217604,2025-11-14 15h38.22.075204 +0530,
,Scenes\006a.jpg,195,0,195,,,,,,,f,None,,,1.6509320000000116,0.2032553999999891,,,,,195,0,195,0,971.2454473999999,,,,,,,,,,,,,,,,,,,,,,,,,,,,,,971.2289920000001,971.2454473999999,971.7289321999999,,,,,,,,,,,,,,971.7787922,,,,,,,,,,,,,971.7617293999999,971.7787922,971.7787922,971.7787922,974.7454250000001,f,974.7455751,,,974.7455955999999,None,,,,,,1.6509320000000116,0.2032553999999891,,,,,,,,,,00023,001,2025-11-14_15h38.10.062,MST_task,2024.2.2,60.391578998217604,2025-11-14 15h38.22.075204 +0530,
,Objects\185a.jpg,196,0,196,,,,,,,f,None,,,0.7024906999999985,0.17393830000014532,,,,,196,0,196,0,974.7620474999999,,,,,,,,,,,,,,,,,,,,,,,,,,,,,,974.7456592000001,974.7620474999999,975.2455342000001,,,,,,,,,,,,,,975.2956492000001,,,,,,,,,,,,,975.2802402,975.2956492000001,975.2956492000001,975.2956492000001,978.2620228000001,f,978.2635937,,,978.2636049999999,None,,,,,,0.7024906999999985,0.17393830000014532,,,,,,,,,,00023,001,2025-11-14_15h38.10.062,MST_task,2024.2.2,60.391578998217604,2025-11-14 15h38.22.075204 +0530,
,Objects\044a.jpg,197,0,197,,,,,,,f,None,,,0.9896338999999443,0.11897620000013376,,,,,197,0,197,0,978.2786533999999,,,,,,,,,,,,,,,,,,,,,,,,,,,,,,978.2636901000001,978.2786533999999,978.7621581000001,,,,,,,,,,,,,,978.8119242999999,,,,,,,,,,,,,978.7997946,978.8119242999999,978.8119242999999,978.8119242999999,981.7786481,f,981.7786891000001,,,981.778699,None,,,,,,0.9896338999999443,0.11897620000013376,,,,,,,,,,00023,001,2025-11-14_15h38.10.062,MST_task,2024.2.2,60.391578998217604,2025-11-14 15h38.22.075204 +0530,
,Objects\100a.jpg,198,0,198,,,,,,,f,None,,,0.49758600000018305,0.15072399999985464,,,,,198,0,198,0,981.7952052999999,,,,,,,,,,,,,,,,,,,,,,,,,,,,,,981.7787595,981.7952052999999,982.2788327000001,,,,,,,,,,,,,,982.3118462,,,,,,,,,,,,,982.2957291,982.3118462,982.3118462,982.3118462,985.2951622999999,f,985.2952015999999,,,985.2952118999999,None,,,,,,0.49758600000018305,0.15072399999985464,,,,,,,,,,00023,001,2025-11-14_15h38.10.062,MST_task,2024.2.2,60.391578998217604,2025-11-14 15h38.22.075204 +0530,
,Objects\020a.jpg,199,0,199,,,,,,,f,None,,,0.7578312000000551,0.1493651000000682,,,,,199,0,199,0,985.3118261,,,,,,,,,,,,,,,,,,,,,,,,,,,,,,985.2952748,985.3118261,985.7952439999999,,,,,,,,,,,,,,985.928449,,,,,,,,,,,,,985.9105121,985.928449,985.928449,985.928449,988.8117732000001,f,988.8118093999999,,,988.8118192,None,,,,,,0.7578312000000551,0.1493651000000682,,,,,,,,,,00023,001,2025-11-14_15h38.10.062,MST_task,2024.2.2,60.391578998217604,2025-11-14 15h38.22.075204 +0530,
,Objects\079a.jpg,200,0,200,,,,,,,j,None,,,2.4614429000000655,0.10624839999991309,,,,,200,0,200,0,988.8284239,,,,,,,,,,,,,,,,,,,,,,,,,,,,,,988.8119104,988.8284239,989.3118913000001,,,,,,,,,,,,,,989.3617385,,,,,,,,,,,,,989.3420662000001,989.3617385,989.3617385,989.3617385,992.3283821,j,992.3284200999999,,,992.3284302,None,,,,,,2.4614429000000655,0.10624839999991309,,,,,,,,,,00023,001,2025-11-14_15h38.10.062,MST_task,2024.2.2,60.391578998217604,2025-11-14 15h38.22.075204 +0530,
,Objects\081a.jpg,201,0,201,,,,,,,j,None,,,2.8256708000001254,None,,,,,201,0,201,0,992.3450057,,,,,,,,,,,,,,,,,,,,,,,,,,,,,,992.3285281000001,992.3450057,992.8284965999999,,,,,,,,,,,,,,992.8783004,,,,,,,,,,,,,992.8652305,992.8783004,992.8783004,992.8783004,995.8449684,j,995.8450029999999,,,995.845012,None,,,,,,2.8256708000001254,None,,,,,,,,,,00023,001,2025-11-14_15h38.10.062,MST_task,2024.2.2,60.391578998217604,2025-11-14 15h38.22.075204 +0530,
,Objects\050a.jpg,202,0,202,,,,,,,f,None,,,1.2260506000000078,0.18161859999986518,,,,,202,0,202,0,995.8616096999999,,,,,,,,,,,,,,,,,,,,,,,,,,,,,,995.8450843999999,995.8616096999999,996.3451755000001,,,,,,,,,,,,,,996.3782306,,,,,,,,,,,,,996.3736752,996.3782306,996.3782306,996.3782306,999.3615520000001,f,999.3615874,,,999.3615978999999,None,,,,,,1.2260506000000078,0.18161859999986518,,,,,,,,,,00023,001,2025-11-14_15h38.10.062,MST_task,2024.2.2,60.391578998217604,2025-11-14 15h38.22.075204 +0530,
,Scenes\020a.jpg,203,0,203,,,,,,,f,None,,,1.6704169999998157,0.16221930000006068,,,,,203,0,203,0,999.3782166000001,,,,,,,,,,,,,,,,,,,,,,,,,,,,,,999.3616557999999,999.3782166000001,999.8617437999999,,,,,,,,,,,,,,999.8951279,,,,,,,,,,,,,999.8850275,999.8951279,999.8951279,999.8951279,1002.8781687999999,f,1002.8793668999999,,,1002.8793820999999,None,,,,,,1.6704169999998157,0.16221930000006068,,,,,,,,,,00023,001,2025-11-14_15h38.10.062,MST_task,2024.2.2,60.391578998217604,2025-11-14 15h38.22.075204 +0530,
,Scenes\113a.jpg,204,0,204,,,,,,,j,None,,,0.8667743999999402,0.18146980000005897,,,,,204,0,204,0,1002.8947840999999,,,,,,,,,,,,,,,,,,,,,,,,,,,,,,1002.8794782,1002.8947840999999,1003.3782753,,,,,,,,,,,,,,1003.4614537,,,,,,,,,,,,,1003.4545739,1003.4614537,1003.4614537,1003.4614537,1006.3947762999999,j,1006.3948141000001,,,1006.3948247999999,None,,,,,,0.8667743999999402,0.18146980000005897,,,,,,,,,,00023,001,2025-11-14_15h38.10.062,MST_task,2024.2.2,60.391578998217604,2025-11-14 15h38.22.075204 +0530,
,Scenes\061a.jpg,205,0,205,,,,,,,j,None,,,1.0638566999998602,0.18130350000001272,,,,,205,0,205,0,1006.411501,,,,,,,,,,,,,,,,,,,,,,,,,,,,,,1006.3949247999999,1006.411501,1006.8948413999999,,,,,,,,,,,,,,1006.9282487,,,,,,,,,,,,,1006.9207752,1006.9282487,1006.9282487,1006.9282487,1009.9113614999999,j,1009.9113958999999,,,1009.9114056000001,None,,,,,,1.0638566999998602,0.18130350000001272,,,,,,,,,,00023,001,2025-11-14_15h38.10.062,MST_task,2024.2.2,60.391578998217604,2025-11-14 15h38.22.075204 +0530,
,Scenes\190a.jpg,206,0,206,,,,,,,j,None,,,1.0944475999999668,0.15752190000011979,,,,,206,0,206,0,1009.9282337,,,,,,,,,,,,,,,,,,,,,,,,,,,,,,1009.9114967999999,1009.9282337,1010.4114571,,,,,,,,,,,,,,1010.4615699000001,,,,,,,,,,,,,1010.4477397999999,1010.4615699000001,1010.4615699000001,1010.4615699000001,1013.4279928000001,j,1013.4280277,,,1013.4280369,None,,,,,,1.0944475999999668,0.15752190000011979,,,,,,,,,,00023,001,2025-11-14_15h38.10.062,MST_task,2024.2.2,60.391578998217604,2025-11-14 15h38.22.075204 +0530,
,Scenes\092a.jpg,207,0,207,,,,,,,None,f,0.31083470000021407,None,,,,,,,207,0,207,0,1013.4445773,,,,,,,,,,,,,,,,,,,,,,,,,,,,,,1013.4280954000001,1013.4445773,1013.9280403999999,,,,,,,,,,,,,,1013.9778597,,,,,,,,,,,,,1013.9623885999999,1013.9778597,1013.9778597,1013.9778597,1016.9445550999999,None,1016.9446071,1016.9611084999999,1016.9611084999999,1017.2782072,f,0.31083470000021407,None,,,,,,,,,,,,,,,00023,001,2025-11-14_15h38.10.062,MST_task,2024.2.2,60.391578998217604,2025-11-14 15h38.22.075204 +0530,
,Scenes\078a.jpg,208,0,208,,,,,,,j,None,,,1.9167050999999447,0.17144050000001698,,,,,208,0,208,0,1017.2944771,,,,,,,,,,,,,,,,,,,,,,,,,,,,,,1017.2782870000001,1017.2944771,1017.7780734,,,,,,,,,,,,,,1017.8113503,,,,,,,,,,,,,1017.7962270999999,1017.8113503,1017.8113503,1017.8113503,1020.7945821999999,j,1020.7946268999999,,,1020.7946373,None,,,,,,1.9167050999999447,0.17144050000001698,,,,,,,,,,00023,001,2025-11-14_15h38.10.062,MST_task,2024.2.2,60.391578998217604,2025-11-14 15h38.22.075204 +0530,
,Scenes\126a.jpg,209,0,209,,,,,,,j,None,,,1.715751599999976,0.18235039999990477,,,,,209,0,209,0,1020.8110833000001,,,,,,,,,,,,,,,,,,,,,,,,,,,,,,1020.7947300999999,1020.8110833000001,1021.2945628,,,,,,,,,,,,,,1021.3277057,,,,,,,,,,,,,1021.3108026,1021.3277057,1021.3277057,1021.3277057,1024.3110566999999,j,1024.3110944,,,1024.3111049,None,,,,,,1.715751599999976,0.18235039999990477,,,,,,,,,,00023,001,2025-11-14_15h38.10.062,MST_task,2024.2.2,60.391578998217604,2025-11-14 15h38.22.075204 +0530,
,Objects\178a.jpg,210,0,210,,,,,,,f,None,,,2.092171100000087,0.16200750000007247,,,,,210,0,210,0,1024.3276966,,,,,,,,,,,,,,,,,,,,,,,,,,,,,,1024.3112016,1024.3276966,1024.8111704,,,,,,,,,,,,,,,,,,,,,,,,,,,1024.8437976,1024.8612569,1024.8612569,1024.8612569,1027.8276091999999,f,1027.8291208,,,1027.829135,None,,,,,,2.092171100000087,0.16200750000007247,,,,,,,,,,00023,001,2025-11-14_15h38.10.062,MST_task,2024.2.2,60.391578998217604,2025-11-14 15h38.22.075204 +0530,
,Objects\157a.jpg,211,0,211,,,,,,,f,None,,,1.466523099999904,0.16471360000014101,,,,,211,0,211,0,1027.8442515,,,,,,,,,,,,,,,,,,,,,,,,,,,,,,1027.8291943,1027.8442515,1028.327848,,,,,,,,,,,,,,1028.3609208999999,,,,,,,,,,,,,1028.3438581,1028.3609208999999,1028.3609208999999,1028.3609208999999,1031.344242,f,1031.3442855,,,1031.344296,None,,,,,,1.466523099999904,0.16471360000014101,,,,,,,,,,00023,001,2025-11-14_15h38.10.062,MST_task,2024.2.2,60.391578998217604,2025-11-14 15h38.22.075204 +0530,
,Objects\180a.jpg,212,0,212,,,,,,,f,None,,,0.5239143999999669,0.12014290000001893,,,,,212,0,212,0,1031.3608664,,,,,,,,,,,,,,,,,,,,,,,,,,,,,,1031.3443988,1031.3608664,1031.8443356,,,,,,,,,,,,,,1031.8774662,,,,,,,,,,,,,1031.861406,1031.8774662,1031.8774662,1031.8774662,1034.8608253,f,1034.8608606999999,,,1034.8608714,None,,,,,,0.5239143999999669,0.12014290000001893,,,,,,,,,,00023,001,2025-11-14_15h38.10.062,MST_task,2024.2.2,60.391578998217604,2025-11-14 15h38.22.075204 +0530,
,Objects\166a.jpg,213,0,213,,,,,,,f,None,,,0.3919932000001154,0.1536638000000039,,,,,213,0,213,0,1034.8773938,,,,,,,,,,,,,,,,,,,,,,,,,,,,,,1034.8609309,1034.8773938,1035.360941,,,,,,,,,,,,,,,,,,,,,,,,,,,1035.4350279999999,1035.4441737,1035.4441737,1035.4441737,1038.3774902,f,1038.3775232,,,1038.3775318,None,,,,,,0.3919932000001154,0.1536638000000039,,,,,,,,,,00023,001,2025-11-14_15h38.10.062,MST_task,2024.2.2,60.391578998217604,2025-11-14 15h38.22.075204 +0530,
,Objects\182a.jpg,214,0,214,,,,,,,f,None,,,0.5993196999997963,0.1422386000001552,,,,,214,0,214,0,1038.3940840999999,,,,,,,,,,,,,,,,,,,,,,,,,,,,,,1038.3776205,1038.3940840999999,1038.8775062,,,,,,,,,,,,,,1038.9440792,,,,,,,,,,,,,1038.9315943,1038.9440792,1038.9440792,1038.9440792,1041.8939886,f,1041.8940261,,,1041.8940363,None,,,,,,0.5993196999997963,0.1422386000001552,,,,,,,,,,00023,001,2025-11-14_15h38.10.062,MST_task,2024.2.2,60.391578998217604,2025-11-14 15h38.22.075204 +0530,
,Objects\124a.jpg,215,0,215,,,,,,,f,None,,,0.7178363000000445,0.1661013999998886,,,,,215,0,215,0,1041.9106219,,,,,,,,,,,,,,,,,,,,,,,,,,,,,,1041.8940972,1041.9106219,1042.3940892,,,,,,,,,,,,,,1042.4439223,,,,,,,,,,,,,1042.4362257999999,1042.4439223,1042.4439223,1042.4439223,1045.4106297,f,1045.4106668,,,1045.4106768,None,,,,,,0.7178363000000445,0.1661013999998886,,,,,,,,,,00023,001,2025-11-14_15h38.10.062,MST_task,2024.2.2,60.391578998217604,2025-11-14 15h38.22.075204 +0530,
,Objects\191a.jpg,216,0,216,,,,,,,f,None,,,0.7644649999999729,0.1556871999998748,,,,,216,0,216,0,1045.4272185,,,,,,,,,,,,,,,,,,,,,,,,,,,,,,1045.4107708,1045.4272185,1045.910704,,,,,,,,,,,,,,1046.2272255,,,,,,,,,,,,,1046.2157402,1046.2272255,1046.2272255,1046.2272255,1048.9273065,f,1048.927352,,,1048.9273625,None,,,,,,0.7644649999999729,0.1556871999998748,,,,,,,,,,00023,001,2025-11-14_15h38.10.062,MST_task,2024.2.2,60.391578998217604,2025-11-14 15h38.22.075204 +0530,
,Scenes\100a.jpg,217,0,217,,,,,,,f,None,,,1.3307658999999603,0.14408980000007432,,,,,217,0,217,0,1048.9438049999999,,,,,,,,,,,,,,,,,,,,,,,,,,,,,,1048.9274593,1048.9438049999999,1049.4273813,,,,,,,,,,,,,,1049.4605101,,,,,,,,,,,,,1049.446378,1049.4605101,1049.4605101,1049.4605101,1052.4437903,f,1052.4451569999999,,,1052.4451686,None,,,,,,1.3307658999999603,0.14408980000007432,,,,,,,,,,00023,001,2025-11-14_15h38.10.062,MST_task,2024.2.2,60.391578998217604,2025-11-14 15h38.22.075204 +0530,
,Scenes\014a.jpg,218,0,218,,,,,,,f,None,,,1.4495408000000225,0.16224289999991015,,,,,218,0,218,0,1052.4603956,,,,,,,,,,,,,,,,,,,,,,,,,,,,,,1052.4452598,1052.4603956,1052.9438913,,,,,,,,,,,,,,1053.794188,,,,,,,,,,,,,1053.7836947,1053.794188,1053.794188,1053.794188,1055.9603588,f,1055.9603955,,,1055.9604053,None,,,,,,1.4495408000000225,0.16224289999991015,,,,,,,,,,00023,001,2025-11-14_15h38.10.062,MST_task,2024.2.2,60.391578998217604,2025-11-14 15h38.22.075204 +0530,
,Scenes\168a.jpg,219,0,219,,,,,,,j,None,,,0.753527300000087,0.15431679999983317,,,,,219,0,219,0,1055.9769882,,,,,,,,,,,,,,,,,,,,,,,,,,,,,,1055.9604683,1055.9769882,1056.4604927,,,,,,,,,,,,,,1056.4938872999999,,,,,,,,,,,,,1056.4867377,1056.4938872999999,1056.4938872999999,1056.4938872999999,1059.4769359,j,1059.4769853999999,,,1059.4769954,None,,,,,,0.753527300000087,0.15431679999983317,,,,,,,,,,00023,001,2025-11-14_15h38.10.062,MST_task,2024.2.2,60.391578998217604,2025-11-14 15h38.22.075204 +0530,
,Scenes\192a.jpg,220,0,220,,,,,,,j,None,,,2.683535099999972,0.11768499999993765,,,,,220,0,220,0,1059.4935904,,,,,,,,,,,,,,,,,,,,,,,,,,,,,,1059.4770544,1059.4935904,1059.9770785,,,,,,,,,,,,,,1059.9934092,,,,,,,,,,,,,1059.9872678,1059.9934092,1059.9934092,1059.9934092,1062.9771027,j,1062.9771395999999,,,1062.97715,None,,,1062.99355,1062.99355,1062.99355,2.683535099999972,0.11768499999993765,,,,,,,,,,00023,001,2025-11-14_15h38.10.062,MST_task,2024.2.2,60.391578998217604,2025-11-14 15h38.22.075204 +0530,
,Scenes\051a.jpg,221,0,221,,,,,,,j,None,,,0.9205127000000175,0.17398419999994985,,,,,221,0,221,0,1062.99355,,,,,,,,,,,,,,,,,,,,,,,,,,,,,,1062.9772113,1062.99355,1063.4770896,,,,,,,,,,,,,,1063.52703,,,,,,,,,,,,,1063.5141975,1063.52703,1063.52703,1063.52703,1066.4935561,j,1066.4935905,,,1066.4935999,None,,,,,,0.9205127000000175,0.17398419999994985,,,,,,,,,,00023,001,2025-11-14_15h38.10.062,MST_task,2024.2.2,60.391578998217604,2025-11-14 15h38.22.075204 +0530,
,Scenes\009a.jpg,222,0,222,,,,,,,f,None,,,2.351752000000033,0.16132949999996526,,,,,222,0,222,0,1066.5102267,,,,,,,,,,,,,,,,,,,,,,,,,,,,,,1066.4936849,1066.5102267,1066.9936827,,,,,,,,,,,,,,1067.2604128,,,,,,,,,,,,,1067.2385645,1067.2604128,1067.2604128,1067.2604128,1070.0100607,f,1070.0101084,,,1070.0101187,None,,,,,,2.351752000000033,0.16132949999996526,,,,,,,,,,00023,001,2025-11-14_15h38.10.062,MST_task,2024.2.2,60.391578998217604,2025-11-14 15h38.22.075204 +0530,
,Scenes\164a.jpg,223,0,223,,,,,,,f,None,,,1.8684385999999904,0.17003509999995003,,,,,223,0,223,0,1070.0266879,,,,,,,,,,,,,,,,,,,,,,,,,,,,,,1070.0101788,1070.0266879,1070.5101944,,,,,,,,,,,,,,1070.576924,,,,,,,,,,,,,1070.5592436,1070.576924,1070.576924,1070.576924,1073.5267075,f,1073.5267486999999,,,1073.5267589,None,,,,,,1.8684385999999904,0.17003509999995003,,,,,,,,,,00023,001,2025-11-14_15h38.10.062,MST_task,2024.2.2,60.391578998217604,2025-11-14 15h38.22.075204 +0530,
,Objects\072a.jpg,224,0,224,,,,,,,f,None,,,1.2906636999998682,0.17023840000001655,,,,,224,0,224,0,1073.5433062,,,,,,,,,,,,,,,,,,,,,,,,,,,,,,1073.5268205,1073.5433062,1074.0268311,,,,,,,,,,,,,,1074.0770006,,,,,,,,,,,,,1074.069301,1074.0770006,1074.0770006,1074.0770006,1077.0433157,f,1077.0447915,,,1077.0448036999999,None,,,,,,1.2906636999998682,0.17023840000001655,,,,,,,,,,00023,001,2025-11-14_15h38.10.062,MST_task,2024.2.2,60.391578998217604,2025-11-14 15h38.22.075204 +0530,
,Objects\156a.jpg,225,0,225,,,,,,,j,None,,,2.4139754000000266,0.12044390000005478,,,,,225,0,225,0,1077.0598762,,,,,,,,,,,,,,,,,,,,,,,,,,,,,,1077.0448608,1077.0598762,1077.5433647,,,,,,,,,,,,,,1077.8931591,,,,,,,,,,,,,1077.876861,1077.8931591,1077.8931591,1077.8931591,1080.5599402999999,j,1080.5599766999999,,,1080.5599866,None,,,,,,2.4139754000000266,0.12044390000005478,,,,,,,,,,00023,001,2025-11-14_15h38.10.062,MST_task,2024.2.2,60.391578998217604,2025-11-14 15h38.22.075204 +0530,
,Objects\033a.jpg,226,0,226,,,,,,,f,None,,,0.9203870999999708,0.1680548000001636,,,,,226,0,226,0,1080.5764801999999,,,,,,,,,,,,,,,,,,,,,,,,,,,,,,1080.5600466,1080.5764801999999,1081.0599879,,,,,,,,,,,,,,1081.0931126,,,,,,,,,,,,,1081.088196,1081.0931126,1081.0931126,1081.0931126,1084.0764249,f,1084.0764753,,,1084.0764862,None,,,,,,0.9203870999999708,0.1680548000001636,,,,,,,,,,00023,001,2025-11-14_15h38.10.062,MST_task,2024.2.2,60.391578998217604,2025-11-14 15h38.22.075204 +0530,
,Objects\091a.jpg,227,0,227,,,,,,,f,None,,,0.854514300000119,0.14656189999982416,,,,,227,0,227,0,1084.0930602,,,,,,,,,,,,,,,,,,,,,,,,,,,,,,1084.0765506999999,1084.0930602,1084.576534,,,,,,,,,,,,,,1084.6097094,,,,,,,,,,,,,1084.5922975,1084.6097094,1084.6097094,1084.6097094,1087.5930667,f,1087.5931074,,,1087.5931176,None,,,,,,0.854514300000119,0.14656189999982416,,,,,,,,,,00023,001,2025-11-14_15h38.10.062,MST_task,2024.2.2,60.391578998217604,2025-11-14 15h38.22.075204 +0530,
,Objects\071a.jpg,228,0,228,,,,,,,j,None,,,1.2037453000000369,0.16226800000004005,,,,,228,0,228,0,1087.6096506,,,,,,,,,,,,,,,,,,,,,,,,,,,,,,1087.5932489,1087.6096506,1088.0931168,,,,,,,,,,,,,,1088.1262656,,,,,,,,,,,,,1088.1200521,1088.1262656,1088.1262656,1088.1262656,1091.1096009999999,j,1091.1096333,,,1091.1096427,None,,,,,,1.2037453000000369,0.16226800000004005,,,,,,,,,,00023,001,2025-11-14_15h38.10.062,MST_task,2024.2.2,60.391578998217604,2025-11-14 15h38.22.075204 +0530,
,Objects\046a.jpg,229,0,229,,,,,,,f,None,,,1.1813984999998866,0.17830300000014176,,,,,229,0,229,0,1091.1262356,,,,,,,,,,,,,,,,,,,,,,,,,,,,,,1091.1097282,1091.1262356,1091.609909,,,,,,,,,,,,,,,,,,,,,,,,,,,1091.9112301,1091.9261927,1091.9261927,1091.9261927,1094.6263373,f,1094.6263823,,,1094.6263912,None,,,,,,1.1813984999998866,0.17830300000014176,,,,,,,,,,00023,001,2025-11-14_15h38.10.062,MST_task,2024.2.2,60.391578998217604,2025-11-14 15h38.22.075204 +0530,
,Objects\137a.jpg,230,0,230,,,,,,,f,None,,,1.2887875999999778,0.16974560000016936,,,,,230,0,230,0,1094.6428302,,,,,,,,,,,,,,,,,,,,,,,,,,,,,,1094.6264546,1094.6428302,1095.1262983,,,,,,,,,,,,,,1095.1927914,,,,,,,,,,,,,1095.1881012,1095.1927914,1095.1927914,1095.1927914,1098.1429592,f,1098.1430006,,,1098.1430119,None,,,,,,1.2887875999999778,0.16974560000016936,,,,,,,,,,00023,001,2025-11-14_15h38.10.062,MST_task,2024.2.2,60.391578998217604,2025-11-14 15h38.22.075204 +0530,
,Scenes\188a.jpg,231,0,231,,,,,,,j,None,,,1.2786260000000311,0.1458913000001303,,,,,231,0,231,0,1098.1594195,,,,,,,,,,,,,,,,,,,,,,,,,,,,,,1098.1430788,1098.1594195,1098.6430139,,,,,,,,,,,,,,1098.6929811,,,,,,,,,,,,,1098.6760786,1098.6929811,1098.6929811,1098.6929811,1101.6594081,j,1101.6605235,,,1101.6605353,None,,,,,,1.2786260000000311,0.1458913000001303,,,,,,,,,,00023,001,2025-11-14_15h38.10.062,MST_task,2024.2.2,60.391578998217604,2025-11-14 15h38.22.075204 +0530,
,Scenes\123a.jpg,232,0,232,,,,,,,j,None,,,1.6787371999998868,0.15821909999999662,,,,,232,0,232,0,1101.6760207,,,,,,,,,,,,,,,,,,,,,,,,,,,,,,1101.660589,1101.6760207,1102.1595652,,,,,,,,,,,,,,1102.1926531,,,,,,,,,,,,,1102.1740975,1102.1926531,1102.1926531,1102.1926531,1105.1760363,j,1105.1760708,,,1105.1760813,None,,,,,,1.6787371999998868,0.15821909999999662,,,,,,,,,,00023,001,2025-11-14_15h38.10.062,MST_task,2024.2.2,60.391578998217604,2025-11-14 15h38.22.075204 +0530,
,Scenes\069a.jpg,233,0,233,,,,,,,j,None,,,2.278867999999875,0.14182290000007924,,,,,233,0,233,0,1105.1925755,,,,,,,,,,,,,,,,,,,,,,,,,,,,,,1105.1761705,1105.1925755,1105.6762772,,,,,,,,,,,,,,1105.7094787,,,,,,,,,,,,,1105.6910486,1105.7094787,1105.7094787,1105.7094787,1108.6925552,j,1108.692589,,,1108.6925988,None,,,,,,2.278867999999875,0.14182290000007924,,,,,,,,,,00023,001,2025-11-14_15h38.10.062,MST_task,2024.2.2,60.391578998217604,2025-11-14 15h38.22.075204 +0530,
,Scenes\005a.jpg,234,0,234,,,,,,,None,j,0.6885057999998025,None,,,,,,,234,0,234,0,1108.7092062,,,,,,,,,,,,,,,,,,,,,,,,,,,,,,1108.692683,1108.7092062,1109.1926443,,,,,,,,,,,,,,1109.4924829,,,,,,,,,,,,,1109.4823836,1109.4924829,1109.4924829,1109.4924829,1112.2091596,None,1112.2091901,1112.2257875,1112.2257875,1112.9260825,j,0.6885057999998025,None,,,,,,,,,,,,,,,00023,001,2025-11-14_15h38.10.062,MST_task,2024.2.2,60.391578998217604,2025-11-14 15h38.22.075204 +0530,
,Scenes\132a.jpg,235,0,235,,,,,,,None,f,1.0896769000000859,None,,,,,,,235,0,235,0,1112.94246,,,,,,,,,,,,,,,,,,,,,,,,,,,,,,1112.9261555,1112.94246,1113.4260004,,,,,,,,,,,,,,1113.5257698,,,,,,,,,,,,,1113.5041591,1113.5257698,1113.5257698,1113.5257698,1116.4425489,None,1116.4425872,1116.4590413,1116.4590413,1117.5593191,f,1.0896769000000859,None,,,,,,,,,,,,,,,00023,001,2025-11-14_15h38.10.062,MST_task,2024.2.2,60.391578998217604,2025-11-14 15h38.22.075204 +0530,
,Scenes\063a.jpg,236,0,236,,,,,,,j,None,,,1.5339151000000584,0.17402349999997568,,,,,236,0,236,0,1117.5756829,,,,,,,,,,,,,,,,,,,,,,,,,,,,,,1117.5593923,1117.5756829,1118.0591565,,,,,,,,,,,,,,1118.1923053,,,,,,,,,,,,,1118.1790895,1118.1923053,1118.1923053,1118.1923053,1121.0756584,j,1121.0756976,,,1121.0757079,None,,,,,,1.5339151000000584,0.17402349999997568,,,,,,,,,,00023,001,2025-11-14_15h38.10.062,MST_task,2024.2.2,60.391578998217604,2025-11-14 15h38.22.075204 +0530,
,Scenes\084a.jpg,237,0,237,,,,,,,j,None,,,2.0216857000000346,0.1689445000001797,,,,,237,0,237,0,1121.0922646,,,,,,,,,,,,,,,,,,,,,,,,,,,,,,1121.0757948,1121.0922646,1121.5757629,,,,,,,,,,,,,,1121.6089357,,,,,,,,,,,,,1121.5956858,1121.6089357,1121.6089357,1121.6089357,1124.5922474,j,1124.5922865,,,1124.5922966,None,,,,,,2.0216857000000346,0.1689445000001797,,,,,,,,,,00023,001,2025-11-14_15h38.10.062,MST_task,2024.2.2,60.391578998217604,2025-11-14 15h38.22.075204 +0530,
,Objects\144a.jpg,238,0,238,,,,,,,None,j,0.4000481000000491,None,,,,,,,238,0,238,0,1124.608859,,,,,,,,,,,,,,,,,,,,,,,,,,,,,,1124.5923941,1124.608859,1125.0925093,,,,,,,,,,,,,,1125.1425297,,,,,,,,,,,,,1125.1320328,1125.1425297,1125.1425297,1125.1425297,1128.1088505,None,1128.1102918,1128.1254247,1128.1254247,1128.5258914,j,0.4000481000000491,None,,,,,,,,,,,,,,,00023,001,2025-11-14_15h38.10.062,MST_task,2024.2.2,60.391578998217604,2025-11-14 15h38.22.075204 +0530,
,Objects\060a.jpg,239,0,239,,,,,,,f,None,,,2.0838381999999456,0.17473840000002383,,,,,239,0,239,0,1128.5421249,,,,,,,,,,,,,,,,,,,,,,,,,,,,,,1128.5259972,1128.5421249,1129.0255691,,,,,,,,,,,,,,1129.0583586,,,,,,,,,,,,,1129.0550671,1129.0583586,1129.0583586,1129.0583586,1132.0421218,f,1132.0421599,,,1132.0421699,None,,,,,,2.0838381999999456,0.17473840000002383,,,,,,,,,,00023,001,2025-11-14_15h38.10.062,MST_task,2024.2.2,60.391578998217604,2025-11-14 15h38.22.075204 +0530,
,Objects\102a.jpg,240,0,240,,,,,,,None,f,1.1208070000000134,None,,,,,,,240,0,240,0,1132.0588333,,,,,,,,,,,,,,,,,,,,,,,,,,,,,,1132.0422285,1132.0588333,1132.5421776,,,,,,,,,,,,,,1136.6252686999999,,,,,,,,,,,,,1136.6164641,,,,1136.616491,None,1136.6165172,1136.6252686999999,1136.6252686999999,1137.7589591,f,1.1208070000000134,None,,,,,,,,,,,,,,,00023,001,2025-11-14_15h38.10.062,MST_task,2024.2.2,60.391578998217604,2025-11-14 15h38.22.075204 +0530,
,Objects\138a.jpg,241,0,241,,,,,,,None,j,0.4115446000000702,None,,,,,,,241,0,241,0,1137.7753243,,,,,,,,,,,,,,,,,,,,,,,,,,,,,,1137.7590511,1137.7753243,1138.2588269999999,,,,,,,,,,,,,,1138.2919422,,,,,,,,,,,,,1138.2785581,1138.2919422,1138.2919422,1138.2919422,1141.2753946,None,1141.2754304,1141.2918477,1141.2918477,1141.7087827999999,j,0.4115446000000702,None,,,,,,,,,,,,,,,00023,001,2025-11-14_15h38.10.062,MST_task,2024.2.2,60.391578998217604,2025-11-14 15h38.22.075204 +0530,
,Objects\065a.jpg,242,0,242,,,,,,,None,j,2.2040794000001824,None,,,,,,,242,0,242,0,1141.7251929,,,,,,,,,,,,,,,,,,,,,,,,,,,,,,1141.7088973,1141.7251929,1142.2088437,,,,,,,,,,,,,,1142.3085419,,,,,,,,,,,,,1142.30109,1142.3085419,1142.3085419,1142.3085419,1145.225285,None,1145.2253234,1145.2417727,1145.2417727,1147.4587048,j,2.2040794000001824,None,,,,,,,,,,,,,,,00023,001,2025-11-14_15h38.10.062,MST_task,2024.2.2,60.391578998217604,2025-11-14 15h38.22.075204 +0530,
,Objects\142a.jpg,243,0,243,,,,,,,None,j,1.071683000000121,None,,,,,,,243,0,243,0,1147.4752159,,,,,,,,,,,,,,,,,,,,,,,,,,,,,,1147.4588151,1147.4752159,1147.9586007999999,,,,,,,,,,,,,,1148.1084868,,,,,,,,,,,,,1148.0884173,1148.1084868,1148.1084868,1148.1084868,1150.9750238,None,1150.9750548,1150.9916891,1150.9916891,1152.0752212,j,1.071683000000121,None,,,,,,,,,,,,,,,00023,001,2025-11-14_15h38.10.062,MST_task,2024.2.2,60.391578998217604,2025-11-14 15h38.22.075204 +0530,
,Objects\110a.jpg,244,0,244,,,,,,,None,f,0.262148100000104,None,,,,,,,244,0,244,0,1152.0916303,,,,,,,,,,,,,,,,,,,,,,,,,,,,,,1152.0753346,1152.0916303,1152.5750856,,,,,,,,,,,,,,1152.7582591999999,,,,,,,,,,,,,1152.7476734,1152.7582591999999,1152.7582591999999,1152.7582591999999,1155.5916935999999,None,1155.5917251,1155.6082566,1155.6082566,1155.8751828,f,0.262148100000104,None,,,,,,,,,,,,,,,00023,001,2025-11-14_15h38.10.062,MST_task,2024.2.2,60.391578998217604,2025-11-14 15h38.22.075204 +0530,
,Scenes\041a.jpg,245,0,245,,,,,,,j,None,,,2.8636795999998412,None,,,,,245,0,245,0,1155.8916523999999,,,,,,,,,,,,,,,,,,,,,,,,,,,,,,1155.8752489,1155.8916523999999,1156.3750327999999,,,,,,,,,,,,,,1156.5081765,,,,,,,,,,,,,1156.49141,1156.5081765,1156.5081765,1156.5081765,1159.3917456,j,1159.3929384,,,1159.3929525,None,,,,,,2.8636795999998412,None,,,,,,,,,,00023,001,2025-11-14_15h38.10.062,MST_task,2024.2.2,60.391578998217604,2025-11-14 15h38.22.075204 +0530,
,Scenes\106a.jpg,246,0,246,,,,,,,j,None,,,1.8352672000000894,0.14635180000004766,,,,,246,0,246,0,1159.4082527,,,,,,,,,,,,,,,,,,,,,,,,,,,,,,1159.3930122,1159.4082527,1159.8916308999999,,,,,,,,,,,,,,1159.9243644,,,,,,,,,,,,,1159.9182497,1159.9243644,1159.9243644,1159.9243644,1162.9081366,j,1162.9081713,,,1162.9081805,None,,,,,,1.8352672000000894,0.14635180000004766,,,,,,,,,,00023,001,2025-11-14_15h38.10.062,MST_task,2024.2.2,60.391578998217604,2025-11-14 15h38.22.075204 +0530,
,Scenes\107a.jpg,247,0,247,,,,,,,j,None,,,1.978710699999965,0.14920090000009623,,,,,247,0,247,0,1162.9248032,,,,,,,,,,,,,,,,,,,,,,,,,,,,,,1162.9082687,1162.9248032,1163.4083403,,,,,,,,,,,,,,1163.441501,,,,,,,,,,,,,1163.4243516,1163.441501,1163.441501,1163.441501,1166.4246962,j,1166.4247315,,,1166.4247417,None,,,,,,1.978710699999965,0.14920090000009623,,,,,,,,,,00023,001,2025-11-14_15h38.10.062,MST_task,2024.2.2,60.391578998217604,2025-11-14 15h38.22.075204 +0530,
,Scenes\147a.jpg,248,0,248,,,,,,,j,None,,,1.2435544999998456,0.13067230000001473,,,,,248,0,248,0,1166.4413274,,,,,,,,,,,,,,,,,,,,,,,,,,,,,,1166.4248061,1166.4413274,1166.9247853,,,,,,,,,,,,,,,,,,,,,,,,,,,1166.9394288,1166.9580071999999,1166.9580071999999,1166.9580071999999,1169.9413894,j,1169.941423,,,1169.9414319,None,,,,,,1.2435544999998456,0.13067230000001473,,,,,,,,,,00023,001,2025-11-14_15h38.10.062,MST_task,2024.2.2,60.391578998217604,2025-11-14 15h38.22.075204 +0530,
,Scenes\166a.jpg,249,0,249,,,,,,,None,j,0.2545100000002094,None,,,,,,,249,0,249,0,1169.958036,,,,,,,,,,,,,,,,,,,,,,,,,,,,,,1169.9415184,1169.958036,1170.4413625,,,,,,,,,,,,,,1170.5246315,,,,,,,,,,,,,1170.5168312,1170.5246315,1170.5246315,1170.5246315,1173.4579912,None,1173.4580213,1173.4746139,1173.4746139,1173.7415791,j,0.2545100000002094,None,,,,,,,,,,,,,,,00023,001,2025-11-14_15h38.10.062,MST_task,2024.2.2,60.391578998217604,2025-11-14 15h38.22.075204 +0530,
,Scenes\026a.jpg,250,0,250,,,,,,,j,None,,,2.8173353000001953,0.12390269999991688,,,,,250,0,250,0,1173.7578621,,,,,,,,,,,,,,,,,,,,,,,,,,,,,,1173.7416561,1173.7578621,1174.2413204,,,,,,,,,,,,,,1174.2747368999999,,,,,,,,,,,,,1174.2645597,1174.2747368999999,1174.2747368999999,1174.2747368999999,1177.2577798,j,1177.2578191,,,1177.2578299,None,,,,,,2.8173353000001953,0.12390269999991688,,,,,,,,,,00023,001,2025-11-14_15h38.10.062,MST_task,2024.2.2,60.391578998217604,2025-11-14 15h38.22.075204 +0530,
,Scenes\027a.jpg,251,0,251,,,,,,,f,None,,,1.569912400000021,0.18182290000004286,,,,,251,0,251,0,1177.2744017,,,,,,,,,,,,,,,,,,,,,,,,,,,,,,1177.2578927,1177.2744017,1177.7578952,,,,,,,,,,,,,,,,,,,,,,,,,,,1177.9993818,1178.0080219,1178.0080219,1178.0080219,1180.7743934,f,1180.7744443,,,1180.7744537,None,,,,,,1.569912400000021,0.18182290000004286,,,,,,,,,,00023,001,2025-11-14_15h38.10.062,MST_task,2024.2.2,60.391578998217604,2025-11-14 15h38.22.075204 +0530,
,Objects\039a.jpg,252,0,252,,,,,,,None,j,1.0061955000001035,None,,,,,,,252,0,252,0,1180.7910176999999,,,,,,,,,,,,,,,,,,,,,,,,,,,,,,1180.774518,1180.7910176999999,1181.2745586,,,,,,,,,,,,,,1181.4079566,,,,,,,,,,,,,1181.3987425999999,1181.4079566,1181.4079566,1181.4079566,1184.2909981,None,1184.292618,1184.3075849,1184.3075849,1185.3244932,j,1.0061955000001035,None,,,,,,,,,,,,,,,00023,001,2025-11-14_15h38.10.062,MST_task,2024.2.2,60.391578998217604,2025-11-14 15h38.22.075204 +0530,
,Objects\120a.jpg,253,0,253,,,,,,,None,f,1.0821860999999444,None,,,,,,,253,0,253,0,1185.3409078,,,,,,,,,,,,,,,,,,,,,,,,,,,,,,1185.3246113,1185.3409078,1185.8244492,,,,,,,,,,,,,,1185.8575206,,,,,,,,,,,,,1185.8416705,1185.8575206,1185.8575206,1185.8575206,1188.8408815,None,1188.8409317,1188.8575084,1188.8575084,1189.9411233,f,1.0821860999999444,None,,,,,,,,,,,,,,,00023,001,2025-11-14_15h38.10.062,MST_task,2024.2.2,60.391578998217604,2025-11-14 15h38.22.075204 +0530,
,Objects\130a.jpg,254,0,254,,,,,,,j,None,,,2.6575864999999794,0.17826319999994666,,,,,254,0,254,0,1189.9574823,,,,,,,,,,,,,,,,,,,,,,,,,,,,,,1189.9412069,1189.9574823,1190.4409607,,,,,,,,,,,,,,1190.4907574,,,,,,,,,,,,,1190.4853473,1190.4907574,1190.4907574,1190.4907574,1193.4575728,j,1193.4576109,,,1193.4576210999999,None,,,,,,2.6575864999999794,0.17826319999994666,,,,,,,,,,00023,001,2025-11-14_15h38.10.062,MST_task,2024.2.2,60.391578998217604,2025-11-14 15h38.22.075204 +0530,
,Objects\015a.jpg,255,0,255,,,,,,,f,None,,,2.014041799999859,0.18659679999996115,,,,,255,0,255,0,1193.4741297,,,,,,,,,,,,,,,,,,,,,,,,,,,,,,1193.4576803,1193.4741297,1193.9576607,,,,,,,,,,,,,,1194.2573492,,,,,,,,,,,,,1194.2453914,1194.2573492,1194.2573492,1194.2573492,1196.9741497,f,1196.9742133,,,1196.9742288,None,,,,,,2.014041799999859,0.18659679999996115,,,,,,,,,,00023,001,2025-11-14_15h38.10.062,MST_task,2024.2.2,60.391578998217604,2025-11-14 15h38.22.075204 +0530,
,Objects\051a.jpg,256,0,256,,,,,,,j,None,,,1.1522141999998894,0.20587390000014238,,,,,256,0,256,0,1196.9906753,,,,,,,,,,,,,,,,,,,,,,,,,,,,,,1196.9743369,1196.9906753,1197.4741929,,,,,,,,,,,,,,1197.5073087,,,,,,,,,,,,,1197.4995202,1197.5073087,1197.5073087,1197.5073087,1200.4906386,j,1200.4906805,,,1200.4906908,None,,,,,,1.1522141999998894,0.20587390000014238,,,,,,,,,,00023,001,2025-11-14_15h38.10.062,MST_task,2024.2.2,60.391578998217604,2025-11-14 15h38.22.075204 +0530,
,Objects\179a.jpg,257,0,257,,,,,,,f,None,,,1.6747487000000092,0.2178483000000142,,,,,257,0,257,0,1200.5072579,,,,,,,,,,,,,,,,,,,,,,,,,,,,,,1200.4907523,1200.5072579,1200.990758,,,,,,,,,,,,,,1201.0239193,,,,,,,,,,,,,1201.0063294,1201.0239193,1201.0239193,1201.0239193,1204.0073411,f,1204.0073846999999,,,1204.0073957,None,,,,,,1.6747487000000092,0.2178483000000142,,,,,,,,,,00023,001,2025-11-14_15h38.10.062,MST_task,2024.2.2,60.391578998217604,2025-11-14 15h38.22.075204 +0530,
,Objects\084a.jpg,258,0,258,,,,,,,f,None,,,1.8015858999999637,0.18619650000005095,,,,,258,0,258,0,1204.0239906,,,,,,,,,,,,,,,,,,,,,,,,,,,,,,1204.0074958,1204.0239906,1204.5074978,,,,,,,,,,,,,,1204.9404808,,,,,,,,,,,,,1204.9207947,1204.9404808,1204.9404808,1204.9404808,1207.5239327,f,1207.5239713,,,1207.523982,None,,,,,,1.8015858999999637,0.18619650000005095,,,,,,,,,,00023,001,2025-11-14_15h38.10.062,MST_task,2024.2.2,60.391578998217604,2025-11-14 15h38.22.075204 +0530,
,Scenes\008a.jpg,259,0,259,,,,,,,f,None,,,2.3860677000000123,0.18557239999995545,,,,,259,0,259,0,1207.5405531,,,,,,,,,,,,,,,,,,,,,,,,,,,,,,1207.5240809,1207.5405531,1208.0241233,,,,,,,,,,,,,,1208.3739813,,,,,,,,,,,,,1208.3637529,1208.3739813,1208.3739813,1208.3739813,1211.040398,f,1211.0417479999999,,,1211.0417649,None,,,,,,2.3860677000000123,0.18557239999995545,,,,,,,,,,00023,001,2025-11-14_15h38.10.062,MST_task,2024.2.2,60.391578998217604,2025-11-14 15h38.22.075204 +0530,
,Scenes\095a.jpg,260,0,260,,,,,,,f,None,,,1.8455225999998675,0.20245760000011614,,,,,260,0,260,0,1211.0569771,,,,,,,,,,,,,,,,,,,,,,,,,,,,,,1211.0418303,1211.0569771,1211.5406571,,,,,,,,,,,,,,1211.5740092,,,,,,,,,,,,,1211.5579387999999,1211.5740092,1211.5740092,1211.5740092,1214.5570021,f,1214.5570516999999,,,1214.5570622,None,,,,,,1.8455225999998675,0.20245760000011614,,,,,,,,,,00023,001,2025-11-14_15h38.10.062,MST_task,2024.2.2,60.391578998217604,2025-11-14 15h38.22.075204 +0530,
,Scenes\140a.jpg,261,0,261,,,,,,,j,None,,,1.773075800000015,0.1900206000000253,,,,,261,0,261,0,1214.5736036,,,,,,,,,,,,,,,,,,,,,,,,,,,,,,1214.5571567,1214.5736036,1215.0572038,,,,,,,,,,,,,,1215.107151,,,,,,,,,,,,,1215.083906,1215.107151,1215.107151,1215.107151,1218.0735611,j,1218.0736004999999,,,1218.0736114,None,,,,,,1.773075800000015,0.1900206000000253,,,,,,,,,,00023,001,2025-11-14_15h38.10.062,MST_task,2024.2.2,60.391578998217604,2025-11-14 15h38.22.075204 +0530,
,Scenes\183a.jpg,262,0,262,,,,,,,f,None,,,1.7410545000000184,0.2188115999999809,,,,,262,0,262,0,1218.0902181,,,,,,,,,,,,,,,,,,,,,,,,,,,,,,1218.0737088,1218.0902181,1218.5736993,,,,,,,,,,,,,,1218.6404628999999,,,,,,,,,,,,,1218.6186291,1218.6404628999999,1218.6404628999999,1218.6404628999999,1221.59019,f,1221.5902352,,,1221.5902471,None,,,,,,1.7410545000000184,0.2188115999999809,,,,,,,,,,00023,001,2025-11-14_15h38.10.062,MST_task,2024.2.2,60.391578998217604,2025-11-14 15h38.22.075204 +0530,
,Scenes\081a.jpg,263,0,263,,,,,,,j,None,,,1.0714712000001327,0.17823589999989053,,,,,263,0,263,0,1221.6068066999999,,,,,,,,,,,,,,,,,,,,,,,,,,,,,,1221.5903385,1221.6068066999999,1222.0904367,,,,,,,,,,,,,,1222.1401024,,,,,,,,,,,,,1222.1234678,1222.1401024,1222.1401024,1222.1401024,1225.1067923,j,1225.1068383,,,1225.106848,None,,,,,,1.0714712000001327,0.17823589999989053,,,,,,,,,,00023,001,2025-11-14_15h38.10.062,MST_task,2024.2.2,60.391578998217604,2025-11-14 15h38.22.075204 +0530,
,Scenes\072a.jpg,264,0,264,,,,,,,None,j,0.08370530000001963,None,,,,,,,264,0,264,0,1225.1233932,,,,,,,,,,,,,,,,,,,,,,,,,,,,,,1225.1069362,1225.1233932,1225.6069681,,,,,,,,,,,,,,1225.673508,,,,,,,,,,,,,1225.6576449,1225.673508,1225.673508,1225.673508,1228.6233511,None,1228.6233833,1228.6399858,1228.6399858,1228.7402625,j,0.08370530000001963,None,,,,,,,,,,,,,,,00023,001,2025-11-14_15h38.10.062,MST_task,2024.2.2,60.391578998217604,2025-11-14 15h38.22.075204 +0530,
,Scenes\121a.jpg,265,0,265,,,,,,,j,None,,,1.5384145000000444,0.14636909999990166,,,,,265,0,265,0,1228.7566509,,,,,,,,,,,,,,,,,,,,,,,,,,,,,,1228.7403696,1228.7566509,1229.2401308,,,,,,,,,,,,,,1229.3733146,,,,,,,,,,,,,1229.351307,1229.3733146,1229.3733146,1229.3733146,1232.2566145,j,1232.2566525,,,1232.256663,None,,,,,,1.5384145000000444,0.14636909999990166,,,,,,,,,,00023,001,2025-11-14_15h38.10.062,MST_task,2024.2.2,60.391578998217604,2025-11-14 15h38.22.075204 +0530,
,Objects\036a.jpg,266,0,266,,,,,,,f,None,,,1.6037077999999383,0.18923259999996844,,,,,266,0,266,0,1232.2732491,,,,,,,,,,,,,,,,,,,,,,,,,,,,,,1232.2567568,1232.2732491,1232.7567366,,,,,,,,,,,,,,1232.9735486,,,,,,,,,,,,,1232.9552892,1232.9735486,1232.9735486,1232.9735486,1235.7732256,f,1235.7747904999999,,,1235.7748053,None,,,,,,1.6037077999999383,0.18923259999996844,,,,,,,,,,00023,001,2025-11-14_15h38.10.062,MST_task,2024.2.2,60.391578998217604,2025-11-14 15h38.22.075204 +0530,
,Objects\077a.jpg,267,0,267,,,,,,,j,None,,,1.2570744000001923,0.25862599999982194,,,,,267,0,267,0,1235.7898773,,,,,,,,,,,,,,,,,,,,,,,,,,,,,,1235.7748649,1235.7898773,1236.2734381999999,,,,,,,,,,,,,,1236.3064535,,,,,,,,,,,,,1236.3023922,1236.3064535,1236.3064535,1236.3064535,1239.2898698,j,1239.289909,,,1239.2899188,None,,,,,,1.2570744000001923,0.25862599999982194,,,,,,,,,,00023,001,2025-11-14_15h38.10.062,MST_task,2024.2.2,60.391578998217604,2025-11-14 15h38.22.075204 +0530,
,Objects\078a.jpg,268,0,268,,,,,,,None,f,0.28764609999984714,None,,,,,,,268,0,268,0,1239.306392,,,,,,,,,,,,,,,,,,,,,,,,,,,,,,1239.2900193,1239.306392,1239.7899181,,,,,,,,,,,,,,1239.8231185,,,,,,,,,,,,,1239.8146336,1239.8231185,1239.8231185,1239.8231185,1242.8063848,None,1242.8064226,1242.8230252,1242.8230252,1243.1233172,f,0.28764609999984714,None,,,,,,,,,,,,,,,00023,001,2025-11-14_15h38.10.062,MST_task,2024.2.2,60.391578998217604,2025-11-14 15h38.22.075204 +0530,
,Objects\022a.jpg,269,0,269,,,,,,,f,None,,,0.5993121999999858,0.20178600000008373,,,,,269,0,269,0,1243.1396928,,,,,,,,,,,,,,,,,,,,,,,,,,,,,,1243.1233867,1243.1396928,1243.6231631,,,,,,,,,,,,,,1243.6563183,,,,,,,,,,,,,1243.6516623,1243.6563183,1243.6563183,1243.6563183,1246.639702,f,1246.6397376,,,1246.6397477,None,,,,,,0.5993121999999858,0.20178600000008373,,,,,,,,,,00023,001,2025-11-14_15h38.10.062,MST_task,2024.2.2,60.391578998217604,2025-11-14 15h38.22.075204 +0530,
,Objects\145a.jpg,270,0,270,,,,,,,f,None,,,0.6349903000000268,0.27431990000013684,,,,,270,0,270,0,1246.6562751,,,,,,,,,,,,,,,,,,,,,,,,,,,,,,1246.6398029,1246.6562751,1247.1398805,,,,,,,,,,,,,,1247.1728891,,,,,,,,,,,,,1247.1649456,1247.1728891,1247.1728891,1247.1728891,1250.1562465,f,1250.1562842,,,1250.1562946,None,,,,,,0.6349903000000268,0.27431990000013684,,,,,,,,,,00023,001,2025-11-14_15h38.10.062,MST_task,2024.2.2,60.391578998217604,2025-11-14 15h38.22.075204 +0530,
,Objects\056a.jpg,271,0,271,,,,,,,f,None,,,0.9195714999998472,0.20985719999998764,,,,,271,0,271,0,1250.1728663,,,,,,,,,,,,,,,,,,,,,,,,,,,,,,1250.1563876,1250.1728663,1250.6563694,,,,,,,,,,,,,,1250.7061867,,,,,,,,,,,,,1250.6935893,1250.7061867,1250.7061867,1250.7061867,1253.6728590999999,f,1253.6728945,,,1253.6729051,None,,,,,,0.9195714999998472,0.20985719999998764,,,,,,,,,,00023,001,2025-11-14_15h38.10.062,MST_task,2024.2.2,60.391578998217604,2025-11-14 15h38.22.075204 +0530,
,Objects\113a.jpg,272,0,272,,,,,,,f,None,,,2.2223582999999962,0.17776440000011462,,,,,272,0,272,0,1253.6894677,,,,,,,,,,,,,,,,,,,,,,,,,,,,,,1253.6729676,1253.6894677,1254.1729495,,,,,,,,,,,,,,1254.2060936999999,,,,,,,,,,,,,1254.2011521,1254.2060936999999,1254.2060936999999,1254.2060936999999,1257.1895017,f,1257.1895364,,,1257.1895465,None,,,,,,2.2223582999999962,0.17776440000011462,,,,,,,,,,00023,001,2025-11-14_15h38.10.062,MST_task,2024.2.2,60.391578998217604,2025-11-14 15h38.22.075204 +0530,
,Scenes\179a.jpg,273,0,273,,,,,,,j,None,,,2.035261799999944,0.21763660000010532,,,,,273,0,273,0,1257.2060736,,,,,,,,,,,,,,,,,,,,,,,,,,,,,,1257.1896063,1257.2060736,1257.6895628,,,,,,,,,,,,,,1257.7231057,,,,,,,,,,,,,1257.7063383,1257.7231057,1257.7231057,1257.7231057,1260.7060469,j,1260.7072304,,,1260.7072415,None,,,,,,2.035261799999944,0.21763660000010532,,,,,,,,,,00023,001,2025-11-14_15h38.10.062,MST_task,2024.2.2,60.391578998217604,2025-11-14 15h38.22.075204 +0530,
,Scenes\112a.jpg,274,0,274,,,,,,,j,None,,,2.6212232000000313,0.17829600000004575,,,,,274,0,274,0,1260.722644,,,,,,,,,,,,,,,,,,,,,,,,,,,,,,1260.707299,1260.722644,1261.2061829,,,,,,,,,,,,,,1261.2562619,,,,,,,,,,,,,1261.2423951,1261.2562619,1261.2562619,1261.2562619,1264.2226314,j,1264.2226756,,,1264.222686,None,,,,,,2.6212232000000313,0.17829600000004575,,,,,,,,,,00023,001,2025-11-14_15h38.10.062,MST_task,2024.2.2,60.391578998217604,2025-11-14 15h38.22.075204 +0530,
,Scenes\146a.jpg,275,0,275,,,,,,,j,None,,,1.7001725000000079,0.14941499999986263,,,,,275,0,275,0,1264.2391976,,,,,,,,,,,,,,,,,,,,,,,,,,,,,,1264.2227447,1264.2391976,1264.7227525,,,,,,,,,,,,,,1264.7561653999999,,,,,,,,,,,,,1264.7416034,1264.7561653999999,1264.7561653999999,1264.7561653999999,1267.7392557,j,1267.7392916,,,1267.7393013,None,,,,,,1.7001725000000079,0.14941499999986263,,,,,,,,,,00023,001,2025-11-14_15h38.10.062,MST_task,2024.2.2,60.391578998217604,2025-11-14 15h38.22.075204 +0530,
,Scenes\088a.jpg,276,0,276,,,,,,,j,None,,,1.305070999999998,0.1296772000000601,,,,,276,0,276,0,1267.7558107,,,,,,,,,,,,,,,,,,,,,,,,,,,,,,1267.7393864,1267.7558107,1268.2394362,,,,,,,,,,,,,,1268.2727766,,,,,,,,,,,,,1268.2622539,1268.2727766,1268.2727766,1268.2727766,1271.2557734,j,1271.2558368,,,1271.2558472,None,,,,,,1.305070999999998,0.1296772000000601,,,,,,,,,,00023,001,2025-11-14_15h38.10.062,MST_task,2024.2.2,60.391578998217604,2025-11-14 15h38.22.075204 +0530,
,Scenes\105a.jpg,277,0,277,,,,,,,j,None,,,1.668049199999814,0.19805560000008882,,,,,277,0,277,0,1271.272442,,,,,,,,,,,,,,,,,,,,,,,,,,,,,,1271.2559294,1271.272442,1271.7559295,,,,,,,,,,,,,,1271.8057145999999,,,,,,,,,,,,,1271.7906095,1271.8057145999999,1271.8057145999999,1271.8057145999999,1274.7723849,j,1274.7724185,,,1274.7724285,None,,,,,,1.668049199999814,0.19805560000008882,,,,,,,,,,00023,001,2025-11-14_15h38.10.062,MST_task,2024.2.2,60.391578998217604,2025-11-14 15h38.22.075204 +0530,
,Scenes\043a.jpg,278,0,278,,,,,,,None,j,0.09614629999987301,None,,,,,,,278,0,278,0,1274.7890381,,,,,,,,,,,,,,,,,,,,,,,,,,,,,,1274.7725144,1274.7890381,1275.2725214,,,,,,,,,,,,,,1275.3056531,,,,,,,,,,,,,1275.2918265,1275.3056531,1275.3056531,1275.3056531,1278.2890073,None,1278.2890368,1278.3055932,1278.3055932,1278.4061529,j,0.09614629999987301,None,,,,,,,,,,,,,,,00023,001,2025-11-14_15h38.10.062,MST_task,2024.2.2,60.391578998217604,2025-11-14 15h38.22.075204 +0530,
,Scenes\047a.jpg,279,0,279,,,,,,,j,None,,,2.5100832000000537,0.15208890000008068,,,,,279,0,279,0,1278.4222626,,,,,,,,,,,,,,,,,,,,,,,,,,,,,,1278.4062538,1278.4222626,1278.9058771,,,,,,,,,,,,,,1278.9558663,,,,,,,,,,,,,1278.9439184999999,1278.9558663,1278.9558663,1278.9558663,1281.9222368,j,1281.9222778,,,1281.9222935999999,None,,,,,,2.5100832000000537,0.15208890000008068,,,,,,,,,,00023,001,2025-11-14_15h38.10.062,MST_task,2024.2.2,60.391578998217604,2025-11-14 15h38.22.075204 +0530,
,,,,,,,,,,,,,,,,,,,,,,,,,,,,,,,,,,,,,,,,,,,,,,,,,,,,,,,,,,,,,,,,,,,,,,,,,,,,,,,,,,,,,,,,,,,,,,,,,,,,,,1281.9223717,1281.9388485,1281.9388485,1284.372566,space,2.4197560999998586,None,,,00023,001,2025-11-14_15h38.10.062,MST_task,2024.2.2,60.391578998217604,2025-11-14 15h38.22.075204 +0530,
,,,,,,,,,,,,,,,,,,,,,,,,,,,,,,,,,,,,,,,,,,,,,,,,,,,,,,,,,,,,,,,,,,,,,,,,,,,,,,,,,,,,,,,,,,,,,,,,,,,,,,,,,,,,,"['Objects\\006a.jpg', 'Objects\\035a.jpg', 'Objects\\153a.jpg', 'Objects\\163a.jpg', 'Objects\\170a.jpg', 'Objects\\021a.jpg', 'Objects\\063a.jpg', 'Scenes\\191a.jpg', 'Scenes\\124a.jpg', 'Scenes\\075a.jpg', 'Scenes\\007a.jpg', 'Scenes\\085a.jpg', 'Scenes\\021a.jpg', 'Scenes\\079a.jpg', 'Objects\\129a.jpg', 'Objects\\154a.jpg', 'Objects\\085a.jpg', 'Objects\\092a.jpg', 'Objects\\183a.jpg', 'Objects\\174a.jpg', 'Objects\\117a.jpg', 'Scenes\\001a.jpg', 'Scenes\\122a.jpg', 'Scenes\\025a.jpg', 'Scenes\\137a.jpg', 'Scenes\\127a.jpg', 'Scenes\\180a.jpg', 'Scenes\\019a.jpg', 'Objects\\043a.jpg', 'Objects\\032a.jpg', 'Objects\\001a.jpg', 'Objects\\028a.jpg', 'Objects\\048a.jpg', 'Objects\\150a.jpg', 'Objects\\096a.jpg', 'Scenes\\049a.jpg', 'Scenes\\138a.jpg', 'Scenes\\060a.jpg', 'Scenes\\104a.jpg', 'Scenes\\158a.jpg', 'Scenes\\103a.jpg', 'Scenes\\171a.jpg', 'Objects\\151a.jpg', 'Objects\\030a.jpg', 'Objects\\099a.jpg', 'Objects\\140a.jpg', 'Objects\\083a.jpg', 'Objects\\053a.jpg', 'Objects\\158a.jpg', 'Scenes\\022a.jpg', 'Scenes\\109a.jpg', 'Scenes\\024a.jpg', 'Scenes\\161a.jpg', 'Scenes\\159a.jpg', 'Scenes\\076a.jpg', 'Scenes\\044a.jpg', 'Objects\\007a.jpg', 'Objects\\027a.jpg', 'Objects\\059a.jpg', 'Objects\\135a.jpg', 'Objects\\165a.jpg', 'Objects\\187a.jpg', 'Objects\\042a.jpg', 'Scenes\\086a.jpg', 'Scenes\\067a.jpg', 'Scenes\\172a.jpg', 'Scenes\\023a.jpg', 'Scenes\\052a.jpg', 'Scenes\\033a.jpg', 'Scenes\\187a.jpg', 'Objects\\147a.jpg', 'Objects\\146a.jpg', 'Objects\\192a.jpg', 'Objects\\116a.jpg', 'Objects\\070a.jpg', 'Objects\\041a.jpg', 'Objects\\003a.jpg', 'Scenes\\028a.jpg', 'Scenes\\011a.jpg', 'Scenes\\184a.jpg', 'Scenes\\034a.jpg', 'Scenes\\110a.jpg', 'Scenes\\073a.jpg', 'Scenes\\143a.jpg', 'Objects\\134a.jpg', 'Objects\\152a.jpg', 'Objects\\108a.jpg', 'Objects\\068a.jpg', 'Objects\\089a.jpg', 'Objects\\119a.jpg', 'Objects\\181a.jpg', 'Scenes\\091a.jpg', 'Scenes\\117a.jpg', 'Scenes\\167a.jpg', 'Scenes\\059a.jpg', 'Scenes\\150a.jpg', 'Scenes\\160a.jpg', 'Scenes\\169a.jpg', 'Objects\\115a.jpg', 'Objects\\118a.jpg', 'Objects\\184a.jpg', 'Objects\\066a.jpg', 'Objects\\013a.jpg', 'Objects\\123a.jpg', 'Objects\\186a.jpg', 'Scenes\\082a.jpg', 'Scenes\\120a.jpg', 'Scenes\\162a.jpg', 'Scenes\\142a.jpg', 'Scenes\\170a.jpg', 'Scenes\\035a.jpg', 'Scenes\\152a.jpg', 'Objects\\159a.jpg', 'Objects\\086a.jpg', 'Objects\\175a.jpg', 'Objects\\101a.jpg', 'Objects\\019a.jpg', 'Objects\\103a.jpg', 'Objects\\122a.jpg', 'Scenes\\153a.jpg', 'Scenes\\083a.jpg', 'Scenes\\058a.jpg', 'Scenes\\015a.jpg', 'Scenes\\156a.jpg', 'Scenes\\046a.jpg', 'Scenes\\114a.jpg', 'Objects\\025a.jpg', 'Objects\\057a.jpg', 'Objects\\095a.jpg', 'Objects\\023a.jpg', 'Objects\\127a.jpg', 'Objects\\017a.jpg', 'Objects\\188a.jpg', 'Scenes\\157a.jpg', 'Scenes\\016a.jpg', 'Scenes\\029a.jpg', 'Scenes\\031a.jpg', 'Scenes\\045a.jpg', 'Scenes\\116a.jpg', 'Scenes\\093a.jpg', 'Objects\\160a.jpg', 'Objects\\004a.jpg', 'Objects\\104a.jpg', 'Objects\\055a.jpg', 'Objects\\045a.jpg', 'Objects\\111a.jpg', 'Objects\\082a.jpg', 'Scenes\\131a.jpg', 'Scenes\\018a.jpg', 'Scenes\\062a.jpg', 'Scenes\\155a.jpg', 'Scenes\\186a.jpg', 'Scenes\\097a.jpg', 'Scenes\\181a.jpg', 'Objects\\054a.jpg', 'Objects\\155a.jpg', 'Objects\\149a.jpg', 'Objects\\087a.jpg', 'Objects\\094a.jpg', 'Objects\\064a.jpg', 'Objects\\093a.jpg', 'Scenes\\032a.jpg', 'Scenes\\176a.jpg', 'Scenes\\017a.jpg', 'Scenes\\189a.jpg', 'Scenes\\178a.jpg', 'Scenes\\154a.jpg', 'Scenes\\128a.jpg', 'Objects\\010a.jpg', 'Objects\\168a.jpg', 'Objects\\034a.jpg', 'Objects\\148a.jpg', 'Objects\\164a.jpg', 'Objects\\121a.jpg', 'Objects\\136a.jpg', 'Scenes\\080a.jpg', 'Scenes\\101a.jpg', 'Scenes\\136a.jpg', 'Scenes\\087a.jpg', 'Scenes\\125a.jpg', 'Scenes\\139a.jpg', 'Scenes\\163a.jpg', 'Objects\\090a.jpg', 'Objects\\062a.jpg', 'Objects\\105a.jpg', 'Objects\\139a.jpg', 'Objects\\038a.jpg', 'Objects\\177a.jpg', 'Objects\\011a.jpg', 'Scenes\\175a.jpg', 'Scenes\\042a.jpg', 'Scenes\\130a.jpg', 'Scenes\\141a.jpg', 'Scenes\\068a.jpg', 'Scenes\\065a.jpg', 'Scenes\\006a.jpg', 'Objects\\185a.jpg', 'Objects\\044a.jpg', 'Objects\\100a.jpg', 'Objects\\020a.jpg', 'Objects\\079a.jpg', 'Objects\\081a.jpg', 'Objects\\050a.jpg', 'Scenes\\020a.jpg', 'Scenes\\113a.jpg', 'Scenes\\061a.jpg', 'Scenes\\190a.jpg', 'Scenes\\092a.jpg', 'Scenes\\078a.jpg', 'Scenes\\126a.jpg', 'Objects\\178a.jpg', 'Objects\\157a.jpg', 'Objects\\180a.jpg', 'Objects\\166a.jpg', 'Objects\\182a.jpg', 'Objects\\124a.jpg', 'Objects\\191a.jpg', 'Scenes\\100a.jpg', 'Scenes\\014a.jpg', 'Scenes\\168a.jpg', 'Scenes\\192a.jpg', 'Scenes\\051a.jpg', 'Scenes\\009a.jpg', 'Scenes\\164a.jpg', 'Objects\\072a.jpg', 'Objects\\156a.jpg', 'Objects\\033a.jpg', 'Objects\\091a.jpg', 'Objects\\071a.jpg', 'Objects\\046a.jpg', 'Objects\\137a.jpg', 'Scenes\\188a.jpg', 'Scenes\\123a.jpg', 'Scenes\\069a.jpg', 'Scenes\\005a.jpg', 'Scenes\\132a.jpg', 'Scenes\\063a.jpg', 'Scenes\\084a.jpg', 'Objects\\144a.jpg', 'Objects\\060a.jpg', 'Objects\\102a.jpg', 'Objects\\138a.jpg', 'Objects\\065a.jpg', 'Objects\\142a.jpg', 'Objects\\110a.jpg', 'Scenes\\041a.jpg', 'Scenes\\106a.jpg', 'Scenes\\107a.jpg', 'Scenes\\147a.jpg', 'Scenes\\166a.jpg', 'Scenes\\026a.jpg', 'Scenes\\027a.jpg', 'Objects\\039a.jpg', 'Objects\\120a.jpg', 'Objects\\130a.jpg', 'Objects\\015a.jpg', 'Objects\\051a.jpg', 'Objects\\179a.jpg', 'Objects\\084a.jpg', 'Scenes\\008a.jpg', 'Scenes\\095a.jpg', 'Scenes\\140a.jpg', 'Scenes\\183a.jpg', 'Scenes\\081a.jpg', 'Scenes\\072a.jpg', 'Scenes\\121a.jpg', 'Objects\\036a.jpg', 'Objects\\077a.jpg', 'Objects\\078a.jpg', 'Objects\\022a.jpg', 'Objects\\145a.jpg', 'Objects\\056a.jpg', 'Objects\\113a.jpg', 'Scenes\\179a.jpg', 'Scenes\\112a.jpg', 'Scenes\\146a.jpg', 'Scenes\\088a.jpg', 'Scenes\\105a.jpg', 'Scenes\\043a.jpg', 'Scenes\\047a.jpg']",0.9155844155844156,,,,,,,,
