fitted,residual
0.6332666108799014,-0.7761591685224223
0.7230741850827477,-0.6884154967728282
0.7453862988577041,-0.015836796156723065
0.4973633661928578,-0.6090854068574365
0.5957413185254283,-0.3150911873163776
0.5196441549126277,0.2535703484024886
0.7078296814480445,0.3991264668711463
0.587170940395704,0.0872911561826788
0.5461885425619118,-0.674704305968794
0.5280174033644358,-0.10524257659223518
0.5348886585473309,0.10191243108076953
0.8181566097062686,-0.8766881423183318
0.7453862988577041,1.8889423395274165
0.7283490355034223,-0.33236217103224885
0.5390035450921078,0.5925354925105228
0.6332666108799014,0.1724807754102904
0.7162029298998526,0.8124615129205653
0.6359961167647581,0.2522575440498941
0.5461885425619118,0.17217277310867907
0.6180221072451982,-0.17620411221593552
0.8408346221808188,-0.6554124605340842
0.5390035450921078,0.3262593729284584
0.7162029298998526,0.23379198083931874
0.5280174033644358,-0.4759997863713199
0.609451729115474,0.18360499249569573
0.7453862988577041,-0.04861743451851541
0.6470083465251336,0.03262629954553742
0.6299710831708518,-0.42576720040271143
0.5461885425619118,0.9942375624918324
0.6299710831708518,-0.1108844754874051
0.5461885425619118,-0.7171287137496143
0.6246962327501772,-0.764018186944074
0.6299710831708518,-0.7636476291870443
0.7078296814480445,0.3892958024735187
0.7283490355034223,-0.10925569009631109
0.5390035450921078,-0.8386768255673565
0.6246962327501772,0.24726506907362567
0.6526490956454021,0.23845104066552503
0.7283490355034223,0.00512896296941312
0.5280174033644358,-0.2326315563220711
0.5390035450921078,0.6289735992095904
0.6855488927282746,0.12141118623955205
0.5348886585473309,0.6629783231238833
0.5461885425619118,-0.756436352522867
0.6445664948944824,-0.5719936790530109
0.6299710831708518,-0.015010009833876237
0.7368159207279799,2.406220718608659
0.5196441549126277,0.3395963219785757
0.6470083465251336,0.010398333909353963
0.609451729115474,-0.3305966501968798
0.7424566698482483,0.1832839112234259
0.628811119294954,-0.4868898577496227
0.6299710831708518,-0.34829367770195013
0.7197786573736981,-0.6393945925996734
0.8181566097062686,-0.4932283202187043
0.587170940395704,-0.46522325562497596
0.8408346221808188,-0.4526440636519527
0.5390035450921078,-0.052341503377738796
0.5280174033644358,-0.3931619127401711
0.6526490956454021,-1.0994242861751724
0.4973633661928578,-0.51140549705172
0.5390035450921078,0.08505241985496947
0.6855488927282746,0.03186900656450198
0.7343740690973286,-0.521199564010356
0.7424566698482483,-0.7628191858710285
0.609451729115474,-0.5586041590481351
0.8408346221808188,-0.7040815497446252
0.6299710831708518,-0.17702396774105528
0.7453862988577041,-0.38871249492830207
0.6359961167647581,-0.17445891427729632
0.628811119294954,1.248967057997747
0.6180221072451982,-0.3207937211886185
0.7078296814480445,0.6949153227914404
0.6332666108799014,0.1828563220387076
0.5280174033644358,0.590966566344383
0.6373814974246783,-0.5647939877288863
0.5461885425619118,-0.13551389437266975
0.7343740690973286,-0.764490448756385
0.4973633661928578,-0.08686892639779809
0.6299710831708518,0.43984367507433086
0.6246962327501772,-0.2036583455874315
0.6526490956454021,-0.08208890250481349
0.6180221072451982,0.44404807759008114
0.5196441549126277,-0.704808508627766
0.7368159207279799,-0.42723034114245123
0.6263953556970063,0.7428348879791178
0.8351938730605504,0.6185810131927711
0.5390035450921078,-0.7482228650919874
0.5390035450921078,0.5151552325190369
0.7343740690973286,-0.4164208996031126
0.7271890716275246,-0.14779200115905977
0.6526490956454021,-0.2970549956031156
0.5461885425619118,-0.6352300516029419
0.6246962327501772,0.02049256011800149
0.7283490355034223,-0.6810580898927888
0.6246962327501772,0.21847501056279295
0.6526490956454021,0.12364385004588085
0.7510270479779726,-0.24764207734066257
0.5280174033644358,-0.3956832396265545
0.7078296814480445,-0.31822563082922434
0.8351938730605504,-0.7013745969270538
0.609451729115474,-0.16743452957741112
0.5957413185254283,-0.1154017892037863
0.6373814974246783,-0.2075438279280345
0.7453862988577041,-0.4786691374068623
0.6359961167647581,0.056692558697945095
0.6359961167647581,-0.044221857352354066
0.6299710831708518,-0.6139074961857777
0.609451729115474,-0.03276583935184474
0.8408346221808188,2.3706145089416686
0.617824977567282,0.33653900168175355
0.6373814974246783,0.14707779040215507
0.6332666108799014,-0.15009777453317497
0.5280174033644358,-0.7570803145614742
0.6263953556970063,0.12350056867893866
0.7368159207279799,-0.23745563345888004
0.4973633661928578,1.0800360304497156
0.5348886585473309,-0.38647434309995904
0.6246962327501772,0.1355517771834095
0.6180221072451982,-0.31588269753780385
0.5196441549126277,-0.15677351398645845
0.7283490355034223,-0.2737886669127036
0.6180221072451982,-0.3831940464662145
0.8181566097062686,-0.21094451282100923
0.7368159207279799,0.2221870372573348
0.5280174033644358,-0.3543669151952369
0.6180221072451982,-0.5996672922137697
0.7453862988577041,-0.16583035807160373
0.6526490956454021,-0.6513998762456241
0.5348886585473309,-0.9143981958435292
0.8408346221808188,-0.6649598009819309
0.628811119294954,0.3875536272818597
0.6180221072451982,0.4088825568975517
0.4973633661928578,-0.5173102898993226
0.6445664948944824,-0.06784577681958825
0.5280174033644358,0.21978532536785722
0.6299710831708518,-0.36744660078990016
0.5196441549126277,1.509934936655903
0.6445664948944824,-0.2629131840752872
0.7510270479779726,-0.5588611890452579
0.5390035450921078,1.3862837063372826
0.5196441549126277,0.25923314467650116
0.6526490956454021,0.46982677914072846
0.6855488927282746,-0.3754207781179379
0.6470083465251336,-0.18931302976718928
0.7162029298998526,0.3090662171355417
0.6373814974246783,0.5218846204774483
0.5196441549126277,0.4972484040138939
0.7453862988577041,0.19766982276097067
0.609451729115474,0.16074829392230505
0.6263953556970063,1.5547267137811989
0.7197786573736981,-0.37423511826923034
0.7283490355034223,-0.11498510874247059
0.7271890716275246,0.7517055735710355
0.6180221072451982,-0.15384994803291752
0.6246962327501772,1.9504500740505732
0.628811119294954,-1.005144166687743
0.5196441549126277,-0.7212728202075072
0.7510270479779726,1.4108439930276797
0.8181566097062686,0.38429261456093633
0.5280174033644358,0.12173964407897764
0.8408346221808188,1.4275566798891042
0.5461885425619118,-0.4418885290352418
0.5390035450921078,0.12499568131761973
0.6373814974246783,0.013453412039633794
0.617824977567282,-0.9017817309641407
0.7197786573736981,0.3165134123486647
0.7424566698482483,-0.5056589227895093
0.6445664948944824,0.08947307770830415
0.4973633661928578,-0.6110097819705578
0.6470083465251336,-0.199427680910288
0.6373814974246783,0.5014789571564446
0.6299710831708518,-0.4615245069280406
0.4973633661928578,-0.22624270498181553
0.4973633661928578,0.30153124516447594
0.5280174033644358,-0.13883805797648524
0.6855488927282746,0.2829144668066036
0.7453862988577041,-0.1157695610505991
0.6299710831708518,-0.25346356139171883
0.8181566097062686,-0.461615044659016
0.5957413185254283,0.044517454031798076
0.7510270479779726,0.14499881138177595
0.6470083465251336,-0.46850013463069673
0.7078296814480445,0.34777158659037855
0.8351938730605504,-0.4838124048813352
0.7510270479779726,-0.7230652483953405
0.6246962327501772,0.27237722447992074
0.6470083465251336,-0.46055168441303385
0.7271890716275246,0.3448599842750325
0.7453862988577041,0.4984900143096008
0.8181566097062686,-0.5500192723116132
0.6299710831708518,0.48291232031774456
0.628811119294954,-0.38502223703487315
0.6373814974246783,-0.7301332827130973
0.8408346221808188,-0.3161652074200628
0.8181566097062686,-0.5450262771399157
0.4973633661928578,-0.4512273879431975
0.6359961167647581,0.43607484649574446
0.8351938730605504,0.3703816462271978
0.609451729115474,0.0598132279002932
0.7343740690973286,0.39022229055327107
0.6246962327501772,-0.19562287212964385
0.7078296814480445,-0.23105223389884516
0.8351938730605504,-0.5028067549091254
0.6359961167647581,-0.384898856508559
0.587170940395704,0.22282346032179312
0.5957413185254283,0.9327816359322454
0.8351938730605504,-0.5766593172005452
0.6526490956454021,-0.1400210572052546
0.8408346221808188,-0.7649153271780672
0.7230741850827477,-0.5388768054115936
0.7078296814480445,-0.8082476538595111
0.6470083465251336,-0.37502068962760393
0.587170940395704,0.21558932581740609
0.6526490956454021,0.09654712529300435
0.628811119294954,0.7888252347877317
0.6180221072451982,0.24308845982202243
0.7368159207279799,0.1396393714882357
0.6373814974246783,-0.4470333236139995
0.7283490355034223,0.1707615186460424
0.5196441549126277,-0.3962934475371484
0.7271890716275246,-0.14469483137066796
0.6299710831708518,-0.22319902948352516
0.7368159207279799,0.611990543046731
0.609451729115474,0.2157175181104256
0.5196441549126277,-0.014832961617327611
0.6332666108799014,-0.1148787331814588
0.6332666108799014,-0.26993748519641086
0.8351938730605504,0.593828792416359
0.7343740690973286,-0.6348913337810815
0.6470083465251336,-0.7518569932102168
0.6445664948944824,-0.04722231555665901
0.6180221072451982,-0.2653788998521759
0.6373814974246783,-0.21822448602429462
0.7424566698482483,0.9020656630666427
0.6526490956454021,-0.5281396663153661
0.5196441549126277,-0.39534567979405216
0.5196441549126277,-0.029959229260492715
0.609451729115474,0.3424087129411537
0.6180221072451982,0.5805025428036138
0.6263953556970063,-0.363328261377607
0.5957413185254283,0.6286264376377169
0.6263953556970063,-0.417450368614643
0.7283490355034223,-0.3360051689383311
0.7197786573736981,0.15412372889258752
0.5957413185254283,0.5603601718616744
0.8181566097062686,-0.1519334494761726
0.7197786573736981,-0.04832769682484095
0.6359961167647581,0.0416564905051644
0.6299710831708518,-0.25766442366950687
0.7162029298998526,0.7200036085545017
0.5348886585473309,-0.25501118792272115
0.7510270479779726,-0.3935453495602101
0.6263953556970063,-0.06119706468038022
0.6526490956454021,-0.01505458353129252
0.7230741850827477,-0.8638967797537473
0.6470083465251336,0.34446269376886995
0.7230741850827477,0.04242747043789752
0.6526490956454021,-0.48490976116948314
0.6180221072451982,0.6930483670134532
0.4973633661928578,3.4133380743525397
0.7283490355034223,1.1871230398645307
0.7510270479779726,-0.49185163171763424
0.6359961167647581,0.4993297383962705
0.5461885425619118,0.014990651188922288
0.6180221072451982,0.17108635928416716
0.5461885425619118,-0.5968398324901834
0.8351938730605504,-0.7759110451715083
0.7230741850827477,0.8074165110738108
0.6263953556970063,1.011924178291033
0.5280174033644358,0.2429929575667762
0.7271890716275246,-0.7268231385962469
0.6332666108799014,-0.34208743545454534
0.609451729115474,-0.30495464962729424
0.7078296814480445,-0.9589802946173624
0.7162029298998526,-0.00696967672884985
0.7230741850827477,-0.17634113873929935
0.617824977567282,-0.1639984321047379
0.6263953556970063,-0.33666520698366525
0.8351938730605504,0.7572794103478302
0.7271890716275246,-0.9464653604463925
0.6470083465251336,2.280210995709069
0.7271890716275246,0.8868958865458728
0.7510270479779726,0.694403062429588
0.6299710831708518,1.1527855485236191
0.617824977567282,0.01259478747958731
0.6180221072451982,-0.14727094497204318
0.7162029298998526,-0.43582678082332893
0.8181566097062686,-0.48686649139088006
0.8351938730605504,0.4492632860134729
0.6180221072451982,0.055941540340016194
0.7078296814480445,0.4720691871204663
0.6332666108799014,0.041151266163331535
0.6180221072451982,-0.0913476621600865
0.5348886585473309,-0.7472967912780761
0.6263953556970063,-0.37420482242298597
0.7078296814480445,-0.4229528149106617
0.6526490956454021,-0.03993531990060395
0.5957413185254283,0.029155339928968016
0.7510270479779726,-0.13748140158858635
0.5196441549126277,-0.3789592472807558
0.609451729115474,-0.03174323436102455
0.7271890716275246,0.9695088502179351
0.7078296814480445,0.7329066044192836
0.7162029298998526,-0.69151578073907
0.7197786573736981,-0.3979825908053577
0.628811119294954,2.2101161222550685
0.6180221072451982,-0.27269228652816113
0.5461885425619118,0.051855171841187264
0.587170940395704,-0.06986313146119572
0.8351938730605504,1.5035692993536807
0.7162029298998526,-0.7113292257071658
0.5196441549126277,1.1641993510906445
0.7162029298998526,-0.7583356789254777
0.7343740690973286,-0.32317085546258145
0.6526490956454021,0.14849979454692608
0.7078296814480445,-0.22840240705901033
0.6359961167647581,-0.16528467558422577
0.6470083465251336,-0.38254398110753485
0.617824977567282,0.1926911529311367
0.6526490956454021,-0.24882499992851181
0.6470083465251336,-0.419324239147728
0.8408346221808188,0.18037607631797192
0.6332666108799014,0.434957876683582
0.6299710831708518,0.2819021459006995
0.5348886585473309,-0.30759309876347746
0.7162029298998526,-0.5057142345678062
0.6263953556970063,-0.09760986028990426
0.7343740690973286,-0.4340807537130889
0.7343740690973286,-0.7817026019765323
0.7078296814480445,-0.3932407180158311
0.7343740690973286,-0.27389155970402523
0.6470083465251336,0.22146061613833157
0.5957413185254283,0.3941537901395754
0.6445664948944824,-0.5360050476824939
0.7283490355034223,-0.24933004204909698
0.6180221072451982,1.077712411790836
0.5461885425619118,-0.3912897426519447
0.5280174033644358,0.11935240002234038
0.6470083465251336,-1.0852528775103494
0.5461885425619118,-0.8738650354012851
0.5390035450921078,0.9797336257405038
0.6299710831708518,-0.5044897555327016
0.5280174033644358,-0.13053157856707887
0.617824977567282,0.007924504968791601
0.6470083465251336,-0.3981971264120518
0.6470083465251336,0.042061934763941156
0.5390035450921078,-0.8862936645706503
0.6470083465251336,-0.2313149923904041
0.8408346221808188,-0.7346052740435985
0.628811119294954,-0.4175659943451503
0.609451729115474,0.467726482160179
0.5957413185254283,0.660595513248637
0.5196441549126277,-0.009741737171043874
0.7230741850827477,0.9021136240086175
0.7078296814480445,-0.5444332471056725
0.7283490355034223,-0.7193129838382408
0.617824977567282,-0.03583178468227832
0.7230741850827477,0.05167597757675679
0.6263953556970063,-0.35971442146884375
0.6246962327501772,-0.04452801465056899
0.6263953556970063,1.1076161553558117
0.6470083465251336,-0.4311781930311166
0.617824977567282,-0.2026258656382513
0.6332666108799014,-0.13879106412606462
0.8408346221808188,-0.22381364133439086
0.7510270479779726,-0.19186038948395834
0.7283490355034223,-0.2445039551524652
0.6855488927282746,-0.06861435142791639
0.5390035450921078,-0.5111507603890173
0.6445664948944824,0.07600760539687246
0.6445664948944824,-0.5524093716615572
0.5348886585473309,0.9399495880034583
0.6445664948944824,2.3303430066926554
0.6373814974246783,-0.16001355144735324
0.8351938730605504,0.7242652070156261
0.617824977567282,0.4743101797019672
0.7343740690973286,0.13173777878656223
0.6263953556970063,-0.26527364330417647
0.6299710831708518,-0.04077685384637675
0.7510270479779726,1.3653751187215637
0.7197786573736981,0.2502914480425745
0.4973633661928578,0.430963045433131
0.6299710831708518,-0.30485580767307957
0.6526490956454021,1.753200899741989
0.7162029298998526,-0.04887891576527115
0.6526490956454021,-0.6343026260623674
0.5957413185254283,-0.22113357275726797
0.6526490956454021,-0.4677397234711892
0.5348886585473309,-0.05903834203692776
0.6373814974246783,-0.058390736650357544
0.7283490355034223,0.9784736305924104
0.5461885425619118,-0.733936958164151
0.5461885425619118,-0.25870759034404883
0.6470083465251336,-0.284141740601557
0.6373814974246783,1.2837444302014849
0.7510270479779726,-0.631603935782971
0.5390035450921078,-0.020781641365805736
0.7368159207279799,-0.04678012550460908
0.5461885425619118,1.1471072949546115
0.5280174033644358,0.4339552002738616
0.6470083465251336,-0.14013062546033883
0.5196441549126277,-0.734636269616148
0.6332666108799014,-0.17052333682586607
0.7453862988577041,-0.13147130452351596
0.6470083465251336,-0.40943492831075917
0.6855488927282746,-0.7594252763164493
0.8181566097062686,-0.17629667090822332
0.8181566097062686,-0.19542626043033673
0.7078296814480445,-0.4940713942672389
0.5348886585473309,0.5218106240024487
0.5280174033644358,-0.4517685602419674
0.6855488927282746,0.20317954495491564
0.5280174033644358,0.3376030400135863
0.5196441549126277,-0.19080850291494
0.7230741850827477,-0.7205106737004686
0.7197786573736981,0.8459464194157472
0.7162029298998526,-0.24375784593220695
0.8351938730605504,1.3516545353220635
0.6332666108799014,-0.6424644819034305
0.609451729115474,-0.04902107325442573
0.6373814974246783,-1.1257214950517092
0.7271890716275246,0.5738354859919071
0.6263953556970063,0.01323342518557502
0.8181566097062686,-0.06620637125029427
0.7197786573736981,1.0684634498504582
0.7343740690973286,-0.13815246739680942
0.5390035450921078,-0.44382064611302396
0.6246962327501772,0.9050977075041274
0.8408346221808188,-0.7689896085697772
0.617824977567282,0.1531707668293506
0.6263953556970063,1.4116098230920013
0.6299710831708518,0.2626574540583889
0.6299710831708518,0.5040384003601839
0.7453862988577041,-0.018610550545544502
0.7162029298998526,-0.5811860536526166
0.5280174033644358,-0.020767063313342438
0.6526490956454021,0.6665643151067469
0.7343740690973286,-0.1430668862748926
0.6180221072451982,0.004886604966034769
0.7271890716275246,-0.19831423925521208
0.7343740690973286,0.5074153091938431
0.6180221072451982,1.083112537073934
0.8408346221808188,-0.5543743958793007
0.6299710831708518,-0.01748546423345887
0.8408346221808188,-0.16108240489010983
0.5348886585473309,0.4988183217265658
0.7343740690973286,-1.1152468623277532
0.6263953556970063,0.9946523020788227
0.7368159207279799,-0.16073500151746578
0.7453862988577041,-0.426854679862978
0.7453862988577041,0.1337496643324242
0.6359961167647581,0.07928401300362953
0.6445664948944824,0.10391746912177602
0.5280174033644358,-0.36127473638846574
0.8408346221808188,0.6413906124367751
0.6332666108799014,0.875423862610857
0.587170940395704,-0.13674011484892357
0.7078296814480445,-0.21400979911928925
0.6526490956454021,-0.4697652803065944
0.6246962327501772,-0.414504191333281
0.7197786573736981,1.2699896221882603
0.6445664948944824,0.8434845634224378
0.6373814974246783,-0.3101737583011285
0.6526490956454021,-0.6206318615070231
0.7510270479779726,0.36742917432264854
0.6246962327501772,0.33600219812400123
0.6855488927282746,-0.212224034873143
0.7510270479779726,-0.3548977835586345
0.7343740690973286,0.2752283742449726
0.6526490956454021,1.0685753314184208
0.6246962327501772,0.03324860218985748
0.7271890716275246,0.2562908527501573
0.6359961167647581,-0.3507777768159988
0.5280174033644358,-0.4383232365964681
0.5461885425619118,-0.7986813505773714
0.587170940395704,0.6337423403538512
0.7283490355034223,0.5468151138986392
0.7424566698482483,0.07946562264463175
0.5390035450921078,0.30009209746066123
0.587170940395704,-0.38392548973888485
0.6445664948944824,-0.13321029190608236
0.5196441549126277,-0.2773388875226549
0.6263953556970063,-0.46968455578108964
0.8181566097062686,-0.7801170746363899
0.6299710831708518,0.7144703876549798
0.8408346221808188,-0.2902261356054616
0.5280174033644358,0.46111244171670784
0.7283490355034223,0.6136559725789887
0.5196441549126277,-0.24288992441524698
0.5461885425619118,0.5979277548809544
0.6263953556970063,0.6133218861465088
0.7424566698482483,1.1152920957579924
0.5196441549126277,-0.5404578651810561
0.4973633661928578,-0.24274494655212447
0.609451729115474,0.16223566170650527
0.7283490355034223,-0.6856139281510605
0.7343740690973286,-0.4602661854997891
0.6526490956454021,-0.8610520749894373
0.7162029298998526,0.2295469487651427
0.7078296814480445,-0.27935865071783106
0.7510270479779726,1.7149108777195885
0.6359961167647581,-0.25618323152592715
0.7424566698482483,1.0346529288016484
0.609451729115474,-0.4464740648628448
0.5461885425619118,0.32661268180796676
0.5390035450921078,-0.3474121694143216
0.6299710831708518,-0.5886317504829603
0.7283490355034223,-0.5114979603439027
0.7271890716275246,0.5993145464650699
0.617824977567282,-0.2717608194324546
0.628811119294954,1.1618011254566354
0.4973633661928578,-0.22674823391036358
0.5280174033644358,1.272539471628036
0.6373814974246783,-0.19822529534092725
0.7271890716275246,-0.37892576653586496
0.5390035450921078,0.3763252843023458
0.7368159207279799,-0.2545064449583874
0.7453862988577041,-0.1368455531151489
0.6332666108799014,-0.34508511318500495
0.6263953556970063,0.3012432646473503
0.6180221072451982,0.9753747933379752
0.5957413185254283,-0.7116372483845446
0.6445664948944824,0.15126289785996716
0.7230741850827477,-0.4376183638921396
0.6470083465251336,-0.5946042443077353
0.7453862988577041,-0.08185754531665856
0.7343740690973286,-0.1456954132508267
0.587170940395704,-0.29399257527156863
0.6526490956454021,1.3292227253898314
0.6359961167647581,0.24828418448051692
0.7424566698482483,-0.510360988760792
0.7230741850827477,-0.3606437955447144
0.8181566097062686,0.07770518517958624
0.4973633661928578,-0.15515852099529875
0.7424566698482483,-0.4674668290752514
0.7162029298998526,0.8028693900923142
0.7424566698482483,0.10990403839828555
0.6263953556970063,0.09960272646799773
0.7510270479779726,-0.514782411885974
0.7510270479779726,-0.15594020544339138
0.8408346221808188,-0.6472401771637513
0.5957413185254283,-0.5259650073218528
0.7453862988577041,-0.22992997337287757
0.6299710831708518,-0.5596161663537225
0.5348886585473309,-0.2864133233461216
0.6263953556970063,-0.15426180884146334
0.5957413185254283,1.141627450268687
0.5196441549126277,0.10947807927437525
0.8408346221808188,-0.45706094804166797
0.5196441549126277,-0.015485083306996827
0.6332666108799014,-0.2972381870090132
0.5196441549126277,-0.2787847010197423
0.4973633661928578,-0.025581256874335767
0.6445664948944824,-0.31981243442306173
0.5280174033644358,-0.09226275685140484
0.7230741850827477,0.9463006021380466
0.7271890716275246,0.025276513315853566
0.609451729115474,0.09072424152263014
0.4973633661928578,-0.3081825546253898
0.609451729115474,0.17203173369612723
0.7197786573736981,-0.9414304469178191
0.8181566097062686,0.6561986274844877
0.6246962327501772,-0.23581148900743687
0.7162029298998526,-0.5026856427542528
0.6299710831708518,0.43843863175129094
0.8181566097062686,-0.7389628776952486
0.6526490956454021,-0.7137462916061023
0.7283490355034223,-0.10756525743014234
0.6359961167647581,0.5946300011085852
0.6299710831708518,0.14742565156925125
0.6299710831708518,-0.18201484631465692
0.7368159207279799,0.6095254692019185
0.6263953556970063,-0.2749694136966417
0.5280174033644358,-0.719170281729685
0.7368159207279799,0.34785466581993396
0.587170940395704,0.5038406694901599
0.7078296814480445,0.29190786523794643
0.6526490956454021,-0.002102521636956234
0.5957413185254283,-0.2743822121009993
0.5390035450921078,-0.47427272994959513
0.6180221072451982,-0.018862856048930454
0.8351938730605504,-0.5541039561973682
0.6299710831708518,-0.9101959630319845
0.8181566097062686,-0.6321506818773145
0.7283490355034223,0.48329478122816316
0.6470083465251336,0.6767458154811402
0.7453862988577041,-0.2783656141640126
0.7283490355034223,0.7817761034239454
0.6299710831708518,-0.4387462781768324
0.5280174033644358,-0.3827696659500849
0.8408346221808188,-0.4795805086519056
0.5461885425619118,-0.09586696537025235
0.6299710831708518,-0.10495922159082194
0.5390035450921078,-0.42479114321119316
0.7271890716275246,-0.42176878068076695
0.7424566698482483,0.8557937351364707
0.8181566097062686,-0.6896897828720241
0.8408346221808188,-0.6306053017352184
0.6445664948944824,-0.3583937609093156
0.6445664948944824,-0.06168718471514267
0.5461885425619118,-0.8669351377852601
0.6299710831708518,-0.6209419685862672
0.7271890716275246,-0.8125184458092612
0.628811119294954,0.9324594080026559
0.6263953556970063,-0.19619750573480166
0.6470083465251336,-0.812509955054838
0.7453862988577041,0.8971229193593432
0.617824977567282,0.30261712542903374
0.6263953556970063,-0.28923956703622866
0.5461885425619118,-0.4495098450512729
0.7271890716275246,-0.5883169162693572
0.7510270479779726,-0.20025384065715734
0.8408346221808188,-0.9096875034651957
0.6263953556970063,0.18055682529691897
0.7510270479779726,1.2438933634664004
0.7162029298998526,-0.223634193500223
0.7343740690973286,0.007923306038198796
0.6263953556970063,-0.4405608930543372
0.7162029298998526,-0.45891684528666277
0.7162029298998526,0.2087826123183374
0.8408346221808188,-0.34378468903584636
0.6332666108799014,-0.6639373871248596
0.7197786573736981,0.7621144100978946
0.8181566097062686,-0.6406439303850422
0.7271890716275246,-0.757919243646364
0.7162029298998526,0.7048131448075138
0.609451729115474,0.5792734690361212
0.7162029298998526,1.3633999487634338
0.5461885425619118,1.2657215816346414
0.6526490956454021,0.1797152702393463
0.4973633661928578,0.41639732783293704
0.6299710831708518,-0.4098117401919861
0.6299710831708518,0.2468511128447064
0.6180221072451982,-0.42119501624932687
0.8181566097062686,-0.3347087603535113
0.6855488927282746,-0.9882413258065187
0.6526490956454021,0.8562217497329745
0.7283490355034223,0.013271925848778898
0.7368159207279799,0.9384160805399386
0.5461885425619118,0.2613240624903549
0.4973633661928578,-0.5109689031803452
0.7283490355034223,0.27493131979358365
0.7230741850827477,0.3875534295773785
0.5348886585473309,0.47216239091402135
0.7368159207279799,-0.024853462878564603
0.5348886585473309,1.039954579289102
0.6299710831708518,-0.45967082685496885
0.5196441549126277,-0.2572128158071133
0.6470083465251336,-0.6951207054478457
0.6246962327501772,1.5159681870486814
0.6526490956454021,1.1009462846719156
0.4973633661928578,0.09128342867267736
0.8181566097062686,-0.6524743039641412
0.5461885425619118,-0.07465289992984109
0.8181566097062686,0.6130641991361875
0.5348886585473309,-0.5745665161751189
0.6359961167647581,1.7382250221208213
0.7424566698482483,-0.906635446774704
0.7271890716275246,0.570883725969585
0.7453862988577041,-0.4911094960780921
0.7230741850827477,-0.2982865649377861
0.587170940395704,-0.08940496380071666
0.5957413185254283,-0.2103315816500665
0.6332666108799014,1.0627652230880968
0.6855488927282746,-0.23641483850593775
0.5957413185254283,-0.2970643372127449
0.7510270479779726,-0.4222854732216703
0.5957413185254283,-0.27304590516397237
0.5957413185254283,1.2323387330510434
0.5390035450921078,-0.3563677043550682
0.6180221072451982,0.12846259683220773
0.6299710831708518,1.0627292895050957
0.8351938730605504,1.0096626153649297
0.7453862988577041,-0.6122962161196497
0.7510270479779726,1.881095599354303
0.587170940395704,0.677425591624551
0.6445664948944824,-0.49696725754529125
0.7424566698482483,0.1222189474387172
0.6526490956454021,-0.11012075587203785
0.6332666108799014,-0.15185542097933746
0.7230741850827477,-0.4717048360883563
0.7230741850827477,-0.07061749726551791
0.7510270479779726,-0.5962073062677349
0.7510270479779726,-0.6698663193762285
0.5348886585473309,0.04851764880362042
0.7453862988577041,-0.38792558368128927
0.6332666108799014,-0.21145057742953965
0.6470083465251336,-0.5386410557596611
0.5957413185254283,-0.16191119490485362
0.6299710831708518,-0.07522834930058708
0.7453862988577041,-0.227641507887549
0.8351938730605504,-0.816359557568301
0.5196441549126277,0.553796571486661
0.5196441549126277,-0.7110879934937234
0.6526490956454021,-0.6142079170123586
0.4973633661928578,-0.5633827699615362
0.6445664948944824,-0.2229369382473313
0.609451729115474,0.27396843667650184
0.5461885425619118,-0.49349808965594727
0.7230741850827477,-0.35566469311693216
0.5390035450921078,0.976364054584901
0.7230741850827477,0.500716834650312
0.7343740690973286,0.4387454501069905
0.6373814974246783,-0.5693108777453443
0.5390035450921078,-0.6786428099925045
0.6299710831708518,0.8833059337034539
0.7230741850827477,0.3098268773196263
0.7162029298998526,-0.18933113725306971
0.7424566698482483,-0.3878124063460661
0.6470083465251336,-0.32338371666725796
0.7078296814480445,1.1804027458409205
0.6526490956454021,-0.33169043176462093
0.6299710831708518,-0.42840358995203065
0.4973633661928578,0.8738079662096663
0.5348886585473309,0.3574224874723775
0.7162029298998526,-0.17297852104172018
0.5390035450921078,0.6223997699894608
0.617824977567282,-0.15862000704497015
0.8408346221808188,-0.6570274195253304
0.7283490355034223,0.9257133289370323
0.6855488927282746,-0.4884523587950771
0.5196441549126277,0.7041153648237161
0.6855488927282746,-0.8955457419025973
0.7162029298998526,-0.319259629473187
0.7510270479779726,-0.2834013061675002
0.6299710831708518,-0.40514263208629875
0.609451729115474,0.020617090433437846
0.609451729115474,-0.674298564443233
0.5390035450921078,-0.9365481037398232
0.8351938730605504,-0.06196506251571987
0.7283490355034223,-0.6278997200700334
0.6445664948944824,0.927281548232329
0.7424566698482483,0.5717079495890852
0.6470083465251336,-0.4677553262476397
0.6445664948944824,0.46855016169634756
0.5461885425619118,-0.2984038921626163
0.7271890716275246,-0.4602277743407191
0.7197786573736981,-0.10179946443147814
0.6526490956454021,-0.26993995163627255
0.6445664948944824,-0.44037019441936953
0.7078296814480445,-0.2812752578415511
0.6470083465251336,0.5888386357434029
0.8351938730605504,0.9353109752398314
0.587170940395704,-0.2508480006409216
0.6470083465251336,-0.11569897453820188
0.7078296814480445,0.8509442332862216
0.4973633661928578,0.2077864437549507
0.7197786573736981,0.009681165845306428
0.6180221072451982,0.5809573108526683
0.6332666108799014,-0.03489274426257993
0.5461885425619118,-0.5412633910638661
0.8351938730605504,0.08670701242934842
0.8351938730605504,1.0855539870528128
0.6332666108799014,-0.2423661204326527
0.6445664948944824,0.8245962624852555
0.6445664948944824,-0.017334195565808397
0.6470083465251336,1.257035751267538
0.8181566097062686,1.2838602925607736
0.5957413185254283,-0.16941081472887404
0.5390035450921078,-0.19140578440751382
0.6373814974246783,1.2964902225055772
0.6470083465251336,-0.27887210490952297
0.7368159207279799,-0.0783914564935474
0.6359961167647581,-0.08803610856263899
0.5957413185254283,0.30568228322436763
0.7453862988577041,1.1180853522896168
0.6855488927282746,-0.6533370110785035
0.6373814974246783,0.1635668429988385
0.5390035450921078,0.20755401474946933
0.6263953556970063,-0.09346328986253238
0.5196441549126277,-0.03106101127352462
0.7453862988577041,0.19915484570345476
0.5957413185254283,-0.2547102747794351
0.6180221072451982,0.1945996552772239
0.6263953556970063,0.4618657774649402
0.6299710831708518,0.24724238126482212
0.5348886585473309,-0.4750470255552982
0.6180221072451982,-0.5324295362833049
0.6359961167647581,0.29536133981282364
0.7368159207279799,0.39444598738195524
0.5348886585473309,-0.4794207450147088
0.5348886585473309,-0.19629118184801497
0.6359961167647581,0.5229377831108097
0.5957413185254283,-0.7002455342293034
0.7283490355034223,-0.35763211319943633
0.7343740690973286,1.0581318381441316
0.6526490956454021,0.0023104819195565174
0.7230741850827477,1.2988055614093508
0.8351938730605504,-0.5551273000501915
0.7230741850827477,0.10263398616358554
0.8181566097062686,-0.6850063021859487
0.7271890716275246,-0.03393324695715694
0.5390035450921078,0.42995834348106854
0.6526490956454021,-0.6496718320958405
0.6246962327501772,-0.7379444413020364
0.7271890716275246,-0.5812483442738328
0.6246962327501772,0.2640686757730396
0.7197786573736981,0.36802283801606384
0.6246962327501772,-0.08973438529481748
0.7271890716275246,0.2759946969010646
0.5196441549126277,0.06566861910984623
0.5348886585473309,-0.38225512902093517
0.587170940395704,1.3815676596936681
0.5390035450921078,-0.5535761110339494
0.6526490956454021,0.25086180090081067
0.7424566698482483,0.9847984465475658
0.8351938730605504,-0.6146167321622932
0.628811119294954,-0.5235786018281474
0.5957413185254283,-0.45278812578443844
0.6299710831708518,-0.9630397185729902
0.5280174033644358,-0.42080703973153305
0.628811119294954,-0.2951350024616271
0.6263953556970063,-0.3747768514228364
0.6526490956454021,-0.7009591600509146
0.6855488927282746,-0.12864414778957112
0.6526490956454021,-0.40761764172734677
0.6180221072451982,0.41129322799212253
0.6855488927282746,0.06860128511259511
0.6855488927282746,-0.32370197652527244
0.587170940395704,-0.2586946577744101
0.6332666108799014,-0.6848494208587522
0.7424566698482483,-0.585878139634977
0.6373814974246783,-0.11183235855263352
0.6526490956454021,-0.3617666747761501
0.6373814974246783,-0.31347017698121654
0.8351938730605504,0.26586053120609066
0.7343740690973286,-0.37823709986180726
0.6180221072451982,-0.5764777496843457
0.6470083465251336,-0.21562704949928485
0.8181566097062686,-0.4857712845941647
0.6445664948944824,0.3531566001734695
0.5461885425619118,-0.08636013070397203
0.7510270479779726,-0.32828766957501354
0.5280174033644358,0.6604628284171685
0.7510270479779726,0.4112043392882454
0.6359961167647581,1.2596814533409937
0.6299710831708518,0.545935647838901
0.7162029298998526,0.4039897513125049
0.5348886585473309,-0.0521739089735932
0.5348886585473309,-0.9768652211750037
0.8351938730605504,-0.24869158822352866
0.6373814974246783,-0.20304008530260043
0.5280174033644358,1.5276328569040283
0.6526490956454021,-0.6613633547508126
0.5280174033644358,-0.8477002144886376
0.7343740690973286,-0.07074406564557745
0.5348886585473309,-0.22703233667707062
0.7283490355034223,-0.3098208882929042
0.7162029298998526,1.3375895053326605
0.4973633661928578,-0.20559550195945248
0.8351938730605504,0.9959890932402045
0.6246962327501772,-0.11839617392341972
0.7162029298998526,-0.6389066671709813
0.7453862988577041,0.16251332594780676
0.587170940395704,0.22570276379110454
0.628811119294954,0.8293411917267232
0.7343740690973286,-0.07820342173424755
0.5196441549126277,-0.643335321761047
0.4973633661928578,-0.4786816610221903
0.587170940395704,-0.3415725173863208
0.6373814974246783,0.20462589309209012
0.7078296814480445,0.978986481374523
0.6263953556970063,0.8217855835792245
0.4973633661928578,-0.13365263160044943
0.5348886585473309,-0.9638105382083231
0.609451729115474,0.3926111488854698
0.6299710831708518,-0.6722152343015797
0.6470083465251336,1.0025715276611518
0.6359961167647581,-0.18822531538078158
0.7510270479779726,-0.05948360275079634
0.6246962327501772,0.5921525887335245
0.7197786573736981,-0.503199967686182
0.7271890716275246,0.6686287223079047
0.7283490355034223,-0.4733074395272355
0.6359961167647581,-0.2226901619424695
0.6373814974246783,0.23489569402673416
0.6526490956454021,-0.5639089971013626
0.7230741850827477,-0.5892755531719287
0.6470083465251336,-0.4605355845847203
0.5957413185254283,0.19148910765287042
0.6299710831708518,-0.5483357981704231
0.5390035450921078,-0.4219108810111393
0.7230741850827477,-0.6955509483743862
0.6470083465251336,-0.18977421386937998
0.628811119294954,0.2990247107322648
0.7343740690973286,-0.328957628840196
0.5348886585473309,0.9845184138081124
0.6855488927282746,-0.08033644259016681
0.5280174033644358,-0.4358804346914728
0.5280174033644358,-0.22134516591582926
0.5957413185254283,0.6904919877369398
0.7230741850827477,-0.722256519461976
0.4973633661928578,-0.3954368499700044
0.6299710831708518,-0.8878327694893877
0.7271890716275246,0.876762176555787
0.6263953556970063,-0.010185214540287424
0.7283490355034223,0.5062256094328168
0.7453862988577041,-0.0527123802624605
0.6526490956454021,-0.017030821067511748
0.7343740690973286,0.17641515720251266
0.7197786573736981,0.048714510840821235
0.6359961167647581,-0.1627136811842143
0.7424566698482483,-0.6182957053714597
0.5390035450921078,-0.3921900884027072
0.7230741850827477,-0.03953748763049869
0.5957413185254283,0.05681024813799118
0.5390035450921078,0.016834774322542212
0.6855488927282746,0.773767674523072
0.6180221072451982,-0.39764461795255357
0.7230741850827477,0.30751793743360045
0.6526490956454021,0.5203464392017922
0.628811119294954,-0.02248291603756014
0.8181566097062686,0.18614232549381848
0.5348886585473309,1.8166530704714474
0.587170940395704,0.4336211301432472
0.5461885425619118,-0.5014371900810708
0.4973633661928578,-0.15134958101747792
0.6359961167647581,0.716281867122315
0.628811119294954,1.1818237664559206
0.8351938730605504,-0.918904014209411
0.5348886585473309,-0.7147446573291094
0.5196441549126277,-0.42006328930333103
0.8351938730605504,-0.5835079582340923
0.4973633661928578,0.08827877864672296
0.5957413185254283,-0.27769748958696655
0.7368159207279799,-0.31993423050424025
0.5390035450921078,-0.44401050648234114
0.6373814974246783,0.6429994452194663
0.6332666108799014,0.3360614816039047
0.4973633661928578,0.2564105538170719
0.6263953556970063,-0.3091950643503322
0.5196441549126277,-0.28536736870661294
0.4973633661928578,-0.3996012856644377
0.5390035450921078,0.9887756863567112
0.6526490956454021,-0.8560538697414763
0.7343740690973286,-0.7878625078977419
0.5461885425619118,-0.3585656460619008
0.6855488927282746,-0.30271767618196993
0.6445664948944824,-0.06238847351526111
0.7510270479779726,-0.7231947838870908
0.5280174033644358,-0.21026937573690696
0.7510270479779726,-0.32246995720070304
0.7510270479779726,1.1426495301890123
0.7230741850827477,0.685320186847956
0.8408346221808188,0.06922010617822405
0.8408346221808188,-0.48470255563143194
0.6855488927282746,-0.498352901968364
0.5196441549126277,-0.44826021098396984
0.8181566097062686,-0.4558906944159215
0.7343740690973286,-0.49876635914441525
0.6299710831708518,0.5940084158492358
0.7197786573736981,-0.06710051279750173
0.4973633661928578,-0.42961789905674497
0.7283490355034223,-1.057025061704298
0.6359961167647581,-0.48544373163894855
0.7424566698482483,0.5883701441692907
0.4973633661928578,0.5779094980803143
0.5196441549126277,-0.8223750279747554
0.4973633661928578,-0.42867039300233417
0.5196441549126277,0.00488973969821116
0.7230741850827477,0.288178084000312
0.6373814974246783,-0.2107492032665093
0.5196441549126277,-0.3276189148474655
0.5390035450921078,-0.26837277333423465
0.6332666108799014,-0.17349976163353942
0.8351938730605504,-0.22487334675981707
0.8181566097062686,-0.695206678787091
0.4973633661928578,0.23681514697460426
0.6373814974246783,0.16806906620216377
0.5390035450921078,0.3200256335120736
0.5461885425619118,-0.02252780245062791
0.7510270479779726,0.10031974725566783
0.5280174033644358,0.24307940359518754
0.5196441549126277,-0.48210100194538597
0.8351938730605504,-1.4591066379820128
0.6526490956454021,0.8894384313961492
0.7453862988577041,-0.456872847098959
0.7078296814480445,-0.03757586559621395
0.7230741850827477,-0.4910509748915016
0.5280174033644358,-0.1548519582154141
0.6470083465251336,-0.3003021558971506
0.5348886585473309,-0.5624753976121544
0.7343740690973286,-0.8713807506822744
0.6526490956454021,-0.42365739811806047
0.8351938730605504,-0.18780302837144225
0.5461885425619118,-0.6067599032968108
0.7453862988577041,-0.02658842822901719
0.6445664948944824,0.010642549657444933
0.7283490355034223,0.34017057643761994
0.6246962327501772,0.840163113984102
0.4973633661928578,0.15913186311911265
0.6180221072451982,0.169784768874234
0.7510270479779726,-0.3219424882814961
0.7271890716275246,-0.5381156103313731
0.7510270479779726,0.28173332409481655
0.6299710831708518,-0.4862586066214012
0.7230741850827477,-0.6920261040296565
0.8181566097062686,0.43122610931954297
0.5280174033644358,0.7886552189300362
0.5280174033644358,-0.5120481926585585
0.7368159207279799,0.2799654762962416
0.7162029298998526,-1.0896709486465426
0.7343740690973286,0.03252326246955339
0.6470083465251336,-0.18494446632892714
0.6246962327501772,0.5258667441748884
0.5461885425619118,0.39205994363303565
0.6332666108799014,0.1840829571392235
0.5196441549126277,-0.5094208910134276
0.6180221072451982,0.6524500663731839
0.6373814974246783,0.7625439370492653
0.5348886585473309,0.6825852542621405
0.5461885425619118,0.049517900166033635
0.6470083465251336,-0.4659104547595767
0.628811119294954,0.47989205140463487
0.7197786573736981,0.6285963414782173
0.6246962327501772,-0.26855471106229384
0.5461885425619118,-0.7507299417657921
0.7343740690973286,-0.6095877912658587
0.617824977567282,-0.26559167312992715
0.6359961167647581,1.0363710914480855
0.6332666108799014,0.6893659646617996
0.587170940395704,-0.545026524660634
0.7283490355034223,-0.6107462827910946
0.5461885425619118,0.35980507553590213
0.6359961167647581,0.4685817755701016
0.628811119294954,0.320626726407083
0.587170940395704,-0.021371964970615998
0.6263953556970063,-0.4380385477263195
0.7424566698482483,0.9280354380057886
0.6526490956454021,0.1138615049536148
0.6180221072451982,0.17294877339655823
0.7230741850827477,-0.30062800823295893
0.6855488927282746,-0.26050922255066544
0.617824977567282,-0.6526383931428376
0.6526490956454021,-0.22165517181620015
0.6180221072451982,1.8320758640347297
0.8408346221808188,0.9969082505486327
0.6299710831708518,0.3950083358527581
0.7510270479779726,-0.3851069029296493
0.5280174033644358,1.2386454129085676
0.6246962327501772,0.9748244662820164
0.5461885425619118,0.01952484573651303
0.6263953556970063,-0.3273184763395763
0.6263953556970063,-0.14988605927983084
0.7283490355034223,-0.1835965323825267
0.6332666108799014,0.3194543675097976
0.8351938730605504,0.5195402106949127
0.5196441549126277,-0.5470991167794934
0.8351938730605504,0.8401429909572746
0.5390035450921078,0.24928052753197727
0.6180221072451982,-0.7171522939926801
0.6263953556970063,-0.024140911219877825
0.6263953556970063,-0.5653182245049445
0.628811119294954,-0.07242551419213039
0.5348886585473309,-0.2730358325413726
0.7162029298998526,-0.9776474374516587
0.8408346221808188,0.9585808151907459
0.6373814974246783,-0.49039467399318964
0.6180221072451982,-0.17451473648995547
0.5280174033644358,-0.3792040273508375
0.5390035450921078,0.17976986088761537
0.6180221072451982,-0.2071408264629303
0.8351938730605504,0.35319522361100786
0.6180221072451982,0.7472994031480885
0.7453862988577041,1.0341311921977265
0.4973633661928578,-0.44607290180894194
0.8408346221808188,-1.002530948925315
0.5280174033644358,0.2984330375446077
0.5196441549126277,-0.27575794767886175
0.6180221072451982,-0.5757182671939893
0.609451729115474,0.3188126319063951
0.6855488927282746,-0.408085427859746
0.4973633661928578,-0.21077188821375042
0.6470083465251336,-0.463109617454729
0.7453862988577041,-0.5341738812867011
0.5390035450921078,-0.20305923348230082
0.6359961167647581,-0.05315800915152824
0.7283490355034223,-0.590635624719352
0.6180221072451982,-0.14550931607385104
0.6526490956454021,0.6231164448844255
0.609451729115474,-0.7609115658437683
0.7343740690973286,-0.2836547552462808
0.8408346221808188,-0.39032037055433483
0.7230741850827477,-0.07354676330489507
0.6855488927282746,-0.3103922818139829
0.7424566698482483,-0.18084949460154331
0.7343740690973286,0.11484514430841708
0.6263953556970063,-0.3812076128299119
0.6470083465251336,0.6744188527911185
0.6526490956454021,1.252664212112196
0.7197786573736981,0.590144653525546
0.5461885425619118,1.223170073904885
0.5196441549126277,-0.25491975467472716
0.6263953556970063,0.2731630889686055
0.6445664948944824,0.5968845341794714
0.7271890716275246,-0.2678396852999679
0.5957413185254283,0.14276696321121574
0.4973633661928578,-7.092423381149793e-05
0.6855488927282746,0.3949310609285813
0.7510270479779726,0.2191745813693896
0.7078296814480445,-0.24271347622506817
0.6263953556970063,0.6866655661384324
0.7343740690973286,0.9998341973900202
0.6470083465251336,-0.6885306904031496
0.5348886585473309,-0.010295405033485028
0.5957413185254283,-0.38413729216926884
0.7424566698482483,1.2446779253042801
0.7162029298998526,0.07775848261615159
0.609451729115474,-0.45483398695194954
0.5196441549126277,-0.18436334202689358
0.6445664948944824,-0.3245880358554692
0.7510270479779726,-0.22655719155390508
0.6526490956454021,-0.7608340407063454
0.628811119294954,-0.659408068221763
0.5280174033644358,0.29292558399787216
0.4973633661928578,-0.3610339167875827
0.5390035450921078,-0.8409346546165872
0.6359961167647581,-0.090893885650562
0.6359961167647581,0.8512084872325547
0.8408346221808188,-0.0782488361553918
0.6855488927282746,-0.437269431972127
0.6299710831708518,-0.544484451351336
0.6470083465251336,-0.4929929901394159
0.7453862988577041,-0.07856990070799974
0.6359961167647581,-0.6336900777169633
0.8181566097062686,-0.6955289725490992
0.4973633661928578,0.863570519365936
0.7271890716275246,-1.2156447781723876
0.6299710831708518,-0.7242372581380127
0.587170940395704,0.5409570427884086
0.6470083465251336,-0.011531699170332477
0.7230741850827477,-0.4936571532594567
0.8181566097062686,-0.3100875618073138
0.609451729115474,0.2593324244395544
0.6359961167647581,-0.2447510357256576
0.5348886585473309,0.4168525341490652
0.6445664948944824,0.8331796574666809
0.7343740690973286,0.4755662441804669
0.4973633661928578,-0.023668557752828445
0.609451729115474,-0.8155018343596491
0.5280174033644358,-0.07064243098804468
0.5196441549126277,-0.1555225661912027
0.5957413185254283,0.029805217378229942
0.6855488927282746,-0.15392660645838963
0.7368159207279799,0.581009619062568
0.617824977567282,2.103143028264321
0.6299710831708518,0.2056641032863067
0.6470083465251336,-0.5467614632281932
0.7510270479779726,0.8553210960359534
0.7271890716275246,0.03868803558972156
0.7271890716275246,0.17919781871361395
0.8181566097062686,-0.9410353439189265
0.6470083465251336,0.47746572464694614
0.7230741850827477,0.4469195024999947
0.5957413185254283,0.2999999928742496
0.5348886585473309,-0.3049329229379164
0.4973633661928578,-0.007313695651165242
0.6299710831708518,-0.3737429137810061
0.7368159207279799,-0.08312728958984239
0.6526490956454021,-0.4203672658691703
0.6299710831708518,-0.2962037157106499
0.8351938730605504,-0.3172303647134245
0.6373814974246783,-0.42689725814219315
0.6299710831708518,-0.2880278398322552
0.6299710831708518,-0.6206932556250732
0.7197786573736981,0.7548217527026079
0.5196441549126277,-0.2035242723656716
0.7162029298998526,-1.036401307022949
0.6299710831708518,0.4029851178937587
0.6373814974246783,-0.12871626562046878
0.5280174033644358,0.8241263578270721
0.7230741850827477,0.13207704244661755
0.7197786573736981,0.7724982084278721
0.5461885425619118,0.89754950420146
0.7283490355034223,-0.06509591286176053
0.7162029298998526,-0.42160353737591966
0.6470083465251336,-0.5566013495163173
0.6263953556970063,1.1489160832781817
0.8181566097062686,1.4766496162025184
0.6180221072451982,-0.344740728839541
0.6445664948944824,-0.2514242692570173
0.6526490956454021,0.09196779875850514
0.6373814974246783,0.5919967677941937
0.8181566097062686,-0.9943611138713
0.7343740690973286,0.8683410760863537
0.617824977567282,-0.4261607827796291
0.587170940395704,1.2532837519876359
0.7424566698482483,0.739354554261009
0.7283490355034223,0.5144034231766803
0.7078296814480445,0.0069356831696645305
0.6445664948944824,-0.25733250155421405
0.6373814974246783,0.9552687270146865
0.609451729115474,0.25539260190025104
0.7343740690973286,-0.3658253285125729
0.7510270479779726,-0.5751413234667748
0.7424566698482483,-0.06141941939805362
0.7343740690973286,0.3186528146701846
0.6180221072451982,1.246863776378912
0.4973633661928578,-0.4340672102313231
0.6373814974246783,0.762473698530183
0.5390035450921078,-0.11469188749945247
0.628811119294954,-0.344737599854435
0.6332666108799014,-0.5988692421412225
0.7343740690973286,-0.7439059535113657
0.5390035450921078,1.2923662568899632
0.5348886585473309,0.4202810742602524
0.6373814974246783,0.5775989301089981
0.6180221072451982,-0.1932064347894381
0.6299710831708518,0.21652445544312215
0.5280174033644358,-0.044566902404180375
0.7078296814480445,-0.4302234754914212
0.5348886585473309,-0.4985929883797529
0.6180221072451982,-0.6956685632286455
0.6445664948944824,-0.44811498769979075
0.5280174033644358,-0.1938540444353844
0.7510270479779726,-0.686782913918309
0.8408346221808188,0.0272837086723432
0.4973633661928578,-0.10774082478918207
0.6263953556970063,-0.16014758336153906
0.6526490956454021,-0.3975586831616006
0.7343740690973286,-0.518279060476533
0.8181566097062686,0.2880005447450441
0.7453862988577041,-0.16954278137233458
0.5196441549126277,-0.4752241928567351
0.4973633661928578,0.7631791203719078
0.617824977567282,-0.6138340519668875
0.6246962327501772,1.0481906762550204
0.5348886585473309,-1.0841663442826923
0.6263953556970063,0.8201340219412194
0.6359961167647581,-0.44462455176327875
0.6470083465251336,-0.06885655945904223
0.7078296814480445,-0.052966053312510364
0.5461885425619118,-0.312439587876182
0.7283490355034223,-0.7165475478134669
0.5461885425619118,0.2918945202722383
0.7197786573736981,-0.2625946621219297
0.617824977567282,0.8206453095560907
0.7078296814480445,0.0023871796228210895
0.6359961167647581,-0.12222910313349855
0.7230741850827477,-0.22107758266621247
0.5957413185254283,0.6668495122210112
0.8351938730605504,0.7376385595147248
0.5348886585473309,-0.23847702480408345
0.6299710831708518,-0.016765457054912836
0.5348886585473309,-0.37184523657438284
0.587170940395704,0.48365153012199424
0.5348886585473309,-0.9341705224078334
0.5348886585473309,-0.3547104804780463
0.6445664948944824,-0.9380716218031101
0.8351938730605504,0.45850405272078243
0.7271890716275246,-0.7261391230165078
0.7162029298998526,1.2296362594947037
0.6526490956454021,-0.5428499353613288
0.6359961167647581,0.285629041716274
0.6299710831708518,-0.45946986209604257
0.5957413185254283,-0.49827718740639637
0.4973633661928578,-0.4077190251583118
0.6373814974246783,-0.038864882659879973
0.6470083465251336,0.1928646893746121
0.609451729115474,0.03929654656524173
0.8408346221808188,-0.9066101747692077
0.6445664948944824,0.05552233654586691
0.7230741850827477,0.05883967684926261
0.6470083465251336,0.49008746055847985
0.5348886585473309,-0.22798147847108152
0.5390035450921078,0.16611746222594137
0.6180221072451982,0.07078220671292745
0.5196441549126277,0.4596555163850079
0.6263953556970063,-0.269928633434991
0.6373814974246783,0.00018542335478011207
0.7078296814480445,-0.4741201472532904
0.6470083465251336,-0.6047324015069483
0.7162029298998526,-0.922566309093674
0.5957413185254283,1.0409724037560033
0.587170940395704,0.8497140345438076
0.7343740690973286,-1.1224550603852996
0.5957413185254283,0.7338901471371642
0.6246962327501772,-0.829746459930722
0.628811119294954,-0.5453316471445788
0.7510270479779726,0.8856051258005022
0.8181566097062686,-0.46019745071874346
0.5461885425619118,1.1371462397444478
0.5348886585473309,-0.5198418319691577
0.6299710831708518,-0.06269998631327245
0.4973633661928578,0.7710374062871461
0.7283490355034223,-0.2206353287239592
0.6373814974246783,0.8519542848308277
0.8351938730605504,0.220635228370609
0.5390035450921078,-0.2656774280216755
0.6526490956454021,-0.5574042816166824
0.6332666108799014,0.19116559736689354
0.6180221072451982,-0.19902589220497774
0.5196441549126277,-0.6855652180544259
0.6526490956454021,0.9780452691218717
0.628811119294954,-0.29547314648207035
0.7510270479779726,0.06997093994688997
0.8408346221808188,-0.18007334936234765
0.6180221072451982,-0.4785969171790455
0.617824977567282,-0.13362534015143918
0.609451729115474,-0.8783161035989219
0.6299710831708518,-0.06420090099360487
0.8408346221808188,1.3692170791631137
0.7271890716275246,0.2587033543503586
0.7197786573736981,-0.14727530064428485
0.7368159207279799,-0.3438493280156142
0.6263953556970063,-0.046050255131588114
0.609451729115474,-1.0632541889147415
0.6332666108799014,0.34384866635353917
0.7510270479779726,0.5502073944485988
0.5957413185254283,-0.6415767971218316
0.6445664948944824,-0.5569548730851931
0.4973633661928578,-0.47186249497586263
0.6526490956454021,-0.11918750932985467
0.8351938730605504,-0.6063380279948384
0.8181566097062686,-0.8256219058142562
0.4973633661928578,-0.23785995930957882
0.8408346221808188,-0.5112834236428412
0.8351938730605504,-0.7549350348988803
0.7424566698482483,-0.08096064397409541
0.8351938730605504,-0.3615759084025433
0.7283490355034223,-0.719592783587375
0.5280174033644358,-0.2526603731721933
0.6332666108799014,-0.43973965307798113
0.6526490956454021,-0.37941184917517656
0.6246962327501772,-0.7911380230850869
0.5461885425619118,-0.03698883989090773
0.5390035450921078,0.04440499420613575
0.6470083465251336,-0.14043179730398092
0.5390035450921078,-0.21577722091404844
0.7283490355034223,-0.06261683481589608
0.6246962327501772,0.8320712703755232
0.7271890716275246,0.018376492673155775
0.6299710831708518,-0.6925872931343352
0.8181566097062686,-0.6156441840000628
0.628811119294954,0.042422043550691124
0.7368159207279799,0.4327982999240334
0.6470083465251336,-0.48170231959610427
0.5390035450921078,-0.15711062415308347
0.7271890716275246,-0.03492142774699092
0.7343740690973286,-0.23025123894073174
0.7271890716275246,-0.6968562970896298
0.6180221072451982,-0.08376269213368293
0.7283490355034223,0.7104708142952454
0.7271890716275246,0.17735145619338943
0.5280174033644358,-0.2975877403337638
0.6470083465251336,-0.5269964189487996
0.5957413185254283,-0.388465313489403
0.587170940395704,-0.6471505889788142
0.7162029298998526,-0.893796919277078
0.6526490956454021,1.7855385361666185
0.7453862988577041,-0.6033248285250611
0.628811119294954,3.1008527382327338
0.5957413185254283,-0.19340403028360964
0.7453862988577041,0.25903555953256296
0.7271890716275246,-0.5623886167882273
0.5461885425619118,-0.07068003052556299
0.8181566097062686,-0.5909777711293303
0.6470083465251336,0.24832322872699197
0.4973633661928578,0.20804059223606175
0.587170940395704,0.6984355821945955
0.7453862988577041,-0.125511939287953
0.7368159207279799,-0.5205195177219087
0.6246962327501772,-0.2621739777043824
0.6855488927282746,-0.4965926442492965
0.8351938730605504,-0.18785558011604742
0.7230741850827477,1.9511207874082568
0.4973633661928578,-0.05625727787024021
0.8408346221808188,0.017463456208669736
0.7230741850827477,0.5985256960641786
0.6246962327501772,-0.46112147085171934
0.5957413185254283,-0.4420095835866197
0.6526490956454021,-0.3020932854789323
0.6470083465251336,-0.6558092612248555
0.5461885425619118,-0.41388188712143026
0.6263953556970063,0.27411280402047755
0.6373814974246783,0.19510501447555495
0.6470083465251336,-0.9392950038258242
0.617824977567282,-0.024825976100710134
0.5957413185254283,0.3644921524863337
0.7453862988577041,-0.09778004196273149
0.6526490956454021,-0.012363912935371979
0.5957413185254283,0.3739434775862761
0.7197786573736981,0.5224501930407895
0.609451729115474,0.22114694417509195
0.5461885425619118,-0.48139258581368133
0.6332666108799014,-0.07825575223208758
0.7424566698482483,0.5884587197545276
0.4973633661928578,-0.40229612500537243
0.5348886585473309,-0.922718928471978
0.6263953556970063,2.1906769612141446
0.5348886585473309,-0.6445843352289331
0.5196441549126277,-0.2491387351508978
0.6299710831708518,-0.32875851215735585
0.609451729115474,-0.3765901907772776
0.6299710831708518,-0.02558571982179414
0.617824977567282,0.18767005029421102
0.6526490956454021,2.163998843650995
0.6470083465251336,-0.39713905082914513
0.6470083465251336,0.11370056189988398
0.7230741850827477,0.393565954285373
0.7424566698482483,-0.9591952767360483
0.5461885425619118,0.20765210450380833
0.5957413185254283,0.18633669153190457
0.6855488927282746,0.4032280201457309
0.7078296814480445,0.4548759355240797
0.6263953556970063,0.466419426527078
0.5348886585473309,-0.24571694614490774
0.6246962327501772,0.8956500604820495
0.7343740690973286,-0.6205863820050062
0.6373814974246783,-0.5764748447831793
0.6263953556970063,-0.4836311420431231
0.6373814974246783,-0.4689261334727389
0.6445664948944824,-0.5608286534155694
0.5348886585473309,0.7349468835024155
0.5390035450921078,0.45146989041267804
0.6263953556970063,0.44112907430486636
0.628811119294954,-0.2991163694733896
0.6373814974246783,0.6635560172148554
0.7162029298998526,-0.42056823851499286
0.5196441549126277,-0.5434279605689644
0.8408346221808188,-0.3270316551113758
0.4973633661928578,0.2288712864364838
0.5196441549126277,0.6729772857810884
0.7162029298998526,0.04532399422404032
0.8181566097062686,-1.1077634667017466
0.7343740690973286,-0.7822862438061925
0.6299710831708518,-0.126242644950171
0.6263953556970063,0.8930820498812257
0.7510270479779726,-0.44274516603666647
0.5348886585473309,-0.4779223909194878
0.8181566097062686,1.7975426021989347
0.7162029298998526,-0.3179695075116513
0.5461885425619118,0.07937730555996969
0.609451729115474,-0.572255563978221
0.5348886585473309,0.08458862313567317
0.8181566097062686,-0.1363565145065011
0.6526490956454021,-0.10658094969052734
0.5280174033644358,-0.0712451109486727
0.5196441549126277,-0.6425322743774933
0.5957413185254283,-0.40297920453690417
0.5957413185254283,0.7808433810280448
0.7424566698482483,1.0327836565406567
0.4973633661928578,1.0207112332998944
0.6470083465251336,0.6617298233919501
0.5280174033644358,-0.5689731568299758
0.5280174033644358,-0.4621096325766985
0.7453862988577041,-0.3685213713043104
0.6470083465251336,0.9060685046870584
0.7162029298998526,-0.7425332503023249
0.6373814974246783,-0.19966916528897605
0.7283490355034223,0.18681025652663052
0.7162029298998526,-0.6095820488142102
0.609451729115474,-0.21410268292643875
0.6246962327501772,-0.1951733802063561
0.7230741850827477,0.1416740424082933
0.7424566698482483,0.3816087551467452
0.6263953556970063,-0.681565101166748
0.6373814974246783,0.49800367115363886
0.7283490355034223,-0.5166989618649629
0.5957413185254283,-0.39130078329646756
0.6263953556970063,1.3732619844770935
0.7197786573736981,0.19761714370051886
0.5390035450921078,-0.2800300998828002
0.7510270479779726,1.121617866029829
0.6373814974246783,-0.2742017457122824
0.7453862988577041,0.8141509700529582
0.7368159207279799,0.17284766000544083
0.5390035450921078,-0.07682312500111066
0.7343740690973286,-0.7177453950354572
0.6855488927282746,-0.602877427881621
0.7271890716275246,0.18174748448134703
0.8351938730605504,0.12951906957490222
0.7078296814480445,0.8100264839276305
0.6526490956454021,1.542113631600861
0.7453862988577041,-0.6019602947540073
0.6246962327501772,1.2748322244420027
0.7510270479779726,-0.1109342906286197
0.6332666108799014,0.11673923860356028
0.5280174033644358,-0.37839484573262033
0.8351938730605504,-0.5752254764005496
0.4973633661928578,0.29646056831806056
0.7510270479779726,0.21050573237002368
0.6470083465251336,-0.5776365868191401
0.8408346221808188,0.6819204556512201
0.7510270479779726,-0.15984188673447142
0.8181566097062686,-0.5805844531646901
0.7230741850827477,-0.7291203261860983
0.7271890716275246,-0.4983807156623224
0.6246962327501772,-0.8371707757831335
0.6246962327501772,-0.0457715528296081
0.8181566097062686,0.09470942457974607
0.8351938730605504,-0.7048634856873035
0.7197786573736981,-0.7425851597703007
0.8351938730605504,-0.19244964652303076
0.628811119294954,0.45928874023954747
0.6299710831708518,-0.3201381133554247
0.7368159207279799,0.7638715143908232
0.7230741850827477,-0.29553837012372214
0.7283490355034223,0.4466067271052665
0.7343740690973286,-0.1622590092587518
0.7424566698482483,0.21417702983157005
0.7453862988577041,0.762908547517016
0.6332666108799014,0.09159723623418414
0.6332666108799014,0.3804167854669467
0.7343740690973286,0.20505591342754204
0.6246962327501772,0.017209652070157122
0.5390035450921078,-0.3996962277828402
0.7078296814480445,-0.1816218921288396
0.4973633661928578,0.15564351452346337
0.7230741850827477,0.6413719829972072
0.5461885425619118,0.6757925448936642
0.5390035450921078,-0.1312832485000054
0.5348886585473309,-0.3848885231558226
0.6470083465251336,-0.9737747574233697
0.5957413185254283,-0.5559509599495632
0.6299710831708518,-0.8055106497441493
0.8408346221808188,-0.6212703488465168
0.6180221072451982,-0.40366770765620663
0.6263953556970063,0.8576779308219626
0.7453862988577041,0.16853446686394113
0.8351938730605504,-1.1997663491549386
0.7230741850827477,-0.3931282700714471
0.5957413185254283,-0.27304590516397237
0.6359961167647581,0.1131332556145066
0.6470083465251336,0.3357628446981117
0.5196441549126277,-0.15037170381719156
0.5957413185254283,0.8843060561096383
0.8181566097062686,-0.5549593845539815
0.6263953556970063,0.12842103032442742
0.7078296814480445,0.2525684580614951
0.7230741850827477,-0.7581848121831775
0.8181566097062686,0.14218235638702703
0.609451729115474,-0.6914700286586732
0.6246962327501772,0.5373770905143086
0.5196441549126277,-0.5795644498263656
0.609451729115474,-0.17237336103076267
0.7510270479779726,-0.1821453500864827
0.7230741850827477,-0.43925895423630934
0.8181566097062686,-0.13349205510553352
0.6180221072451982,-0.0665531865233876
0.7197786573736981,-0.1849865577660832
0.6359961167647581,-3.470242394123389
0.6373814974246783,-0.027238388373887368
0.8351938730605504,0.3346953699236608
0.6526490956454021,-0.12615094998753396
0.6445664948944824,-0.34885301075337566
0.6855488927282746,1.127623801505936
0.4973633661928578,-0.12569657370875786
0.7510270479779726,0.2622527808025794
0.5348886585473309,-0.6582661766672173
0.5957413185254283,-0.24245628381890633
0.5280174033644358,-0.4711166949571383
0.7283490355034223,-0.5442386629277756
0.5196441549126277,-0.4124239994572809
0.7271890716275246,1.3746240007731672
0.5348886585473309,-0.7397779620803522
0.5348886585473309,0.3116725448744513
0.5957413185254283,-0.2120171069460049
0.6263953556970063,0.03977710649740862
0.7368159207279799,0.5266890877669528
0.6299710831708518,-0.5657939085799327
0.6180221072451982,-0.47611394789702627
0.7283490355034223,-0.4740338473443026
0.6855488927282746,-0.47630809843008814
0.6470083465251336,-0.4502690598480493
0.6246962327501772,-0.14157988963717388
0.8351938730605504,-0.16500528561538164
0.6299710831708518,-0.11026520583345334
0.5957413185254283,0.39396339331885766
0.7197786573736981,-0.45785656754632026
0.6526490956454021,0.07502076031833338
0.6332666108799014,0.21591774040999578
0.4973633661928578,-0.38237890957675547
0.587170940395704,-0.2320766750717514
0.5957413185254283,-0.31069351271082074
0.6299710831708518,0.3929106150460946
0.7230741850827477,0.6894886682206273
0.7283490355034223,-0.7368282829306338
0.587170940395704,-0.530722839881993
0.7424566698482483,0.3105860878378842
0.7424566698482483,-0.26411242045729977
0.7230741850827477,0.2942370461885594
0.6526490956454021,-0.15122819800905174
0.7230741850827477,-1.6310218176058162
0.6526490956454021,-0.35430449551738896
0.5957413185254283,0.4792334590708951
0.5461885425619118,0.8403075982077496
0.7271890716275246,0.01581123176406629
0.628811119294954,-0.17860020490926976
0.5196441549126277,-0.9854138797110354
0.6855488927282746,-0.2510486145955464
0.5957413185254283,0.07687662182357735
0.5280174033644358,-0.4106460969014726
0.7368159207279799,0.13434270810818583
0.587170940395704,-0.5339377089066377
0.7197786573736981,0.6290515030214282
0.7424566698482483,-0.10872048534929357
0.5461885425619118,0.32123559022138615
0.7510270479779726,0.11434859166600453
0.7162029298998526,-0.5950098926805264
0.5280174033644358,0.5859410614036347
0.6470083465251336,0.3890066112293423
0.6359961167647581,0.624582458722376
0.6855488927282746,-0.292456343379941
0.6359961167647581,-0.10160589198353465
0.7510270479779726,-0.012862860279750032
0.617824977567282,-0.502438856661681
0.7271890716275246,-0.37217270236152167
0.5280174033644358,1.4559437090195024
0.8408346221808188,0.1841638491446015
0.7453862988577041,0.31948870050440414
0.5957413185254283,-0.36887502522767457
0.8181566097062686,-0.6019115986985026
0.7197786573736981,-0.3644170955426067
0.7271890716275246,-0.9052045130580941
0.5280174033644358,-0.14784439416939782
0.8408346221808188,-0.9211013049230381
0.7162029298998526,0.21923805966672782
0.6373814974246783,0.15996856899535694
0.8408346221808188,-0.6000171389977267
0.7510270479779726,0.3057772741642131
0.6855488927282746,0.17034219701963282
0.6299710831708518,-0.4564749393595884
0.6299710831708518,-0.7765087489924175
0.6180221072451982,0.38900085066604084
0.7424566698482483,-0.15694291939395444
0.587170940395704,0.5109510947873434
0.5957413185254283,-0.11862628536399517
0.5348886585473309,-0.5883516734459393
0.7078296814480445,-0.31123358701230364
0.5390035450921078,-0.24201171820019118
0.6359961167647581,-0.15136671744792257
0.4973633661928578,-0.6156093214752429
0.609451729115474,-0.0027290432448081603
0.5196441549126277,0.19477755936018148
0.7283490355034223,0.3545452026197111
0.8408346221808188,-0.43625290411827894
0.6332666108799014,0.2741740342607697
0.5280174033644358,0.251314629373813
0.7271890716275246,0.2987300794353417
0.7197786573736981,-0.19665466946430743
0.8181566097062686,0.4909449684274162
0.7230741850827477,-0.0783404496836072
0.5348886585473309,0.28422103657042763
0.6470083465251336,-0.045676609482142805
0.587170940395704,-0.29064325597715673
0.6299710831708518,0.5868334611154042
0.6526490956454021,-0.7176888623853411
0.7230741850827477,-0.6984826507516113
0.5461885425619118,0.2941926383668473
0.6373814974246783,0.09247892828958304
0.6299710831708518,1.251153519952712
0.6526490956454021,0.6637496473494304
0.6299710831708518,-0.792957180620982
0.5280174033644358,-0.632201722126788
0.8351938730605504,0.8512905583378629
0.6299710831708518,-0.3193116488182948
0.5196441549126277,-1.0567822693017885
0.6332666108799014,0.6327146103171839
0.8351938730605504,1.0789379956737446
0.8351938730605504,0.3152877390527222
0.7453862988577041,-0.2861963017523974
0.6470083465251336,0.21723567036956792
0.628811119294954,-0.10368923578069289
0.7197786573736981,0.0846161159501323
0.5957413185254283,-0.36577684268987176
0.5196441549126277,0.09936858393035897
0.8181566097062686,0.29353266787628207
0.6526490956454021,-0.4110296005999069
0.5390035450921078,-0.2681649051751751
0.8181566097062686,1.8844643731601
0.5957413185254283,0.13581826782773176
0.8408346221808188,0.02353895758876723
0.617824977567282,0.007924504968791601
0.7343740690973286,-1.099018686660568
0.6332666108799014,0.10741847390842885
0.6359961167647581,-0.2602313289001728
0.617824977567282,-0.4002390010023786
0.8181566097062686,-1.2973317691431399
0.6373814974246783,-0.5034856837099781
0.5390035450921078,-0.14302253587344899
0.7453862988577041,0.5115215249820836
0.6180221072451982,0.19773307231399861
0.5461885425619118,-0.5919087637875117
0.628811119294954,1.4344857456211195
0.609451729115474,0.24003415009571416
0.5196441549126277,0.7432751203926772
0.6299710831708518,-0.0012623220904677268
0.7510270479779726,-0.1598495828001898
0.8408346221808188,-0.710878688878895
0.7510270479779726,0.25888370890973667
0.7453862988577041,-0.49234784645117563
0.8181566097062686,-0.4211852717460723
0.6526490956454021,-0.24026888539228686
0.7510270479779726,-0.507415992392902
0.7453862988577041,-0.5943685501083145
0.7162029298998526,-0.5265533719563147
0.6470083465251336,-0.40743711152869755
0.7162029298998526,-0.8275583793210988
0.8351938730605504,0.392790746311769
0.7283490355034223,1.0388144506315802
0.7510270479779726,0.8313018532246368
0.6299710831708518,-0.3215206734152362
0.7453862988577041,-0.5154513016936776
0.6855488927282746,-0.28325407133839153
0.6359961167647581,0.13442983218403604
0.5461885425619118,-0.24332560971038159
0.7368159207279799,0.6180995059642984
0.5196441549126277,-0.3137552525514872
0.5348886585473309,-0.24732466803470649
0.8351938730605504,-0.030149522396349715
0.6855488927282746,-0.059950145221107976
0.5461885425619118,0.222742875861215
0.6180221072451982,0.435749184018286
0.6470083465251336,-0.7431253817676509
0.6263953556970063,0.4691094096053092
0.6299710831708518,-0.7859891888868347
0.6263953556970063,-0.22008047541159587
0.6373814974246783,-0.4124127328258925
0.7197786573736981,-0.7454677137488651
0.609451729115474,0.22671807202488348
0.7343740690973286,-0.05706916737637191
0.5957413185254283,0.02121054365734487
0.4973633661928578,-0.6156257542750878
0.7453862988577041,-0.30809964298405035
0.7510270479779726,0.09792341753806522
0.5280174033644358,1.2690729646764738
0.6526490956454021,-0.2925642719469486
0.6299710831708518,-0.5961471178387421
0.6263953556970063,0.7825003108027162
0.7510270479779726,1.6196410426950003
0.8351938730605504,-0.333160286232017
0.7510270479779726,0.33627046940286354
0.6470083465251336,0.4523177539850315
0.6299710831708518,-0.4857655499056322
0.617824977567282,-0.24539455556389456
0.7078296814480445,-0.4229142325748605
0.5957413185254283,-0.6257859728258804
0.7271890716275246,0.4226650084376532
0.628811119294954,-0.21242690880754855
0.7453862988577041,-0.498544267988666
0.587170940395704,0.3537192875336591
0.6855488927282746,-1.005623862360754
0.5390035450921078,-0.5168800836056855
0.6855488927282746,0.7837177115577153
0.7162029298998527,-0.636170776110019
0.6445664948944824,-0.4778906125091275
0.5196441549126277,-0.014889522376059228
0.5280174033644358,-0.26022734670287295
0.7453862988577041,-0.3717479308223623
0.8181566097062686,-0.6041705404374395
0.7197786573736981,-0.1309732893102894
0.6246962327501772,0.14420250781872634
0.7453862988577041,0.20294419396815444
0.6445664948944824,0.5651597068533111
0.7368159207279799,1.48890017969811
0.5196441549126277,-0.27381531165064366
0.7343740690973286,0.0019037669660304513
0.6526490956454021,0.29367488900892647
0.7197786573736981,2.9179339548835626
0.7510270479779726,-0.21694682066406734
0.617824977567282,-0.017000892567487824
0.4973633661928578,-0.43877847026403843
0.8351938730605504,-0.8636333689554365
0.5390035450921078,0.3727814110031634
0.7283490355034223,1.0571700362171805
0.6263953556970063,-0.351806881484041
0.6373814974246783,-0.06938622987001408
0.6470083465251336,-0.620328538976636
0.7283490355034223,0.23990115682121904
0.8351938730605504,-0.319988116099307
0.5461885425619118,-0.37136452215086424
0.5280174033644358,-0.6139153277451255
0.6299710831708518,-0.19691019860617326
0.6526490956454021,-0.4579762147969388
0.5957413185254283,0.4890495934504684
0.6332666108799014,-0.38820752875976194
0.587170940395704,-0.5730000238088635
0.5461885425619118,0.08547337093414442
0.5390035450921078,-0.0315373579194137
0.5390035450921078,-0.4652081574891828
0.4973633661928578,-0.46518663451549286
0.6246962327501772,0.022639861769562897
0.6299710831708518,0.010795001038460428
0.7510270479779726,0.3125222216494623
0.7078296814480445,-0.3787861839979846
0.6263953556970063,0.907104825440102
0.6180221072451982,-0.3852328259239466
0.7283490355034223,0.2238961966268188
0.6332666108799014,0.5112120798652393
0.7424566698482483,-0.8678924633069186
0.8181566097062686,-0.6042814778029895
0.7424566698482483,-0.07611763804820426
0.6526490956454021,-0.12661260589559353
0.587170940395704,-0.28965733127473814
0.7197786573736981,0.5836406784255478
0.6299710831708518,-0.24310921391903723
0.7230741850827477,-0.5553057633113724
0.587170940395704,1.1154041744546888
0.617824977567282,-0.42945094069700374
0.5348886585473309,0.537757680511709
0.6526490956454021,-0.11191851596491775
0.6373814974246783,-0.42887445918371314
0.609451729115474,-0.19727453090101854
0.5348886585473309,-0.34337885988606814
0.8408346221808188,0.5662003330714661
0.6855488927282746,-0.4813079962037692
0.4973633661928578,-0.27953455311246445
0.7230741850827477,-0.7310486971519466
0.6180221072451982,-0.38819351073052255
0.617824977567282,-0.7198499512246186
0.8181566097062686,1.4724381152751125
0.6246962327501772,0.26906946463218584
0.6470083465251336,0.3942384597986254
0.609451729115474,-0.2660968040462253
0.5390035450921078,1.094811066625045
0.6180221072451982,-0.2449103016891246
0.7197786573736981,1.3986247658889988
0.6299710831708518,0.22722458901047415
0.8408346221808188,0.35829882130849555
0.7510270479779726,1.2109838849984118
0.617824977567282,-0.17900323956864267
0.8181566097062686,0.22692029401170621
0.7230741850827477,-0.09502568251837162
0.6470083465251336,0.7032708083082874
0.6332666108799014,0.1585896031953019
0.7230741850827477,0.9115967402451758
0.7368159207279799,1.0240971182816496
0.7230741850827477,-0.7696955677805333
0.7162029298998526,-0.5634075967136842
0.5348886585473309,-0.3929230590521745
0.7078296814480445,-0.19298677776772355
0.7343740690973286,1.2615640083889237
0.5390035450921078,-0.39514764657772106
0.6526490956454021,-0.21277109550089196
0.5196441549126277,-0.29797008275950787
0.6299710831708518,0.10467479089187426
0.6526490956454021,-0.8352300460748117
0.7453862988577041,-0.4011232750987451
0.5196441549126277,-0.54528232191385
0.609451729115474,-0.06655765879297737
0.5390035450921078,0.36675317842322697
0.7162029298998526,0.0969104126792415
0.4973633661928578,-0.4947674385324405
0.7343740690973286,-0.08663956038113274
0.8408346221808188,0.04741327936801076
0.7368159207279799,-0.17436256248844662
0.7230741850827477,-1.0715027950787102
0.5957413185254283,-0.25941080623199003
0.8408346221808188,-0.4702866848172196
0.5957413185254283,-0.5802974907340633
0.7162029298998526,-0.4601006926036461
0.5348886585473309,1.1641611565797965
0.7343740690973286,-0.37846930166330783
0.6180221072451982,1.1097556991081294
0.8351938730605504,-0.6772345126168984
0.5957413185254283,-0.43603796904497694
0.4973633661928578,-0.12829104825105903
0.7078296814480445,-0.875105790764547
0.628811119294954,0.008676088907157653
0.8181566097062686,-0.19163807974642644
0.8351938730605504,0.10289412294568545
0.7510270479779726,0.0372342931702867
0.7271890716275246,0.0880943666541717
0.628811119294954,0.011854692975939884
0.6526490956454021,0.4321654741076397
0.6470083465251336,-0.6327515592425715
0.7368159207279799,-0.9380270066227681
0.7510270479779726,0.018664837060494266
0.6180221072451982,-0.3140798510178369
0.8408346221808188,-0.5305146808302859
0.6470083465251336,-0.3713404308967675
0.6445664948944824,1.0568696279142062
0.6299710831708518,-0.3862409766089061
0.6180221072451982,-0.21761952545463942
0.5196441549126277,0.32441625629455206
0.7453862988577041,-0.05537884207350041
0.7197786573736981,-0.5446964079136003
0.5957413185254283,-0.4971886739267736
0.6263953556970063,-0.4662281543432553
0.6445664948944824,0.5718154367492391
0.4973633661928578,-0.032380193373069965
0.587170940395704,-0.4406914375240183
0.4973633661928578,-0.5429518064040024
0.8408346221808188,-0.38718626422705044
0.5390035450921078,0.2588403058291324
0.8408346221808188,-0.5809811995325851
0.617824977567282,0.27142884900984976
0.7078296814480445,-0.5158692284484233
0.7510270479779726,-0.13163997700521557
0.7230741850827477,-0.272662926487532
0.609451729115474,1.5864353430480704
0.6299710831708518,-0.43794064380760056
0.6445664948944824,-0.30626664368853346
0.6855488927282746,0.47739842762473106
0.7368159207279799,-0.932093120633304
0.7453862988577041,0.28453767908293204
0.587170940395704,-0.5397321651147294
0.4973633661928578,1.198619239351128
0.6332666108799014,-0.20478456977686893
0.6263953556970063,0.8912045100973054
0.4973633661928578,0.19003924589354382
0.6299710831708518,0.15083480648198755
0.6180221072451982,-0.4055880180514072
0.6332666108799014,-0.6337175125191299
0.6445664948944824,-0.3830148682200498
0.5957413185254283,-0.1457916193997985
0.617824977567282,0.7146305098201559
0.4973633661928578,0.21198220911546872
0.6332666108799014,-0.4872757606728781
0.6470083465251336,-0.6414747849481438
0.6246962327501772,0.42524101512218204
0.587170940395704,0.6659095205488971
0.6246962327501772,0.1412086301600508
0.5348886585473309,-0.5812619706495615
0.6263953556970063,-0.19539720777971253
0.6470083465251336,0.44373869199799965
0.5280174033644358,-0.41983254989509455
0.7230741850827477,0.7477064196405009
0.5390035450921078,0.4865493291817702
0.7453862988577041,-0.5003265123537746
0.628811119294954,0.7716952215147098
0.6855488927282746,1.0599601768961735
0.628811119294954,0.14255242526441414
0.617824977567282,0.11079218902143717
0.5280174033644358,-0.4579568753536285
0.587170940395704,1.1646240311405323
0.5957413185254283,-0.02103465846202368
0.6470083465251336,-0.21173333499992364
0.6180221072451982,-0.29654009327865466
0.609451729115474,-0.15344434187552353
0.587170940395704,-0.09737810306135247
0.6299710831708518,0.7278525560389075
0.8351938730605504,-0.16611686884734334
0.7271890716275246,0.11394276067802767
0.6299710831708518,0.4616747291861696
0.6855488927282746,-0.2668822430350595
0.7271890716275246,3.308541790102807
0.6445664948944824,0.14751682916211784
0.7510270479779726,-0.4860075425562203
0.6526490956454021,-0.6344589441599461
0.6445664948944824,-0.1664113670810657
0.617824977567282,-0.7322005626826454
0.6526490956454021,0.04998722030948022
0.6332666108799014,-0.09172553365070424
0.5390035450921078,0.7769027395491541
0.7078296814480445,-0.1591377420859852
0.7510270479779726,0.037631973849412304
0.6263953556970063,0.5189203817704162
0.4973633661928578,-0.23739481531089351
0.6180221072451982,0.28915526382111845
0.4973633661928578,-0.11651675508822135
0.5390035450921078,-0.23364920117570698
0.6445664948944824,-0.3485935370384473
0.4973633661928578,0.6377727651619347
0.587170940395704,0.2718850500329715
0.6526490956454021,0.6197904698000267
0.7162029298998526,0.07338397412009945
0.7271890716275246,-0.824080771362351
0.6526490956454021,-0.4154208016553228
0.6445664948944824,0.6190695186539551
0.7343740690973286,-0.39075968415611523
0.5461885425619118,1.5700851527982724
0.6180221072451982,0.3725518985575357
0.5348886585473309,1.2604204366314875
0.7271890716275246,1.3230619291180594
0.8181566097062686,-0.8100278378751685
0.6246962327501772,-0.28096476537126897
0.6445664948944824,-0.2955453265120433
0.5957413185254283,0.2569888032329617
0.5280174033644358,-0.46963321886571757
0.6263953556970063,-0.18890497503063303
0.6526490956454021,-0.11134276463117698
0.6359961167647581,0.12056341979750607
0.7230741850827477,-0.10521364026404989
0.6246962327501772,-0.05004197725871262
0.5390035450921078,0.5270742570382745
0.5280174033644358,0.7596984477737161
0.6445664948944824,-0.11082274909301715
0.7230741850827477,-0.01488466002390898
0.7343740690973286,0.13139751076861805
0.617824977567282,0.0025081472143169137
0.7230741850827477,0.34225966807455144
0.6332666108799014,-0.11391892327275832
0.628811119294954,0.0700592028025625
0.6299710831708518,-0.10578139760401706
0.6470083465251336,-0.2469275076211952
0.7343740690973286,-0.552182770786474
0.5461885425619118,-0.8594177826113536
0.6526490956454021,-0.3422258500086832
0.7343740690973286,-0.7670757891478683
0.7078296814480445,-0.6705694464870765
0.8181566097062686,0.0646639532955815
0.5196441549126277,0.05465208873918992
0.6263953556970063,0.6952713336334861
0.6526490956454021,-0.3683244279737216
0.6526490956454021,-0.456401376228033
0.7343740690973286,-0.1345016212707828
0.7078296814480445,-0.3963854779502206
0.5957413185254283,-0.21612639940700423
0.8181566097062686,-0.2901125772241542
0.5280174033644358,-0.0031451569487142006
0.7510270479779726,0.9546421108574596
0.6470083465251336,-0.47754172820909513
0.617824977567282,0.24131690748161339
0.6263953556970063,-0.15046954719354239
0.8181566097062686,0.35016633277998677
0.7230741850827477,-0.2957091081653109
0.5390035450921078,0.6954424297175958
0.5280174033644358,-0.6710111373562149
0.7510270479779726,-0.26700649146155975
0.6526490956454021,0.20692498832749184
0.5280174033644358,-0.6717518707756199
0.6526490956454021,-0.6150175290982038
0.5957413185254283,-0.7073914613754297
0.7271890716275246,-0.11616206768582926
0.6332666108799014,-0.2874724586132566
0.7197786573736981,-0.013103198007690997
0.8351938730605504,-0.43264514677398624
0.6299710831708518,-0.2978119919456985
0.6180221072451982,-0.46678718840300104
0.5280174033644358,-0.6857365760229274
0.628811119294954,1.0476493140880692
0.7343740690973286,-0.21015756472011504
0.5280174033644358,-0.4173388336485905
0.6180221072451982,-0.1481141700569898
0.6470083465251336,0.3127630887596051
0.6526490956454021,-0.3970924892497281
0.8408346221808188,-0.12135880219824291
0.609451729115474,0.11081346184206042
0.5280174033644358,0.5332675758632031
0.6263953556970063,-0.15544461260775944
0.7283490355034223,-0.09481604055313042
0.6445664948944824,-0.5137590463360979
0.6246962327501772,0.08632942117683029
0.5348886585473309,-0.06515244006587595
0.6373814974246783,0.22526847111030324
0.617824977567282,0.7113867844895022
0.7510270479779726,-0.27482473284376874
0.7078296814480445,-0.21951203236319727
0.8181566097062686,0.2848065667974863
0.7283490355034223,0.5823374175786848
0.7368159207279799,-0.7740684600065765
0.6180221072451982,-0.5062914838751692
0.6373814974246783,-0.29569537674951574
0.7283490355034223,0.3198512895755401
0.6445664948944824,-0.13964816488142406
0.5196441549126277,0.7481954731376709
0.6263953556970063,-0.08790590848339774
0.6526490956454021,-0.4956656889176758
0.7283490355034223,0.2791540369440144
0.7078296814480445,-0.008046964831677217
0.6299710831708518,-0.642056923573213
0.7343740690973286,-0.02976403874284117
0.7078296814480445,-0.13855848591960107
0.7078296814480445,-0.34590045543684733
0.8408346221808188,-0.4044533809948213
0.7453862988577041,-0.2539994293825094
0.7453862988577041,-0.4428517722012547
0.7283490355034223,1.4815230570943971
0.7271890716275246,-0.2971594241707205
0.617824977567282,0.737599060643018
0.8181566097062686,-0.6091015974297704
0.5390035450921078,-0.4394720149929213
0.6299710831708518,1.0550392771206714
0.6299710831708518,0.20270710006444426
0.6526490956454021,-0.48538381790629326
0.5280174033644358,-0.5072497516581013
0.7368159207279799,0.9632056372103974
0.5348886585473309,0.0026189343111523433
0.617824977567282,0.11325439404736082
0.5196441549126277,0.0672988764282132
0.6526490956454021,0.3988959737314113
0.8351938730605504,0.26484106981613387
0.6373814974246783,-0.00682449724041112
0.6263953556970063,-0.49441289957551277
0.6263953556970063,0.35042037891436373
0.617824977567282,-0.6374145055817997
0.7271890716275246,-0.6325552113844204
0.6180221072451982,-0.12129250725734048
0.5461885425619118,-0.42624198235998434
0.7283490355034223,0.32190844421441556
0.5390035450921078,0.491129740037761
0.6445664948944824,-0.2815344005238275
0.8181566097062686,-0.29311209520016757
0.7368159207279799,1.0305786880264656
0.8408346221808188,0.7116280102315801
0.5957413185254283,-0.02902099906784772
0.5957413185254283,-0.4629274582522114
0.5348886585473309,-0.6275355580469477
0.7197786573736981,0.4014097944026985
0.4973633661928578,-0.5015648802028452
0.5461885425619118,-0.18393710619780662
0.6526490956454021,0.06881903395326883
0.7230741850827477,0.27665250624983984
0.628811119294954,0.3111838344296598
0.5196441549126277,0.1517345012470147
0.7078296814480445,-0.2646888992651701
0.8408346221808188,-0.06156717820831559
0.7230741850827477,-0.6714521297799944
0.5348886585473309,-0.31850703764055965
0.6359961167647581,0.47190681326365547
0.6373814974246783,0.05508975474612299
0.5280174033644358,-0.6515098693449372
0.6180221072451982,0.13738670743622516
0.609451729115474,1.1447263052748595
0.5461885425619118,0.1855682029008917
0.7510270479779726,0.47683944500566544
0.609451729115474,0.40480855239253555
0.5461885425619118,-0.35841031716062643
0.609451729115474,-0.10498067292048696
0.5461885425619118,-0.2489105337304075
0.6359961167647581,1.6910237311886547
0.5348886585473309,0.6252970722589488
0.6299710831708518,1.666980360579533
0.5348886585473309,0.29546969218873453
0.6246962327501772,1.282758227019297
0.7078296814480445,0.222767582212259
0.7510270479779726,-0.10443466934330747
0.8351938730605504,-1.0817420636336332
0.6855488927282746,-0.49172276798883113
0.6332666108799014,-0.22531100662165432
0.6246962327501772,-0.4414475225625187
0.7453862988577041,-0.6856338690644593
0.5390035450921078,-0.17202919262308586
0.5461885425619118,-0.40245614506526417
0.628811119294954,-0.37577779138634876
0.5280174033644358,-0.42657858752871425
0.5390035450921078,-0.15017709491004866
0.7230741850827477,-1.0357859702690744
0.6855488927282746,0.08969482341461965
0.7162029298998526,-0.19958316463942527
0.6855488927282746,0.8249659833851927
0.609451729115474,1.2581996914572622
0.7368159207279799,0.18474760550037128
0.7343740690973286,0.2613872930143303
0.7197786573736981,0.8925240875065713
0.628811119294954,0.13024167875019055
0.7271890716275246,-0.12565083888203177
0.6180221072451982,-0.4287945352944129
0.6332666108799014,0.2644306487842082
0.5348886585473309,0.7608227915990171
0.5348886585473309,-0.8337698746388326
0.8408346221808188,-0.971635688398365
0.5196441549126277,0.2727248631196788
0.5461885425619118,-0.49739780696387825
0.8408346221808188,-0.30087906482367055
0.7283490355034223,0.3174093381171432
0.6373814974246783,0.22822876276069148
0.6263953556970063,0.006374181918363364
0.7271890716275246,-0.5069158758772421
0.5348886585473309,-0.06281829147621054
0.6180221072451982,-0.2230367200977198
0.5390035450921078,-0.5811347295576466
0.5957413185254283,-0.6015343658623196
0.6299710831708518,0.3654253883399148
0.8181566097062686,-0.3034248647754102
0.8408346221808188,-0.7530212918494847
0.4973633661928578,-0.2604359700496648
0.6470083465251336,-0.4696944739420227
0.7271890716275246,0.17157683359434472
0.6180221072451982,-0.16968137075980294
0.7368159207279799,0.2437657391308633
0.7283490355034223,-0.0631560582408206
0.6470083465251336,-0.5963563927653721
0.6445664948944824,0.4178398303589278
0.7078296814480445,0.3964046737569209
0.5348886585473309,0.5931266273444369
0.8351938730605504,0.007464355130866296
0.7197786573736981,0.9836065247063753
0.5957413185254283,-0.33623158589639085
0.7230741850827477,-0.3409700316191358
0.6373814974246783,-0.5607519000976061
0.8408346221808188,0.29212192571770623
0.8351938730605504,-1.049366905063295
0.7230741850827477,-0.6816711434017928
0.7230741850827477,-0.11052840575004352
0.7230741850827477,0.7402679495231818
0.6445664948944824,-0.34940692374722365
0.7271890716275246,-0.4434726268937116
0.6445664948944824,0.44112234458049604
0.4973633661928578,-0.13714732933092455
0.4973633661928578,-0.2549624342424128
0.4973633661928578,0.5819870649329926
0.6855488927282746,0.8710493935198066
0.7078296814480445,-0.9114852383071413
0.6299710831708518,-0.11026687097743071
0.7162029298998526,-0.5363650381931967
0.617824977567282,0.3261328655179171
0.5280174033644358,-0.5246641318693267
0.7453862988577041,-1.0466185618872041
0.628811119294954,0.13507766284898215
0.7162029298998526,-0.47315424671659545
0.628811119294954,0.477058338967176
0.8408346221808188,-1.1738505188311539
0.628811119294954,-0.6249178080879647
0.8408346221808188,-0.30144177500713276
0.7078296814480445,-0.46904832051698486
0.628811119294954,0.4108966319608548
0.7078296814480445,-0.2749722586400587
0.609451729115474,1.321425852088779
0.6263953556970063,0.07380265920595863
0.6263953556970063,-0.30129214508521346
0.7271890716275246,-0.08830263662011306
0.8181566097062686,-0.5480105482673808
0.6263953556970063,0.22456238487777136
0.7368159207279799,-0.07962078922914761
0.5196441549126277,-0.25293786914780525
0.8351938730605504,-0.5401217742389615
0.5348886585473309,0.3734335689537387
0.6246962327501772,-0.4563915381085504
0.609451729115474,-0.2061653259975636
0.5348886585473309,-0.047523123267701695
0.7510270479779726,-0.7333996278667887
0.6299710831708518,-0.8052326206547584
0.5196441549126277,1.2160477112147694
0.8181566097062686,-0.41785393740259164
0.5957413185254283,-0.08582280606115245
0.6263953556970063,-0.3841097089487626
0.6246962327501772,-0.04566792159463595
0.6263953556970063,0.951793305291083
0.7453862988577041,-0.048420767489086525
0.6299710831708518,-0.4394594898066706
0.8408346221808188,-0.5481150841044906
0.4973633661928578,-0.5392083838258279
0.6180221072451982,0.48411771901276845
0.5196441549126277,0.3267266473172873
0.6526490956454021,-0.3779970970750536
0.7078296814480445,-0.034811333383717225
0.6526490956454021,0.1362831065061949
0.7453862988577041,-0.5059416945948567
0.7162029298998526,-0.3955286115713146
0.7078296814480445,-0.484267977571078
0.6526490956454021,-0.8200339622937243
0.7078296814480445,0.46982734015961336
0.7424566698482483,-0.3447870678854546
0.5390035450921078,-0.3392087057955586
0.8408346221808188,0.5605159235982492
0.7453862988577041,-0.3299330388293659
0.6373814974246783,-0.2586514746694519
0.8181566097062686,-0.6761719220692579
0.7230741850827477,-0.19192842088388906
0.8408346221808188,-0.6843006418228641
0.5280174033644358,0.24447251686739546
0.7230741850827477,-0.8139179143448141
0.7078296814480445,0.445958750256753
0.6855488927282746,0.782796404376379
0.8408346221808188,0.03610253650878559
0.7343740690973286,0.12246457575968828
0.7368159207279799,-0.46066277670961
0.7162029298998526,-0.4278285721383338
0.8408346221808188,-0.4155157116163886
0.7283490355034223,-0.10450847206374536
0.6445664948944824,-0.2300248369029692
0.609451729115474,0.557515569869405
0.628811119294954,-0.22960260960952178
0.7343740690973286,-0.12482607549028768
0.7197786573736981,-0.5918661209813442
0.7453862988577041,-0.2512553387144212
0.6246962327501772,0.02347669876680869
0.587170940395704,0.604059817763546
0.7453862988577041,1.5901338031926793
0.4973633661928578,-0.2936423368247004
0.6180221072451982,-0.31897221892913485
0.6373814974246783,0.5548701517660026
0.628811119294954,0.9467698818410687
0.5348886585473309,-0.415807177347705
0.5196441549126277,-0.2099442634535056
0.7453862988577041,-0.48837131625275243
0.6470083465251336,-0.37063520465858385
0.5196441549126277,-0.45204541478977095
0.5461885425619118,0.7576366736317682
0.5957413185254283,-0.1035368370900765
0.6445664948944824,-0.5738570841277897
0.7510270479779726,0.7801946310947849
0.5390035450921078,0.2236431585853328
0.8408346221808188,0.5602017150641098
0.7368159207279799,0.41824799688288894
0.7197786573736981,0.5957100115237398
0.7424566698482483,0.5128288571752885
0.6470083465251336,0.0023261740030778855
0.8181566097062686,-0.7192582388100367
0.6299710831708518,0.158160769690319
0.6332666108799014,-0.19358450532173066
0.7510270479779726,-0.3185228790878419
0.5348886585473309,-0.43377263800281973
0.7343740690973286,0.9918824852260455
0.7424566698482483,0.04347473021319137
0.7453862988577041,-0.30800749357695234
0.587170940395704,0.510900902256994
0.7162029298998526,-1.0728317320457015
0.6526490956454021,0.6755011365634664
0.7424566698482483,0.2474467258316595
0.6180221072451982,0.05977049277281776
0.7343740690973286,-0.1907828486077653
0.609451729115474,1.5499612600058283
0.5196441549126277,-0.5656520731223412
0.617824977567282,-0.008153160329353648
0.6299710831708518,-0.32376631987380927
0.8181566097062686,-1.1358192413265373
0.6373814974246783,0.5324691619311182
0.6299710831708518,0.2103552035940386
0.628811119294954,0.2326596013724389
0.6180221072451982,0.2581187791658508
0.7510270479779726,0.13347319892040033
0.7078296814480445,0.46795640350043155
0.7271890716275246,-0.9699964448698328
0.7343740690973286,1.240459673561871
0.6246962327501772,1.3822524222097416
0.7078296814480445,-0.46651062980204405
0.7230741850827477,-0.5370170309973734
0.587170940395704,-0.10163586341864916
0.7510270479779726,-0.35755800580706865
0.7271890716275246,-0.7491014027848012
0.6526490956454021,-0.21909960505159404
0.7078296814480445,0.31489002308050673
0.8351938730605504,-0.7604121493721624
0.4973633661928578,-0.15025546077333407
0.5390035450921078,-0.39018112097338803
0.5390035450921078,-0.08218286785253331
0.6470083465251336,-0.14444653418603848
0.5348886585473309,-0.5852067443670667
0.4973633661928578,0.3221685491113948
0.6855488927282746,-0.669599070118106
0.5196441549126277,-0.14868050252433257
0.6246962327501772,-0.6986167609484877
0.6855488927282746,-0.04462485980670616
0.7197786573736981,-0.20460474115677252
0.6299710831708518,0.03526251303107586
0.8181566097062686,-0.3750987795701593
0.6470083465251336,-0.29163669151488175
0.7162029298998526,0.04182727494395966
0.5390035450921078,-0.1131853076474546
0.587170940395704,-0.10627305711001428
0.5957413185254283,-0.10151781036147045
0.6332666108799014,-0.39953277511122975
0.5390035450921078,0.49840892720907415
0.6263953556970063,-0.26593012398102905
0.6445664948944824,-0.009071202854311289
0.4973633661928578,0.6885806925774145
0.7368159207279799,1.8608360448339452
0.6332666108799014,0.28986526690177683
0.5461885425619118,-0.18380269689725698
0.8408346221808188,1.5979501017713926
0.6332666108799014,-0.07795332257896559
0.8351938730605504,0.46396256669923486
0.7453862988577041,0.5025678687237872
0.7283490355034223,0.5142971014214743
0.7453862988577041,-0.06550350257855309
0.7368159207279799,1.457102965496783
0.7343740690973286,-0.12802759681447728
0.6263953556970063,0.9419126398133602
0.5280174033644358,-0.020530085547183052
0.6180221072451982,1.0400928010506378
0.6359961167647581,-0.2230995571019338
0.5957413185254283,0.16735347760178299
0.6299710831708518,-0.5262127803490866
0.6526490956454021,-0.11814202402024843
0.5196441549126277,-0.4896541835020257
0.609451729115474,1.0365575438807466
0.6180221072451982,0.9318634670208977
0.7343740690973286,-0.17673778193742828
0.6470083465251336,-0.6645838956065652
0.5348886585473309,-0.5833785178075236
0.617824977567282,-0.23351473061120243
0.628811119294954,-0.4019181259318805
0.5196441549126277,-0.5065354506397239
0.6263953556970063,1.005509474793547
0.6470083465251336,-0.0395813768783575
0.5957413185254283,0.6452723825718041
0.5348886585473309,1.6266771574580883
0.4973633661928578,-0.12693493653137855
0.6470083465251336,-0.1316893928841476
0.7510270479779726,0.12919972694186332
0.587170940395704,-0.28399853996717245
0.7343740690973286,-0.25728702408117754
0.6246962327501772,0.9100833468787975
0.6526490956454021,0.9029296016616344
0.7162029298998526,0.1379735186633414
0.5957413185254283,-0.23589810884426854
0.6180221072451982,1.2634821137863823
0.5348886585473309,-0.2816163703650241
0.6445664948944824,1.17715003059394
0.6470083465251336,-0.46184184044306165
0.7343740690973286,-0.3204627971318333
0.6373814974246783,0.7454987422029888
0.7197786573736981,-0.7971428637704828
0.7230741850827477,-0.5188579914318677
0.5390035450921078,-0.1641193700904739
0.5390035450921078,-0.0032950439152790167
0.8351938730605504,0.30019135977792266
0.7424566698482483,-0.7572554333585041
0.5461885425619118,-0.26059757995732363
0.6470083465251336,0.10916255223419602
0.628811119294954,-0.2954423362689379
0.6299710831708518,-0.3654078535885189
0.628811119294954,0.8191479343456195
0.7197786573736981,0.5961230405012051
0.8181566097062686,-0.5960412668193709
0.5957413185254283,0.43742273756431604
0.5390035450921078,-0.16309955989551644
0.7230741850827477,0.5767052121751371
0.7162029298998526,0.5668477290864994
0.6470083465251336,-0.09061574748670831
0.8181566097062686,-0.865534945993076
0.6332666108799014,-0.4166515236910958
0.7510270479779726,-0.1505572111689778
0.7453862988577041,-0.01067135397049157
0.7197786573736981,-0.09900729619017201
0.7453862988577041,-0.10688122422705337
0.6470083465251336,-0.20246253506871553
0.6526490956454021,-0.73448320691793
0.8408346221808188,2.9379403104835773
0.587170940395704,-0.2621292846565185
0.5461885425619118,-0.4958047916635085
0.4973633661928578,-0.6494600901628098
0.5196441549126277,0.2921122532278102
0.5390035450921078,0.9983467406116087
0.5280174033644358,-0.5236700667407245
0.6470083465251336,-0.2434737673541279
0.5461885425619118,-0.655097345944818
0.8408346221808188,0.4167067401404706
0.6855488927282746,0.43015208238973923
0.4973633661928578,-0.21579084409605404
0.6299710831708518,0.6292767842703693
0.5957413185254283,0.8127771230599956
0.7343740690973286,-0.8062656377486452
0.5196441549126277,-0.799581892289618
0.6180221072451982,-0.7771156160822309
0.5390035450921078,0.8607661396569417
0.7078296814480445,0.10545398543928475
0.7283490355034223,-0.24378092263067558
0.5461885425619118,0.9869459124806311
0.5196441549126277,-0.6412022571585918
0.7230741850827477,0.36298014816527935
0.5280174033644358,-0.4346821724784476
0.7162029298998526,-0.1935116226176039
0.5348886585473309,0.2943631759563923
0.6332666108799014,-0.3244944314624101
0.6470083465251336,-0.5266196419093984
0.7230741850827477,-0.642908654183148
0.7078296814480445,-0.4769386197583152
0.6526490956454021,-0.6315745324963663
0.8351938730605504,2.1307938087459584
0.5390035450921078,0.6762099552279859
0.617824977567282,0.17967532638864048
0.8181566097062686,-0.4315553776532434
0.6470083465251336,0.02370230707572607
0.7343740690973286,0.2855242148777508
0.7368159207279799,0.14608690684365766
0.6299710831708518,1.1229739756852963
0.7078296814480445,-0.15769786741312009
0.587170940395704,0.7860096599987131
0.8351938730605504,-0.7098938276912341
0.617824977567282,-0.6379572792008138
0.4973633661928578,-0.5195575449622685
0.5461885425619118,-0.7785628161931755
0.7162029298998526,0.11727394488149356
0.8408346221808188,-0.3652619663092477
0.7283490355034223,0.3585353493701595
0.7368159207279799,-0.1338150258527927
0.7368159207279799,0.18274808813084886
0.5196441549126277,0.42352185945452325
0.6359961167647581,0.6414575409741414
0.5461885425619118,-0.3603391326338331
0.6855488927282746,0.3450597136216712
0.6470083465251336,1.5673653515672759
0.7453862988577041,-0.6879189383100681
0.6855488927282746,0.1868446627613538
0.7162029298998526,-0.7589103465456368
0.6299710831708518,-0.43641866261358886
0.7162029298998526,-0.5384764978473267
0.6263953556970063,-0.04958993118546484
0.6263953556970063,-0.14703464083904794
0.587170940395704,0.23673784421234878
0.6526490956454021,-0.3363770882108052
0.7424566698482483,-1.0469176576620947
0.7197786573736981,0.01256322638544316
0.6855488927282746,-0.3135209614037994
0.4973633661928578,-0.6124545157719405
0.6299710831708518,-0.14593179129458228
0.6855488927282746,0.15371827925257353
0.7424566698482483,0.03689816063717377
0.7078296814480445,-0.8799157599376253
0.7453862988577041,-0.5712242740442803
0.5390035450921078,-0.4848244037963021
0.8181566097062686,-0.05385717081496
0.7162029298998526,-0.38095715935943547
0.7197786573736981,2.3095461554490657
0.6263953556970063,0.2629427967844913
0.609451729115474,1.3029975691747233
0.5390035450921078,0.05758835084210723
0.5461885425619118,0.003539551418574316
0.5348886585473309,0.034580425830646355
0.6246962327501772,-0.28323083984961556
0.6180221072451982,0.4591839610474352
0.6445664948944824,1.2607541326158334
0.6373814974246783,-0.4405074273048501
0.6263953556970063,-0.5683849715608503
0.6470083465251336,0.2865758673678859
0.5957413185254283,-0.1991935183561544
0.628811119294954,0.865733966804438
0.4973633661928578,0.2314525053844736
0.6470083465251336,-0.19534672057454228
0.6332666108799014,0.348621880926536
0.7230741850827477,0.37522352077724863
0.6263953556970063,-0.08883226513939202
0.4973633661928578,-0.3647351563150923
0.7424566698482483,0.6738296278440213
0.5348886585473309,0.3574401457124363
0.8181566097062686,-0.9337805029905636
0.5196441549126277,0.2818070997844807
0.6445664948944824,1.0685306648609223
0.6373814974246783,0.4221863478869108
0.617824977567282,-0.19161592063920468
0.6445664948944824,0.6171404141957001
0.5348886585473309,-0.5922526582215696
0.7230741850827477,-0.360232762972594
0.5280174033644358,-0.5527863363297958
0.7510270479779726,-0.20924936001579908
0.6299710831708518,0.761084002694216
0.5280174033644358,-0.42680088220555923
0.628811119294954,1.3534072777784139
0.7230741850827477,-0.00374647503978498
0.6855488927282746,-0.8410441927964242
0.6263953556970063,-0.2571327893407864
0.8408346221808188,-0.75648391496021
0.6855488927282746,-0.655947858368888
0.8408346221808188,1.2288637965517948
0.7162029298998526,-0.4939946157836049
0.628811119294954,-0.1474960809120227
0.6359961167647581,0.1427450576041952
0.7162029298998526,-0.35021828601390304
0.5461885425619118,0.32074104816347204
0.7424566698482483,-0.6326063485125343
0.5461885425619118,-0.15359275675344597
0.5390035450921078,-0.5684661359594029
0.6332666108799014,-0.5467284291641288
0.5390035450921078,-0.159270279385947
0.7343740690973286,0.2102384672421067
0.7283490355034223,-0.21482571377686788
0.628811119294954,0.28423928839459245
0.609451729115474,-0.5193017493613377
0.6332666108799014,-0.12129927911996219
0.7162029298998526,0.3833822520206872
0.6359961167647581,0.07903612915300084
0.6470083465251336,-0.30871519734357367
0.587170940395704,0.15053680550802406
0.5280174033644358,-0.6310194800952683
0.4973633661928578,-0.23279952257314507
0.6263953556970063,-0.5460032628657389
0.609451729115474,0.1579145424244034
0.5280174033644358,-0.4717042744551676
0.5280174033644358,-0.20578333581004882
0.7343740690973286,0.16480500995687153
0.7162029298998526,-0.07694683610570685
0.6299710831708518,0.00826442246669512
0.5196441549126277,-0.06500717771641279
0.6263953556970063,0.24729204602344534
0.609451729115474,-0.6046260912402275
0.7283490355034223,0.11688564084524844
0.7078296814480445,-0.018260444105098972
0.6855488927282746,0.42535787481440945
0.5196441549126277,-0.29441605776428054
0.5196441549126277,-0.37592111154585645
0.5957413185254283,-0.014170487509957308
0.587170940395704,-0.4190786410021292
0.7453862988577041,0.026955445187777927
0.5280174033644358,-0.5533822893798487
0.6373814974246783,-0.4568165659423973
0.4973633661928578,1.2032252145321072
0.609451729115474,-0.32987219374909627
0.587170940395704,-0.19568941510375465
0.4973633661928578,-0.1303877666358541
0.7453862988577041,0.41421227171005104
0.4973633661928578,-0.21048571720275894
0.8351938730605504,0.42808028736346304
0.6526490956454021,0.13955872295224658
0.6246962327501772,0.11460272973907681
0.7343740690973286,-0.5667999735101257
0.7510270479779726,-0.20385643815139287
0.6299710831708518,-0.576393255318493
0.5280174033644358,1.8691368040037788
0.6445664948944824,-0.6944571944324678
0.7343740690973286,1.9215496836214907
0.628811119294954,0.5903637459296242
0.8181566097062686,0.8038965745150687
0.6263953556970063,-0.5688414200941408
0.5957413185254283,0.03177949607512287
0.5390035450921078,-0.13100637870436704
0.6359961167647581,-0.29643579604086023
0.7424566698482483,0.4403933917997941
0.6263953556970063,0.5876925678830378
0.6373814974246783,-0.013698495826453772
0.7230741850827477,-0.6234519519249513
0.6445664948944824,-0.43831212628213306
0.6299710831708518,-0.2694976925061375
0.6470083465251336,-0.7295664902565323
0.628811119294954,-0.7642292048919107
0.5957413185254283,0.2639356323305374
0.7283490355034223,0.19088500059796776
0.6299710831708518,-0.30523364504741146
0.7510270479779726,0.6991604698153637
0.6332666108799014,0.22664896738452656
0.7078296814480445,-0.22656587412859525
0.6246962327501772,0.6842045607074846
0.617824977567282,1.0503535430435473
0.6470083465251336,-0.364623077399787
0.5196441549126277,0.021651001870546027
0.6332666108799014,-0.9450267814324271
0.5280174033644358,-0.37985527632480753
0.6445664948944824,-0.39997132367996313
0.6180221072451982,-0.6169860441524745
0.5280174033644358,0.48669498990517157
0.4973633661928578,1.2032252145321072
0.6299710831708518,0.3060010921893519
0.7424566698482483,1.1734547695061472
0.6359961167647581,0.09452584347705428
0.617824977567282,0.5286314723999436
0.6359961167647581,-0.6527712356020264
0.7368159207279799,-0.0641455156481151
0.7197786573736981,0.5743439165317706
0.7343740690973286,-0.47101937217890166
0.609451729115474,1.1711030513870062
0.7230741850827477,-0.22882328629183146
0.6373814974246783,0.810267266214139
0.5957413185254283,0.09541007177983996
0.617824977567282,0.838519212927841
0.5348886585473309,0.6489323249216752
0.7453862988577041,0.1005399069556826
0.7162029298998526,0.27037678248223873
0.7271890716275246,-0.5124788208022146
0.5461885425619118,0.1237791063802155
0.7283490355034223,-0.48513167797928713
0.8408346221808188,-0.5266260344006697
0.7343740690973286,0.07251970050738954
0.7283490355034223,-0.1261185203804066
0.6299710831708518,0.19506810946241926
0.5957413185254283,0.8065862707014035
0.7453862988577041,-0.24062562979178537
0.6332666108799014,0.40452532015078235
0.6332666108799014,-0.2999816625558588
0.5390035450921078,-0.3753921026039876
0.7162029298998526,0.5206635563588936
0.7271890716275246,-0.30592272981630075
0.8181566097062686,-0.591169414653488
0.6299710831708518,-0.3093831220519411
0.6359961167647581,0.9249152387524926
0.6359961167647581,-0.016276555235825496
0.5196441549126277,-0.5920699120146967
0.6526490956454021,-0.7841812309743434
0.7162029298998526,0.6806777231739497
0.7283490355034223,-0.3256101735716834
0.6855488927282746,1.3698355459446172
0.6526490956454021,-0.2800432549933979
0.6180221072451982,-0.4248115513795101
0.6470083465251336,0.11556181301312007
0.8408346221808188,0.43567980535820106
0.6373814974246783,-0.17412149289415918
0.628811119294954,-0.38205315595161116
0.7368159207279799,0.4765142069785364
0.7453862988577041,0.5703523541116512
0.6470083465251336,0.06149812390561238
0.7197786573736981,0.5003888322624407
0.7162029298998526,0.5580259037852956
0.7343740690973286,0.4692678304846247
0.4973633661928578,-0.5558887492238925
0.6180221072451982,-0.6423820151865891
0.7283490355034223,-0.2190028255181964
0.6526490956454021,-0.6716880925841965
0.8351938730605504,-0.7543430919684421
0.5280174033644358,-0.46668648984309663
0.5196441549126277,-0.3447048634381896
0.5390035450921078,0.7587206065006886
0.8351938730605504,0.009527299082451979
0.617824977567282,0.08677531499478874
0.5957413185254283,0.6098339611622445
0.6263953556970063,-0.025946089873739253
0.6470083465251336,-0.16115492893289718
0.6263953556970063,-0.38010426772397987
0.609451729115474,0.825170236828692
0.5390035450921078,-0.5100596891729183
0.6526490956454021,-0.34674292056050054
0.7230741850827477,0.20124165926588256
0.5280174033644358,-0.04056231551734468
0.5280174033644358,0.7180453401003977
0.8181566097062686,-0.7773102954828198
0.609451729115474,0.1927431560605639
0.7283490355034223,-0.4395352786443589
0.6855488927282746,-0.31011243188823884
0.8351938730605504,0.20030632552090122
0.6445664948944824,0.3450303849148696
0.609451729115474,0.8437811380592937
0.5348886585473309,-0.27978569361334754
0.7283490355034223,0.5071014763598893
0.8181566097062686,-0.391314362857548
0.5196441549126277,-0.17680331241059077
0.5196441549126277,-0.4610492621959467
0.6180221072451982,0.8843251270009872
0.6470083465251336,-0.1202645124033418
0.7197786573736981,-0.323106023349791
0.6373814974246783,0.1530884272814882
0.4973633661928578,0.5215038455052339
0.5280174033644358,-0.45952508379677187
0.6299710831708518,-0.41760354507445874
0.8181566097062686,-0.1312015608865318
0.7343740690973286,0.24159435169043142
0.7343740690973286,-0.16163595670536346
0.7271890716275246,-0.9286505129679301
0.5196441549126277,-0.02360832292948689
0.6180221072451982,-0.22987577373513884
0.7230741850827477,-0.31255540165743073
0.6263953556970063,-0.5233602717609118
0.8408346221808188,0.3216383642054027
0.6470083465251336,0.19813244620638382
0.6445664948944824,0.7449949734189428
0.6180221072451982,-0.015883591285002274
0.8351938730605504,-0.7691738561330922
0.6299710831708518,-0.669645611249535
0.6855488927282746,-0.3169779476487564
0.628811119294954,-0.6260327824521916
0.6332666108799014,1.1523155681164767
0.6332666108799014,-0.20415548644480708
0.7424566698482483,-0.15448668841729096
0.5348886585473309,2.1131243843994088
0.6263953556970063,-0.14149363123674352
0.6299710831708518,-0.22176606536459487
0.7283490355034223,0.6457347794074106
0.6180221072451982,0.2885120638006803
0.7162029298998526,-0.06724951564859794
0.6526490956454021,-0.8993864291069669
0.6470083465251336,-0.3577458735553672
0.7453862988577041,0.48193384284978713
0.5957413185254283,-0.24645320012865313
0.6470083465251336,-0.24249195497208564
0.8351938730605504,1.8014460154686867
0.5461885425619118,0.3152929105634972
0.5280174033644358,-0.4202864095076474
0.8351938730605504,0.3547418710924528
0.6180221072451982,0.7176188073719473
0.7197786573736981,0.12437689971716515
0.5280174033644358,0.6238835193429646
0.6359961167647581,-0.05357481974736422
0.8408346221808188,0.5647879154533114
0.5390035450921078,-0.4036547175022959
0.5280174033644358,-0.49918838190077763
0.7368159207279799,0.4466021143156007
0.7197786573736981,0.45111829222669486
0.6373814974246783,0.6782054070767569
0.5280174033644358,0.9206465268537067
0.609451729115474,0.031411613999562715
0.6470083465251336,0.7032944700600626
0.628811119294954,1.0029137828299928
0.6263953556970063,0.12842103032442742
0.617824977567282,0.20633897410631596
0.8351938730605504,-0.38480071582389364
0.609451729115474,0.013457036730461946
0.6180221072451982,-0.11167835207535914
0.5280174033644358,-0.4522816496355416
0.7230741850827477,0.7477361713204301
0.7283490355034223,0.14034396497778767
0.6359961167647581,1.3494393144392287
0.7343740690973286,-0.12439585702266387
0.6359961167647581,-0.34042936029304727
0.6332666108799014,0.7352587626997023
0.7230741850827477,-0.21760164350612443
0.5390035450921078,-0.697741982604316
0.7197786573736981,1.123571685286961
0.6180221072451982,0.5528060623175809
0.5390035450921078,-0.628518708466797
0.5196441549126277,-0.29838541874670466
0.7078296814480445,1.2481085040692037
0.6359961167647581,0.08123822484360732
0.7283490355034223,0.3277557765092196
0.6470083465251336,-0.6312405147465567
0.8181566097062686,1.7471348738384997
0.6246962327501772,-0.08869778001134576
0.7197786573736981,1.4527216907612455
0.6470083465251336,-0.6137551149528394
0.5348886585473309,-0.5026387233970085
0.5348886585473309,-0.3661136939091132
0.5348886585473309,-0.09110516734381735
0.5348886585473309,-0.3108995448299472
0.7162029298998526,0.6426652226312634
0.7271890716275246,-0.835402096297743
0.7453862988577041,-0.5666906410289594
0.8408346221808188,0.13413968654853503
0.7283490355034223,-0.4762325622820882
0.8408346221808188,-0.5260788473520283
0.5348886585473309,0.27684319182995054
0.7453862988577041,1.0052721091359405
0.5348886585473309,0.5137220975512722
0.6263953556970063,0.4705826983352952
0.5280174033644358,-0.3344110105245502
0.5348886585473309,0.1471380683371155
0.6470083465251336,-0.7905093856176697
0.8181566097062686,0.2733840001548783
0.7078296814480445,-0.5583115725806789
0.617824977567282,1.5237220301130794
0.6180221072451982,0.09239508446910105
0.7453862988577041,-0.1653410773090943
0.7283490355034223,-0.12522684101677029
0.8351938730605504,0.35137556740124065
0.6526490956454021,-0.49647346740949605
0.617824977567282,-0.30473228209430586
0.7453862988577041,1.2735240814820874
0.6180221072451982,-0.2112858074447504
0.5461885425619118,-0.06388733937874652
0.6299710831708518,-0.2641194640158165
0.4973633661928578,0.13317761176307752
0.7343740690973286,-0.45010794937564746
0.6263953556970063,-0.35915132438805386
0.7197786573736981,-0.02564141708366674
0.6263953556970063,0.22668282355617364
0.5348886585473309,1.3060281296634269
0.6180221072451982,-0.5607093164362102
0.5390035450921078,-0.523079409806343
0.7368159207279799,-0.31775314798672244
0.6263953556970063,0.8552691834272537
0.6180221072451982,-0.17324327748851837
0.8408346221808188,0.3405720617256488
0.6373814974246783,0.17071323594041676
0.617824977567282,-0.1741877828427595
0.4973633661928578,-0.12921176178585925
0.7230741850827477,-0.7053894852867986
0.7078296814480445,-0.2466889620124854
0.7510270479779726,-0.49376400340612703
0.6470083465251336,0.29507047573429324
0.7197786573736981,0.32322648421113487
0.7271890716275246,-0.2528019389916674
0.5348886585473309,-0.1351887372384583
0.609451729115474,0.1965670680257432
0.587170940395704,-0.18049929378535978
0.6526490956454021,1.0638077984297098
0.6526490956454021,0.6032737038893372
0.7197786573736981,-0.15310548860255724
0.7283490355034223,-0.19928653899796922
0.6526490956454021,-0.914249601806882
0.7230741850827477,-0.557729421982108
0.7271890716275246,-0.15543581314980293
0.8408346221808188,0.7313152315196568
0.7078296814480445,-0.636515572782614
0.7162029298998526,0.011246058879135656
0.7510270479779726,-0.4394504373997828
0.6299710831708518,-0.7417126925482295
0.587170940395704,-0.19375925041150766
0.6526490956454021,-0.7691497663767773
0.617824977567282,0.17775576931293557
0.5390035450921078,1.1591264777646102
0.7343740690973286,-0.10028737487784378
0.5196441549126277,0.08142567461632
0.6526490956454021,-0.45264439463518846
0.609451729115474,0.573826195775659
0.8351938730605504,0.3643741745671727
0.7271890716275246,0.2243281378209886
0.6299710831708518,0.4248894720895451
0.7230741850827477,-0.2500364758168275
0.8351938730605504,-0.2720856764033004
0.628811119294954,-0.06965806697353327
0.6263953556970063,0.7687757651552878
0.6263953556970063,0.10022204519525935
0.6263953556970063,-0.06461744968133465
0.6263953556970063,1.4357320959578999
0.6180221072451982,-0.28751218135353035
0.6263953556970063,-0.49751237523696257
0.8181566097062686,-0.7119249236123344
0.6299710831708518,0.21221134423930343
0.6526490956454021,0.006620774326288825
0.7510270479779726,-0.7477669678236004
0.5461885425619118,-0.586909396390269
0.5196441549126277,-0.5416524709283221
0.6263953556970063,-0.0994673538828984
0.4973633661928578,-0.4200582176069803
0.6359961167647581,1.5167791080976822
0.5196441549126277,-0.3310809511236329
0.5348886585473309,1.8586401679113753
0.6526490956454021,-0.46798944100051376
0.5280174033644358,-0.04677658598273421
0.7510270479779726,-0.4975600936259159
0.8351938730605504,-0.0890137796376772
0.4973633661928578,-0.5402173195506276
0.7510270479779726,-0.33050394923275417
0.6299710831708518,0.8382039340217498
0.6373814974246783,0.10176906306344147
0.7283490355034223,-0.3658540608554218
0.609451729115474,-0.04724079719540619
0.5957413185254283,-0.2167352505584521
0.7271890716275246,1.5784017496354306
0.6359961167647581,0.35563886846638615
0.7510270479779726,0.23074047721846647
0.587170940395704,-0.282298989159713
0.5390035450921078,-0.8973156856362761
0.6180221072451982,-0.17529107996720195
0.6180221072451982,0.9263194965167535
0.6246962327501772,0.6738481604996355
0.7197786573736981,0.9842432621738918
0.8408346221808188,0.13881588638455045
0.6359961167647581,0.45054112777769784
0.6359961167647581,0.821938023023773
0.7510270479779726,0.6799872288860727
0.6855488927282746,0.16248098538311573
0.4973633661928578,-0.6451041500316246
0.5196441549126277,-0.4376201190644071
0.6373814974246783,0.19505486160037655
0.7230741850827477,0.5867707340061955
0.8408346221808188,-0.4974527408030309
0.6299710831708518,-1.0954540659588543
0.5390035450921078,-0.7398116499897628
0.5348886585473309,-0.04205744748333323
0.5957413185254283,0.5931832874761207
0.587170940395704,-0.6181525523662
0.5390035450921078,-0.6878013935969293
0.7510270479779726,0.039354369277941004
0.8181566097062686,1.0781269154445972
0.6299710831708518,0.2020903327370871
0.6855488927282746,-0.42674048127359887
0.6359961167647581,-0.21423911193304113
0.4973633661928578,-0.27149632689687675
0.5280174033644358,-0.3871941113815435
0.7230741850827477,0.12271983081124471
0.7343740690973286,1.0756903705536736
0.4973633661928578,0.08474085080671323
0.609451729115474,-0.39248835582119657
0.7271890716275246,-0.3059767377945586
0.7230741850827477,-0.6876171804291535
0.6359961167647581,-0.8260070411168333
0.5348886585473309,0.24450002355955724
0.5348886585473309,-0.089948638796425
0.7230741850827477,-0.4252218307218762
0.7343740690973286,-0.35269065026231244
0.6332666108799014,0.4170990008964708
0.8181566097062686,0.6949957073663405
0.5461885425619118,-0.26463503646779607
0.609451729115474,-0.24329164171369244
0.6526490956454021,-0.13827888136959487
0.8408346221808188,-0.5791749135471025
0.4973633661928578,-0.4880424412933358
0.6246962327501772,0.518121472214993
0.609451729115474,0.6054098566703263
0.5390035450921078,-0.29522367488373646
0.6359961167647581,-0.883404697099325
0.5348886585473309,0.342930688956691
0.6299710831708518,-0.5098944132391199
0.8408346221808188,-0.4694809498256595
0.5390035450921078,-1.0092019132980978
0.4973633661928578,-0.09016788937628789
0.5461885425619118,0.5602049604498006
0.5957413185254283,0.013045894225670263
0.5348886585473309,-0.5201197576467276
0.7283490355034223,0.8226804562752961
0.8408346221808188,-0.7200656488718795
0.6470083465251336,0.0518314005776811
0.7283490355034223,-0.06761110684036986
0.6263953556970063,-0.38906191870632845
0.8351938730605504,-0.3968948785940396
0.6373814974246783,0.09411611385875573
0.6263953556970063,0.2952323889562124
0.6299710831708518,-0.6331637743891526
0.6526490956454021,-0.029011223473154768
0.6526490956454021,-0.5706678066967819
0.7453862988577041,-0.07248463264251503
0.5390035450921078,2.521467393631636
0.5196441549126277,-0.4435743441376518
0.587170940395704,0.5008745491066625
0.6445664948944824,-0.9748510348576142
0.8181566097062686,0.04958148978560539
0.7271890716275246,1.699581742681926
0.5348886585473309,-0.5358624325301722
0.4973633661928578,-0.4008579010161334
0.6246962327501772,-0.741426023264015
0.7271890716275246,-0.07784791672146407
0.7197786573736981,0.13816126062310308
0.5348886585473309,-0.14805314201015873
0.6246962327501772,0.10871664361803335
0.8351938730605504,0.037033115493508406
0.7424566698482483,0.17739762497498002
0.609451729115474,0.35291741726452286
0.7343740690973286,-0.49929103788435725
0.5957413185254283,0.026986509322135088
0.5461885425619118,-0.4560483404241031
0.5957413185254283,0.08083268245412578
0.7078296814480445,-0.30890967922919244
0.4973633661928578,-0.5311320646088332
0.6359961167647581,0.23536398335612108
0.6855488927282746,-0.2257094947107804
0.5196441549126277,-0.5864828126560894
0.8408346221808188,1.6368118528707303
0.6180221072451982,-0.2038735430378134
0.6470083465251336,-0.5905214970190293
0.8181566097062686,-0.1293763000565531
0.6246962327501772,-0.11284961038469687
0.5390035450921078,0.049167768058224315
0.6445664948944824,-0.8058785059435212
0.7230741850827477,-0.7436474712494759
0.8181566097062686,0.18330713042763624
0.6263953556970063,0.8264552006248391
0.5348886585473309,-0.651673068008791
0.4973633661928578,-0.8680682713355976
0.8181566097062686,-0.3685908557244804
0.6855488927282746,-0.48136082685565473
0.6180221072451982,-0.21023496380908385
0.7510270479779726,-0.11374951207646289
0.7510270479779726,-0.3365870681205659
0.7283490355034223,0.17292640905604217
0.5280174033644358,-0.3010282159941959
0.6445664948944824,0.39248066106487156
0.6263953556970063,0.08187459712897238
0.6855488927282746,-0.34201330329495333
0.5280174033644358,-0.9111954728702424
0.8181566097062686,0.34127165501792145
0.6855488927282746,-0.32900998801887865
0.4973633661928578,0.1723411702401374
0.5348886585473309,-0.2545335125836919
0.587170940395704,-0.3704066533927385
0.5957413185254283,-0.36220199102753137
0.6246962327501772,-0.17114133265962778
0.8181566097062686,-0.6243549521613336
0.7368159207279799,0.7152091334235688
0.6246962327501772,-0.3449868831579757
0.4973633661928578,-0.6292073832494501
0.6445664948944824,0.5436516438771687
0.6180221072451982,0.5627245462132059
0.7510270479779726,-0.131394607871001
0.7078296814480445,-0.6355903255000018
0.609451729115474,-0.3065691470072951
0.5196441549126277,0.4304921777344385
0.6263953556970063,-0.46426519676166134
0.7230741850827477,0.6448536899962837
0.617824977567282,-0.01890040343117383
0.5390035450921078,0.4088476736166766
0.8181566097062686,-0.776737833309023
0.7162029298998526,-1.0774005141479324
0.5348886585473309,-0.12673928962912795
0.7368159207279799,0.5282023862426466
0.587170940395704,0.9816118177670549
0.8408346221808188,-0.40606207028269814
0.5280174033644358,-0.7284995499362279
0.8181566097062686,-0.06812303288908472
0.6526490956454021,-0.033307886688005994
0.617824977567282,-0.48132521987821386
0.6526490956454021,0.7428016921599365
0.7162029298998526,-0.36253285609363883
0.6180221072451982,-0.29158635378109937
0.5196441549126277,-0.8081418932622768
0.5348886585473309,-0.1631354649177031
0.4973633661928578,0.13153895677213678
0.7453862988577041,-0.0660884794843295
0.8408346221808188,-0.5865405264097981
0.7510270479779726,-0.47208851409412617
0.5348886585473309,0.030637116672634135
0.7230741850827477,0.23810516696952944
0.6332666108799014,0.1782301115027477
0.7283490355034223,-0.4172406152668782
0.8181566097062686,-0.21638633940273755
0.4973633661928578,-0.8313828931294527
0.5461885425619118,-0.1971014940117966
0.6855488927282746,0.3762560057045211
0.8408346221808188,-0.4809831786631032
0.5348886585473309,-0.3057653416869721
0.6332666108799014,-0.20084413959294178
0.6299710831708518,-0.4251494782889259
0.7424566698482483,0.08001029696843764
0.7453862988577041,0.7084729446576331
0.6299710831708518,-0.23588574642546373
0.7197786573736981,0.07229379702016925
0.7368159207279799,0.8558069479346835
0.4973633661928578,-0.08250636695947261
0.609451729115474,-0.070369957048254
0.5196441549126277,-0.5205102298034312
0.628811119294954,-0.4253517158972847
0.7230741850827477,0.43593443267814946
0.4973633661928578,0.12121214240955513
0.6332666108799014,0.20086241984061648
0.7510270479779726,1.0249287484689238
0.6299710831708518,-0.14820255751734007
0.7162029298998526,-0.15479195426728487
0.6526490956454021,-0.23583219693638507
0.5461885425619118,0.28227292157780703
0.6470083465251336,0.06795639077788307
0.6359961167647581,0.31989913921311686
0.5280174033644358,0.17884622515131854
0.5348886585473309,0.18406246806250448
0.7283490355034223,-0.485781438337623
0.7283490355034223,1.3232248860798517
0.6526490956454021,-0.0113302999633762
0.7271890716275246,0.0007550129933319161
0.7368159207279799,-0.5863405293249754
0.4973633661928578,-0.12921176178585925
0.8181566097062686,0.22822025671118806
0.6526490956454021,0.7174406266477913
0.4973633661928578,1.2368238388658679
0.7078296814480445,-0.1915589492303853
0.7453862988577041,-0.3337935365583712
0.7197786573736981,0.20919356343309903
0.5280174033644358,-0.4564116018899035
0.4973633661928578,-0.5318726197222201
0.8181566097062686,-0.4475769164320675
0.6299710831708518,0.8423085703609816
0.6470083465251336,-0.6284402064020402
0.6373814974246783,0.9381770148166197
0.7271890716275246,1.2290456522483395
0.5957413185254283,0.11908413117492411
0.7230741850827477,-0.37815911824152515
0.617824977567282,1.0979090387235724
0.6332666108799014,-0.7814856841812174
0.7283490355034223,-0.5641172837235976
0.7453862988577041,-0.5174023213344581
0.6373814974246783,-0.2791455325153876
0.8181566097062686,-0.5268134721362079
0.6263953556970063,-0.09580210523309063
0.7078296814480445,-0.4540460486162396
0.7453862988577041,-0.1648861160050431
0.7230741850827477,-0.22827429008298544
0.6263953556970063,-0.4282400666723966
0.7283490355034223,1.2877415595917532
0.6332666108799014,-0.037789482434229194
0.4973633661928578,-0.43877847026403843
0.6180221072451982,0.9538467433107888
0.6470083465251336,-0.5677893010637087
0.6526490956454021,0.021947328693831425
0.7230741850827477,0.36074627523528247
0.5461885425619118,-0.7186581099966619
0.5348886585473309,0.7260433097696415
0.7230741850827477,-0.4943676558537933
0.7510270479779726,0.32989949920932227
0.7453862988577041,-0.04702811917041094
0.628811119294954,-0.18145962333683802
0.6299710831708518,-0.4742047663339637
0.8408346221808188,1.0037017045768253
0.6470083465251336,0.06386337222593541
0.5280174033644358,-0.7229925603536803
0.5196441549126277,0.21351486807261244
0.5957413185254283,0.42690984092781203
0.628811119294954,0.5499522096411235
0.6246962327501772,-0.5578391203754373
0.5348886585473309,0.003010215012500983
0.6263953556970063,-0.099686658404053
0.4973633661928578,1.3238208995351022
0.5957413185254283,0.14859158312191645
0.6299710831708518,-0.36185286606173095
0.6855488927282746,0.7234425057705259
0.5348886585473309,-0.47655579020463673
0.6263953556970063,-0.11278934081337
0.7283490355034223,-0.3451803897121566
0.5196441549126277,-0.004338700588473299
0.7453862988577041,-0.4714310851138476
0.6299710831708518,-0.8325461240893363
0.7230741850827477,-0.3256309664657851
0.6246962327501772,-0.24649640035373388
0.5957413185254283,0.11903045599163031
0.8408346221808188,-0.37112728684058627
0.7343740690973286,0.44065494592774135
0.6180221072451982,0.46797578676738405
0.8408346221808188,-0.46860632120935125
0.5280174033644358,-0.39359324687059816
0.8351938730605504,-0.13878681169319018
0.7162029298998526,1.0947284448854417
0.6855488927282746,0.3903913156884019
0.7343740690973286,-0.7405353106254863
0.5348886585473309,0.28443512183200204
0.7453862988577041,0.6552173690650965
0.7368159207279799,1.4343420441243697
0.6180221072451982,-0.4547295420789037
0.5461885425619118,-0.21996399172643816
0.6359961167647581,0.8735465404535141
0.6263953556970063,-0.12561818899864896
0.7343740690973286,0.4222226847256729
0.5461885425619118,0.36666223946163257
0.6526490956454021,-0.2757355998230688
0.7453862988577041,0.18464373505954745
0.6445664948944824,-0.41179733870858615
0.5390035450921078,-0.08214246453465834
0.5348886585473309,0.3866244131500657
0.7343740690973286,-0.4003663669230331
0.6180221072451982,-0.1778298283783512
0.6373814974246783,-0.1523481942052216
0.8351938730605504,0.23027705767003082
0.628811119294954,-0.1667067950789946
0.587170940395704,-0.33114572530634934
0.5957413185254283,-0.24010026885551378
0.6180221072451982,0.7115371798256146
0.8408346221808188,-0.6581953658548181
0.5461885425619118,-0.35230211738932543
0.7510270479779726,-0.3198988714897497
0.7510270479779726,0.28543866545669383
0.4973633661928578,0.3105190100751236
0.7510270479779726,0.9231218832172323
0.7343740690973286,-0.5560402862510843
0.5196441549126277,1.0052469700252429
0.7368159207279799,-0.48811675372120245
0.6470083465251336,-0.3889423062023619
0.7510270479779726,1.45337606854823
0.7453862988577041,-0.25138481052900974
0.6470083465251336,-0.08736153049622242
0.5196441549126277,0.20973866289165766
0.7197786573736981,0.2341802754377218
0.5461885425619118,0.22501782595086184
0.6445664948944824,0.05167294968445035
0.609451729115474,-0.6481894389330769
0.7368159207279799,-0.2159641868150286
0.8351938730605504,0.07101250219314836
0.5196441549126277,-0.42577483082395556
0.6263953556970063,1.1347103166683155
0.609451729115474,-0.31011817457915886
0.7230741850827477,-0.47545049252832594
0.7078296814480445,-0.667139471611499
0.7078296814480445,0.25179061835428507
0.7271890716275246,-0.15877881152803175
0.7453862988577041,0.5737903779412018
0.6373814974246783,-0.1316776475797854
0.7510270479779726,-0.5695903825845603
0.8181566097062686,-0.6862491724820738
0.609451729115474,-0.32605731052490716
0.6180221072451982,-0.30883092318859656
0.7162029298998526,0.1966511835600807
0.6359961167647581,-0.20721495284488145
0.6263953556970063,-0.2545696267379288
0.628811119294954,0.10902740817400114
0.8181566097062686,0.47664493868212465
0.587170940395704,-0.24528758460395578
0.5461885425619118,-0.06076571500934591
0.7271890716275246,-0.40493413787748594
0.7230741850827477,0.36195422572144775
0.5390035450921078,0.01657880517329524
0.7510270479779726,0.16600564856630418
0.7078296814480445,-0.6375240720268189
0.7510270479779726,-0.5127687816505745
0.8408346221808188,0.825650622368253
0.8408346221808188,0.9264223647148083
0.6332666108799014,-0.4476110348036192
0.617824977567282,-0.11260636373942923
0.6180221072451982,-0.13566602218113716
0.6246962327501772,0.466187769489372
0.7271890716275246,-0.37729685845828553
0.6299710831708518,-0.5792797749408389
0.7078296814480445,-0.49319204306082975
0.5348886585473309,0.3957936953615041
0.5957413185254283,-0.15256811505231305
0.7078296814480445,1.7075555911474
0.6246962327501772,0.27814878934867404
0.7230741850827477,-0.3939281482186843
0.7197786573736981,-1.22124884664061
0.5390035450921078,-0.7038786599863545
0.4973633661928578,-0.4425367912296736
0.6855488927282746,-0.8787925592590988
0.7230741850827477,-0.09849769728272251
0.628811119294954,-0.23970794047813165
0.7343740690973286,-0.6618288745995374
0.5957413185254283,0.058919782971067924
0.6373814974246783,-0.08695857757924064
0.5348886585473309,0.17879538948256224
0.6299710831708518,-0.8418358547395295
0.5196441549126277,-0.3367863252523017
0.7078296814480445,-0.8751784913566578
0.7283490355034223,-0.4618679490801012
0.8408346221808188,0.11356185533819652
0.6470083465251336,-0.5097708923333308
0.6180221072451982,-0.7125140119286846
0.6359961167647581,-0.22661800777514307
0.5957413185254283,-0.11137131903251596
0.628811119294954,-0.23577054368377853
0.6263953556970063,0.05199193157561688
0.6263953556970063,0.13389837963369933
0.5196441549126277,-0.375818220878977
0.6445664948944824,-0.2504143375595174
0.7197786573736981,1.3549562504614747
0.4973633661928578,-0.7161149513254077
0.7078296814480445,-0.5413112556091327
0.5957413185254283,0.20974441446464875
0.7162029298998526,0.05963693633953149
0.6263953556970063,0.01323342518557502
0.7510270479779726,0.8499571724790649
0.7510270479779726,0.007155530255981035
0.5957413185254283,0.42690984092781203
0.6180221072451982,0.07920976956900838
0.6246962327501772,-0.3805633076237226
0.6855488927282746,-0.13908776345377039
0.6470083465251336,0.24307868764415752
0.6855488927282746,-0.22106892838222264
0.6180221072451982,-0.2112858074447504
0.4973633661928578,-0.27179220390877673
0.7162029298998526,0.4071194671403068
0.5348886585473309,-0.3382033396115557
0.7162029298998526,-0.20678545711785534
0.6332666108799014,-0.008707044648886275
0.7162029298998526,-1.0151472507071042
0.6246962327501772,-0.008547220020010404
0.7283490355034223,0.17535744579448154
0.8351938730605504,-1.0599177975038612
0.6180221072451982,0.1179782675504768
0.6470083465251336,0.27310491018338867
0.5280174033644358,-0.08357013618520526
0.5957413185254283,-0.02248504361902648
0.7230741850827477,2.70247512350034
0.6855488927282746,-0.6459864110638017
0.7230741850827477,-0.7458744467926437
0.5196441549126277,-0.40348002898030233
0.5461885425619118,1.774535245145072
0.8181566097062686,-0.7567014622843445
0.6332666108799014,0.2685259282464756
0.8408346221808188,-0.4010337255611997
0.8408346221808188,0.4151819333711454
0.5390035450921078,-0.5046935235360099
0.7230741850827477,-0.2552162937882257
0.7510270479779726,0.3689067465747955
0.5280174033644358,-0.44517093758991294
0.7424566698482483,-0.02696646407345782
0.6263953556970063,-0.2521251895655804
0.8351938730605504,0.7365950472191056
0.628811119294954,-0.10204691229565943
0.5348886585473309,-0.4981811007162156
0.6246962327501772,0.38802314412178174
0.5461885425619118,-0.4845940382994247
0.609451729115474,-0.5610907999194135
0.7453862988577041,0.599814233923483
0.6445664948944824,-0.5362044981907407
0.5390035450921078,-0.026929301174387854
0.7078296814480445,0.5967219986954102
0.7162029298998526,0.053892143561664274
0.7424566698482483,-0.6079651133226778
0.7453862988577041,0.46204090216370475
0.7230741850827477,0.6708223561012062
0.5348886585473309,1.0716755086339222
0.6373814974246783,-0.7151798089739678
0.5957413185254283,-0.015189428276137673
0.8181566097062686,0.42182476397141266
0.7283490355034223,0.5481330823700037
0.5461885425619118,-0.20563130378918393
0.7078296814480445,0.6648540995218584
0.7078296814480445,-0.23042637248585618
0.8408346221808188,-0.4456425009732076
0.7197786573736981,1.159454014130925
0.7424566698482483,1.1030681856292537
0.6470083465251336,-0.2699427815371565
0.617824977567282,1.1626489993747424
0.617824977567282,-0.25975662487026463
0.8408346221808188,1.019751706980899
0.5280174033644358,-0.2693222464638317
0.7343740690973286,-0.8267567183039779
0.8351938730605504,-0.38267642739116464
0.8351938730605504,-0.6457167286565949
0.7424566698482483,-0.4052212959099893
0.6470083465251336,-0.5409922258266555
0.7197786573736981,-0.5717103520280757
0.5390035450921078,-0.5169431743050825
0.7230741850827477,0.7313533847866608
0.6299710831708518,-0.09350379484987437
0.6445664948944824,1.2365355347803701
0.609451729115474,-0.21579182908583988
0.6526490956454021,0.8664334913938974
0.7368159207279799,0.7735939391903137
0.7424566698482483,-0.011349041088716483
0.7283490355034223,1.0821557211869985
0.6526490956454021,-0.33816811820741577
0.5280174033644358,-0.6711039009546285
0.8408346221808188,0.8094019885073328
0.617824977567282,0.412329260857195
0.5390035450921078,-0.22824626490525118
0.6246962327501772,0.41365102152378486
0.6332666108799014,-0.0038127087631100176
0.6445664948944824,-0.2514169125102147
0.7078296814480445,-0.1869244876595213
0.7510270479779726,0.8140441573613864
0.7510270479779726,-0.3227278337201257
0.6373814974246783,0.2131194561494697
0.5957413185254283,0.2793884030360797
0.7162029298998526,0.7342957793409314
0.5461885425619118,-0.31222248640232686
0.8351938730605504,0.48780815011220735
0.6263953556970063,-0.49007445737011607
0.8351938730605504,0.6342784832761574
0.6526490956454021,-0.40004965999480746
0.6299710831708518,-0.5620183657743525
0.7368159207279799,0.48225194767720647
0.5196441549126277,-0.07726451648873495
0.7283490355034223,-0.2293708766173801
0.6470083465251336,-0.3851553665872085
0.7271890716275246,0.4344653065825995
0.8351938730605504,-0.4370312298204202
0.7510270479779726,0.9033644211072784
0.628811119294954,-0.6686856461134469
0.7343740690973286,-0.36604297281693066
0.617824977567282,0.866073521130793
0.7343740690973286,-0.459394558664799
0.6299710831708518,1.2191886465758184
0.6359961167647581,0.0904104860180619
0.7271890716275246,0.761692089455316
0.4973633661928578,-0.6137410148406315
0.6855488927282746,0.0036511581644246283
0.6526490956454021,0.5667525200682668
0.587170940395704,-0.20270327706411773
0.6299710831708518,-0.561872438012597
0.4973633661928578,-0.9540750855676168
0.6359961167647581,-0.07641124359547213
0.6263953556970063,-0.5268997651316634
0.6470083465251336,-0.18753319772805438
0.8181566097062686,-0.14933798302380952
0.5390035450921078,-0.06404427782892463
0.6246962327501772,-0.22234443262478626
0.5280174033644358,-0.6518345326009533
0.6263953556970063,0.47266183398097295
0.6359961167647581,1.058135418741283
0.6470083465251336,-0.10129521129938635
0.8351938730605504,-0.46561400697954847
0.8181566097062686,-0.11052597261137087
0.5461885425619118,-0.40712362568269167
0.6359961167647581,0.07834561407498819
0.6855488927282746,0.7836411332788483
0.6470083465251336,-0.44411525877330127
0.7453862988577041,-0.6510897234855995
0.5196441549126277,-0.451722083193999
0.4973633661928578,0.6885806925774145
0.5348886585473309,-0.3077204968332199
0.5348886585473309,-0.06264697309833506
0.6470083465251336,-0.3340387896631512
0.7162029298998526,-0.6491842992778407
0.5196441549126277,-0.26995900874668377
0.7368159207279799,1.1198784910555541
0.8181566097062686,-0.7089351869545262
0.6299710831708518,-0.5300372453316797
0.5196441549126277,0.35799709582949835
0.6299710831708518,0.575346396674953
0.6470083465251336,-0.27043151551082745
0.7271890716275246,-0.4384931633134557
0.6445664948944824,-0.18847158245669376
0.6470083465251336,1.2764109692416596
0.6373814974246783,0.07222065444837789
0.6526490956454021,-0.3175727614171257
0.6470083465251336,0.671100906065179
0.7230741850827477,0.5193021139492554
0.6359961167647581,-0.34906007252279825
0.6359961167647581,-0.31291051117314916
0.5957413185254283,-0.2871069857450986
0.617824977567282,0.2409465930529333
0.7271890716275246,-0.7137629073031619
0.6526490956454021,-0.6805785160546904
0.6470083465251336,0.48711924101611215
0.6299710831708518,0.003310268890916901
0.7078296814480445,-1.032065370918064
0.7343740690973286,-0.38794336869664064
0.617824977567282,-0.24067361377053115
0.7197786573736981,-0.4966702266875175
0.6180221072451982,-0.4829796318772198
0.6470083465251336,-0.01439576683980559
0.6180221072451982,-0.12787944896005465
0.7368159207279799,-0.6693246694416801
0.8181566097062686,-0.40847825646041647
0.6299710831708518,0.05137463323090585
0.7271890716275246,-0.6291157129330904
0.8181566097062686,0.15253275798941257
0.6470083465251336,-0.24372842419022123
0.6470083465251336,0.9330161207018438
0.609451729115474,-0.32822019170994904
0.4973633661928578,-0.6572253579288563
0.5461885425619118,0.6446482002511492
0.6445664948944824,-0.4414545634938408
0.5461885425619118,-0.32419733495578174
0.7424566698482483,0.2911360219848663
0.7453862988577041,-0.12690948702878102
0.7283490355034223,0.24295349452623483
0.5280174033644358,-0.14156869970666508
0.5390035450921078,-0.02845459959883201
0.6373814974246783,0.7220301138735536
0.7230741850827477,-1.028965307250186
0.7283490355034223,0.4215784806490688
0.7162029298998526,0.1444758059344705
0.6359961167647581,0.25161403113405034
0.6332666108799014,0.22812623259338405
0.7271890716275246,0.1419158344321796
0.5196441549126277,0.004387622471679675
0.628811119294954,0.23626105224648464
0.5957413185254283,-0.37693058030223947
0.6263953556970063,-0.4949340291389494
0.8181566097062686,-0.7170974415945173
0.609451729115474,0.08651223059457602
0.6246962327501772,1.1067526715871607
0.7162029298998526,0.4477480909015704
0.7078296814480445,0.20472066389457144
0.5280174033644358,-0.21680978932497447
0.7283490355034223,-0.05527717241550856
0.7343740690973286,0.21263359024894912
0.7197786573736981,0.8322186414048459
0.6332666108799014,-0.03427841800015019
0.5196441549126277,-0.3527851123420861
0.6180221072451982,0.0421585498667687
0.5348886585473309,-0.20921249032216954
0.7510270479779726,-0.8004710008059771
0.6359961167647581,1.0250793877724955
0.8351938730605504,-1.0482149548728759
0.587170940395704,-0.33750768566229705
0.6526490956454021,1.8873334612550559
0.4973633661928578,-0.041497581960860785
0.7271890716275246,0.4414353866410573
0.6263953556970063,0.15148471640810313
0.7271890716275246,-0.5955919359725372
0.609451729115474,0.13813543481133672
0.8351938730605504,-0.7635355703223901
0.6332666108799014,-0.22308192418977585
0.7453862988577041,-0.488195315842043
0.7510270479779726,1.215778226619812
0.6373814974246783,-0.2689968504446415
0.8408346221808188,0.3930137594547697
0.5280174033644358,-0.4844423380608559
0.4973633661928578,-0.24007357047521355
0.7197786573736981,0.45476213337142235
0.6359961167647581,-0.4727873002931161
0.4973633661928578,-0.4988758093585729
0.7078296814480445,-0.4913418302586871
0.7343740690973286,-0.5426837861903347
0.8351938730605504,0.43764437464137007
0.7424566698482483,0.6607779661352869
0.5957413185254283,-0.02532729905195663
0.6263953556970063,-0.41889471929235667
0.6526490956454021,0.17024754754870364
0.6299710831708518,0.020840457886585062
0.5280174033644358,1.1121681383565734
0.7230741850827477,0.2564905687831881
0.628811119294954,-0.38965525210699264
0.6263953556970063,-0.45444085156313774
0.7343740690973286,-0.7431823483389015
0.6263953556970063,-0.06499459035360045
0.8181566097062686,-0.4185800048536194
0.628811119294954,0.3638649324621943
0.8181566097062686,1.2134834158071275
0.6359961167647581,0.7168164580138632
0.8408346221808188,-0.7078769065643695
0.6180221072451982,-0.10982617809456707
0.5957413185254283,0.5913796478375408
0.5957413185254283,0.8130800925316544
0.4973633661928578,-0.26763847945577574
0.6526490956454021,-0.2675428975305584
0.7424566698482483,1.0584195485766799
0.7424566698482483,1.2829269171832487
0.7343740690973286,-0.5416131096196419
0.7510270479779726,-0.3558514288974814
0.8351938730605504,-0.6493731122964107
0.6855488927282746,0.22706219756093482
0.5280174033644358,0.12925376030427482
0.6299710831708518,0.15928568489057282
0.8181566097062686,0.029293924738414856
0.7230741850827477,0.10961774035256555
0.6332666108799014,-0.3779684836142245
0.5957413185254283,0.18786305786326096
0.6855488927282746,1.3260112800524446
0.6180221072451982,0.8077549999904953
0.6470083465251336,0.3891084171098932
0.8408346221808188,-0.8509719315382612
0.8351938730605504,0.30166227358789577
0.5196441549126277,-0.21907248636957216
0.5196441549126277,0.7695860691176276
0.5348886585473309,-0.31022586187143575
0.5280174033644358,-0.38485351504484067
0.5280174033644358,-0.47300047532710693
0.5280174033644358,0.2080131975168844
0.5196441549126277,-0.18509977542818484
0.5461885425619118,1.1066074354377196
0.6373814974246783,-0.06869916368345719
0.5957413185254283,0.47053550186281856
0.7230741850827477,0.2651525390472733
0.8351938730605504,0.39622795608192174
0.7510270479779726,-0.015472793795113793
0.7078296814480445,-0.005132943404957624
0.8181566097062686,-0.46934051578846003
0.6246962327501772,1.5104138460930319
0.617824977567282,-0.4907750568683201
0.7343740690973286,1.4507725513691452
0.8408346221808188,-0.9537153438493468
0.5461885425619118,0.3254217187553171
0.587170940395704,0.7771660371070966
0.6526490956454021,0.25219946352750366
0.609451729115474,-0.3428846166899578
0.8351938730605504,0.14278395600608884
0.6855488927282746,0.1973548033688891
0.6445664948944824,0.24512207636190086
0.7368159207279799,0.6990153732778022
0.6332666108799014,0.013819039400881916
0.5461885425619118,-0.09054604245383446
0.5957413185254283,1.4034206051281324
0.7271890716275246,-0.3519569423263914
0.6332666108799014,-0.34874690845367773
0.6332666108799014,0.2710225898669312
0.7197786573736981,0.2126857329001931
0.7230741850827477,-0.19796537343039222
0.6263953556970063,0.7612818738210192
0.6180221072451982,0.9402051810667061
0.5461885425619118,-0.3939799473595356
0.6359961167647581,0.8265543843294021
0.6526490956454021,-0.0044951492225072665
0.7078296814480445,-0.3024990490435591
0.7271890716275246,0.07533668137430238
0.6359961167647581,1.5554288642657903
0.8351938730605504,-0.6319840856071116
0.7078296814480445,-0.15956360132282899
0.7283490355034223,-0.042971006791648
0.6445664948944824,-0.24364817444998765
0.6526490956454021,-0.4911157917386446
0.6263953556970063,-0.7979930195290943
0.5280174033644358,1.1014176664649076
0.6526490956454021,0.8878287590492271
0.5390035450921078,0.5299703674850473
0.5461885425619118,-0.27567511139503137
0.6263953556970063,-0.5011717145741841
0.6299710831708518,-0.9771900193280545
0.6299710831708518,0.06608356659520132
0.7510270479779726,-0.11427658318874612
0.7453862988577041,0.2717133578847898
0.6299710831708518,-0.05229031122395711
0.7424566698482483,0.7387355360776208
0.7283490355034223,-0.20995341657376876
0.4973633661928578,-0.4481225416814881
0.5390035450921078,-0.35056854685622785
0.4973633661928578,0.18571261971006803
0.7230741850827477,0.7882539944506256
0.6359961167647581,-0.07752584182474065
0.617824977567282,-0.09094993746734037
0.8181566097062686,-0.1021942852138139
0.5957413185254283,0.47453747424245174
0.7283490355034223,-0.4183476523175288
0.617824977567282,-0.11492794215002489
0.7343740690973286,0.07410260630731491
0.5348886585473309,-0.5645718785307229
0.8408346221808188,0.20984293632976347
0.7230741850827477,-0.23018481855857748
0.7283490355034223,0.4253661169177212
0.587170940395704,-0.1384794985085731
0.7283490355034223,0.19288589365777986
0.6526490956454021,-0.006056088447155439
0.5957413185254283,-0.16460475997157054
0.617824977567282,-0.8681682347317554
0.7271890716275246,0.569692622621596
0.6299710831708518,-0.7378298278755948
0.6855488927282746,0.09756517217007188
0.5348886585473309,-0.39012827270936834
0.7424566698482483,0.537854620763836
0.7510270479779726,0.450457302706587
0.6246962327501772,-0.13005078488812377
0.8408346221808188,-0.7951642719581528
0.6470083465251336,-0.5412572271682676
0.7453862988577041,0.27826308307337155
0.8351938730605504,-0.4382320825675614
0.5280174033644358,-0.018924379683823433
0.5196441549126277,-0.07053735137857009
0.7510270479779726,0.18346774003980926
0.6180221072451982,1.1287880946181326
0.6373814974246783,-0.01750896711142913
0.7283490355034223,-0.1630473856393423
0.7197786573736981,-0.5821963059677322
0.6445664948944824,-0.42280301544142473
0.7510270479779726,0.35343980257903773
0.6373814974246783,-0.5094194222011045
0.5348886585473309,-0.3162487534403392
0.7078296814480445,0.34309938516327043
0.7271890716275246,-0.3390084160601148
0.5957413185254283,0.9722284740303555
0.5957413185254283,-0.4098797848498341
0.7197786573736981,-0.2566210336540474
0.6470083465251336,0.005790060864203639
0.6470083465251336,0.8886430590062976
0.6373814974246783,0.09400379831399397
0.7510270479779726,1.361805313309543
0.7271890716275246,0.05490453751640889
0.7510270479779726,-0.5714985548238545
0.7271890716275246,-0.1956265512462464
0.609451729115474,0.7184025177220346
0.6445664948944824,0.3394210155673637
0.609451729115474,0.44656821415713255
0.7271890716275246,0.25990489204039935
0.7453862988577041,0.03523191553217486
0.6855488927282746,-0.3365294878011818
0.7510270479779726,0.9017995142967301
0.7343740690973286,-0.6271124117553329
0.5196441549126277,0.5598072305104459
0.6526490956454021,0.49821731898362676
0.7343740690973286,0.2156031673314217
0.7162029298998526,0.4765105656348311
0.7230741850827477,-0.6033184298455397
0.5957413185254283,-0.43530330263952
0.7078296814480445,-0.3789024080385145
0.5461885425619118,-0.16597163801423526
0.6470083465251336,0.07728622816467723
0.6359961167647581,-0.041399194402577444
0.6180221072451982,-0.4599902546367352
0.7078296814480445,-0.4015178015491508
0.4973633661928578,0.04215134191356085
0.5196441549126277,-0.2185482761388694
0.5957413185254283,-0.613815476494659
0.8351938730605504,-0.7256446423718365
0.6526490956454021,-0.5055707660785187
0.6470083465251336,-0.17622427190557366
0.5390035450921078,-0.6062682321715352
0.6299710831708518,1.3988424164759512
0.6246962327501772,-0.16316665707565564
0.6180221072451982,1.2283227963239858
0.5957413185254283,0.39598347441356685
0.5390035450921078,-0.28960902532303445
0.5957413185254283,-0.13556128316311344
0.8408346221808188,-0.3985738543642161
0.6855488927282746,-0.6450753109135589
0.6180221072451982,-0.2889493220136574
0.8181566097062686,-0.5423583711290061
0.7230741850827477,-0.5572636040141001
0.7230741850827477,-1.3119254965194775
0.5957413185254283,0.05419168560994747
0.628811119294954,0.7695097822000553
0.6526490956454021,-0.08485467268146674
0.6526490956454021,-0.6696688128371137
0.628811119294954,0.5189209934893962
0.7343740690973286,0.02233614133912487
0.6526490956454021,-0.37298737540394283
0.8181566097062686,0.5397627107503252
0.7368159207279799,0.8228940819962958
0.6332666108799014,-0.3034600405047662
0.7453862988577041,-0.156820881706508
0.8351938730605504,0.08368638309980447
0.7343740690973286,-0.8257580465010693
0.6180221072451982,0.5331914550296538
0.7510270479779726,-0.8259014676239357
0.5348886585473309,-0.38248951175897583
0.8408346221808188,-0.7585095671986654
0.5390035450921078,-0.17380239279475096
0.7271890716275246,-0.5383091513196081
0.7368159207279799,0.9143268092356871
0.7230741850827477,0.5103689806843718
0.6373814974246783,0.6389290939133814
0.8181566097062686,-0.41762297468101667
0.5957413185254283,-0.21480438154749926
0.587170940395704,0.49652322434054763
0.7230741850827477,-0.6562762807915415
0.6299710831708518,0.37858873633598633
0.8351938730605504,0.08108673875518757
0.609451729115474,-0.9399678188522647
0.7162029298998526,-0.33125622519443454
0.617824977567282,0.37994129345578875
0.8351938730605504,1.3756952181125848
0.6855488927282746,-0.9241015570060401
0.4973633661928578,0.15117465757125004
0.6470083465251336,0.46425330060439374
0.7510270479779726,-0.39861200447962225
0.628811119294954,0.2683513482668325
0.5348886585473309,0.04150827784638278
0.6359961167647581,-0.0899571061544
0.7078296814480445,-0.5886195756518626
0.6470083465251336,0.3463105353443595
0.6526490956454021,-0.48448351353958885
0.609451729115474,-0.4917261173299069
0.7453862988577041,0.10314648441280916
0.5461885425619118,0.9574980667557688
0.7162029298998526,-0.18046112829256356
0.7271890716275246,0.18332915131983663
0.628811119294954,-0.7528966364240016
0.6470083465251336,-0.18645964961430156
0.8181566097062686,-0.20736401131037674
0.7283490355034223,1.330868344550362
0.5280174033644358,-0.38412340102427
0.6263953556970063,-0.6050147583644203
0.7453862988577041,-0.22591826850191277
0.6246962327501772,-0.06454984276834574
0.628811119294954,0.4964300849772617
0.5348886585473309,0.9538498748330855
0.4973633661928578,0.7081033317182437
0.6445664948944824,0.017114579725075685
0.6246962327501772,-0.031121075754493965
0.7343740690973286,0.020131393496253924
0.5957413185254283,0.36974711351179945
0.5461885425619118,0.6404509847115857
0.6470083465251336,-0.2946586831406609
0.6373814974246783,-0.2867892757594472
0.4973633661928578,0.0969746803556959
0.609451729115474,-0.8410481555292059
0.6855488927282746,0.21027803651029053
0.609451729115474,-0.3198899993053801
0.8408346221808188,-0.298540448096704
0.5280174033644358,-0.29943307992574675
0.587170940395704,0.20908966800297102
0.6263953556970063,0.06948593377288559
0.5461885425619118,-0.6196064759335329
0.5461885425619118,-0.802329700795132
0.5957413185254283,-0.25633966255762897
0.8408346221808188,-0.018497314926344988
0.7078296814480445,-0.0411105660012534
0.5957413185254283,-0.015970360405761164
0.7197786573736981,-0.1321564504379773
0.7271890716275246,-1.0723487147255264
0.5348886585473309,-0.3543924333253007
0.6526490956454021,-0.4677176143631852
0.7283490355034223,-0.7882999093438545
0.7283490355034223,-0.07464095194120979
0.617824977567282,0.4072270607149576
0.7424566698482483,1.3618592971559673
0.7283490355034223,0.4960836212753974
0.6180221072451982,1.3671873919762958
0.7368159207279799,0.5032235028116085
0.8181566097062686,-0.6538163348659118
0.7283490355034223,0.6149451533037014
0.4973633661928578,0.9172680803024014
0.8351938730605504,-1.0859708600764855
0.7283490355034223,0.6361990040664252
0.5390035450921078,-0.1464359197593969
0.6373814974246783,0.6266415802841523
0.7343740690973286,-0.3384421241922807
0.6445664948944824,1.06836713153579
0.5196441549126277,-0.2266589937354761
0.617824977567282,-0.2753132298570371
0.6526490956454021,-0.6614287240081734
0.628811119294954,0.632023216463769
0.7343740690973286,0.20264905378364473
0.7343740690973286,0.3583015657950803
0.6263953556970063,-0.027410843572881927
0.6855488927282746,-0.28022839509021297
0.5390035450921078,-0.5787240631413768
0.4973633661928578,-0.5190394032293794
0.7197786573736981,0.16428198033346963
0.6373814974246783,-1.0353221354850932
0.7283490355034223,-0.04649356704635488
0.7368159207279799,0.4824555006920237
0.5461885425619118,-0.45878618368238056
0.7510270479779726,0.9059467947841129
0.617824977567282,0.5557012274430778
0.6526490956454021,-0.63968242743796
0.8408346221808188,-0.43941327907626193
0.8408346221808188,-0.595365824133657
0.628811119294954,0.7578862855910232
0.7424566698482483,0.21749777503673984
0.6359961167647581,0.9306548093184956
0.7368159207279799,0.03267979861315562
0.5461885425619118,-0.2426185541455802
0.6180221072451982,-0.19358537061921405
0.5390035450921078,-0.22960222734497665
0.5280174033644358,-0.41246556609180607
0.6855488927282746,-0.3589568044234281
0.4973633661928578,-0.510873822779774
0.8351938730605504,0.3757312875403269
0.7230741850827477,0.3529393648129945
0.7283490355034223,-0.5219095841197094
0.6445664948944824,-0.17104798755543477
0.7078296814480445,-0.42079749512580955
0.6246962327501772,0.06850834616296564
0.8181566097062686,-0.8201395744814424
0.6470083465251336,0.12001688689560897
0.609451729115474,0.2079453098362266
0.5280174033644358,1.2848461008680017
0.7162029298998526,-0.5791447262909467
0.7230741850827477,0.8121933255514168
0.609451729115474,-0.5193017493613377
0.7343740690973286,-0.8515320126253599
0.5461885425619118,-0.38691097058549573
0.8351938730605504,0.4629063391422261
0.6445664948944824,0.1195892309722223
0.5280174033644358,0.622455410443796
0.5957413185254283,0.07923552682414181
0.6445664948944824,0.6954625681474739
0.6470083465251336,1.3391303455641976
0.8181566097062686,-0.7725548564239015
0.628811119294954,1.3190320459942604
0.5348886585473309,-0.23038236042929489
0.7078296814480445,-0.49279612742992607
0.6180221072451982,-0.4134685235961888
0.5957413185254283,0.7307796037336289
0.7453862988577041,0.7971958497133219
0.5196441549126277,0.72688258006742
0.5196441549126277,-0.5805051796800287
0.5957413185254283,0.445757614111846
0.6180221072451982,0.4404011115635894
0.5957413185254283,0.3344093589993411
0.6445664948944824,-0.04586450834587996
0.628811119294954,0.029254019968562583
0.5280174033644358,0.0065452155594402095
0.5280174033644358,0.6685811176469463
0.7230741850827477,-0.36506567074406343
0.5957413185254283,0.8127600808979953
0.7162029298998526,-0.7858334331955497
0.6445664948944824,-0.8385949103286814
0.5461885425619118,-0.9490441583551731
0.7162029298998526,-0.6751468827684723
0.7078296814480445,-0.5709039311780695
0.6299710831708518,-0.6790936825750741
0.6470083465251336,-0.19769134267747823
0.6470083465251336,-0.215687140346338
0.7078296814480445,-0.0450407340894724
0.6180221072451982,-0.20868703047405474
0.8351938730605504,-0.9806694572469705
0.7368159207279799,-0.1934348048202893
0.6373814974246783,0.27653930839145324
0.5280174033644358,0.02523204810833768
0.7230741850827477,0.47048194357139883
0.8408346221808188,-0.35033081485977224
0.6180221072451982,-0.011615812981276563
0.4973633661928578,1.900132699660344
0.5461885425619118,-0.3157439488410103
0.8351938730605504,-0.10788659924890642
0.5957413185254283,-0.13164654974434492
0.5280174033644358,0.7123170790432996
0.7230741850827477,0.13858104185635411
0.6263953556970063,0.488708070259827
0.6263953556970063,-0.3238120599984586
0.7078296814480445,0.7315292194802088
0.6246962327501772,-0.24544827708586764
0.6373814974246783,0.7165594922800913
0.5461885425619118,-0.007083381066551264
0.8181566097062686,0.6308115193600118
0.6332666108799014,0.2938193621277083
0.7453862988577041,-0.2511364981256275
0.5390035450921078,0.6002686449597197
0.6180221072451982,-0.023250670533324858
0.4973633661928578,0.37246918432523357
0.5196441549126277,0.49610896078725253
0.6359961167647581,-0.18679039744703257
0.7162029298998526,-0.6692022706895076
0.6332666108799014,-0.37632347575532094
0.6263953556970063,-0.1859602224883749
0.7343740690973286,-0.47864747762870685
0.5280174033644358,-0.10589834533554521
0.5957413185254283,0.33001558741297343
0.4973633661928578,-0.30824959547384523
0.6445664948944824,-0.5891880809414131
0.7230741850827477,-0.8320000490474303
0.7343740690973286,-0.7671487387017661
0.6359961167647581,0.13869399940995242
0.5957413185254283,-0.023360494300768142
0.6445664948944824,-0.23835186774575884
0.5348886585473309,0.7247018349783538
0.7162029298998526,-0.40742450854397066
0.8408346221808188,0.9343756785148772
0.6299710831708518,-0.436394683732907
0.609451729115474,0.04575850991563479
0.6263953556970063,-0.5711930315653785
0.6526490956454021,0.5554562579254418
0.7343740690973286,0.15750629935037253
0.6526490956454021,1.914257713986756
0.7453862988577041,-0.13986995984913986
0.7197786573736981,-0.3783704086170039
0.5461885425619118,0.11432180350169985
0.6470083465251336,-0.4117952065945598
0.7162029298998526,-0.6220081901398075
0.6526490956454021,2.098221620004861
0.4973633661928578,-0.39429815272058305
0.7078296814480445,0.4797632217658476
0.5280174033644358,-0.8267678381161463
0.5196441549126277,-0.2932035648081253
0.5390035450921078,-0.37976170440617485
0.7453862988577041,0.1045625160605429
0.6263953556970063,0.42727580673974974
0.5348886585473309,-0.29204272024665523
0.6299710831708518,-0.035596278907587986
0.5390035450921078,-0.06622015794743413
0.7368159207279799,-0.440959301115133
0.5390035450921078,0.2821247600622738
0.5348886585473309,-0.5478751187716524
0.587170940395704,-0.13611927035939209
0.5390035450921078,0.35443345839951734
0.6359961167647581,0.7310385106581849
0.5280174033644358,-0.35473104128845656
0.7283490355034223,-0.3001926657669247
0.5196441549126277,0.0764522218237309
0.7283490355034223,0.09892843331051637
0.5196441549126277,0.09673606767185539
0.8181566097062686,1.4741279343177247
0.7162029298998527,0.0769570376663562
0.6263953556970063,-0.3471416019469599
0.5280174033644358,-1.0345779687682568
0.7283490355034223,-0.09990209582095921
0.6373814974246783,0.9342543766603557
0.6445664948944824,0.09032566210662596
0.7271890716275246,-0.02621291761397848
0.6526490956454021,-0.4074653438387385
0.6246962327501772,0.2762424166445181
0.6359961167647581,1.174254155636059
0.7271890716275246,-0.8105835067359969
0.5196441549126277,-0.38312407040630575
0.7271890716275246,0.2600901977330692
0.5280174033644358,-0.27048811629774877
0.6180221072451982,-0.4837237588086817
0.5957413185254283,-0.8543892570948302
0.6526490956454021,-0.2542138391445282
0.5957413185254283,0.9637922502706584
0.587170940395704,0.11796775371261325
0.6359961167647581,0.019873613283207026
0.8408346221808188,-0.7463112063167349
0.4973633661928578,-0.3470699446017172
0.6180221072451982,-0.12561036314306961
0.6299710831708518,0.865188579672103
0.6180221072451982,0.3767518769827296
0.6855488927282746,0.04249538879425985
0.5280174033644358,-0.7005299858195921
0.7510270479779726,-0.9242099299629296
0.5196441549126277,0.17773306639841835
0.7424566698482483,-0.3735691736205846
0.5461885425619118,-0.8967212458526094
0.4973633661928578,-0.1786893684257469
0.7162029298998526,-0.8956698450628433
0.4973633661928578,-0.27672029848341506
0.6470083465251336,1.1997808437808803
0.6263953556970063,0.11784628449387946
0.7078296814480445,0.31397179079953874
0.6526490956454021,0.692474303824905
0.6526490956454021,0.3824900952249619
0.7453862988577041,0.6795931271758441
0.7343740690973286,0.1991650503826401
0.6470083465251336,0.6789187284226218
0.5461885425619118,-0.042591602898863545
0.7078296814480445,-0.29395252075489103
0.8181566097062686,0.044432414086701955
0.7453862988577041,-0.10118081144470581
0.8181566097062686,-0.44018439130724113
0.8181566097062686,0.289735818288661
0.6470083465251336,0.02487530914753755
0.7162029298998526,1.0302918259477982
0.6263953556970063,-0.2915900791370709
0.6180221072451982,-0.4079863286684997
0.5280174033644358,-0.39650908077449265
0.8408346221808188,-0.5044023863981164
0.5280174033644358,-0.23434970554244744
0.5390035450921078,0.37662168538486007
0.8181566097062686,1.321524856276203
0.5957413185254283,-0.46105641644607853
0.5348886585473309,1.405632539014018
0.6299710831708518,-0.7331498694180291
0.5196441549126277,0.8481090259588903
0.6299710831708518,-0.03833788123328852
0.6299710831708518,0.832619260018139
0.8408346221808188,-0.21884998658811838
0.7343740690973286,-1.0431475429302375
0.7271890716275246,0.10562909066001169
0.6263953556970063,0.4353156452028597
0.7230741850827477,-0.6341401991573805
0.8181566097062686,-0.7601656647396468
0.8408346221808188,0.11587360641305233
0.6299710831708518,0.833956986304123
0.6373814974246783,-0.11763982006720453
0.6180221072451982,-0.2103154466529455
0.6470083465251336,0.29274137880697637
0.5196441549126277,0.16752217596941532
0.587170940395704,-0.947677501326106
0.6445664948944824,0.7112609782987468
0.7283490355034223,-0.0637785056537471
0.7162029298998526,-0.030866322609108043
0.6470083465251336,-0.8158971678343201
0.5390035450921078,0.0805578038944369
0.6299710831708518,-0.21753353908722284
0.5461885425619118,-0.4234147813039486
0.6246962327501772,1.625192613758124
0.8351938730605504,-0.1907961724832581
0.7453862988577041,0.226906396212182
0.7271890716275246,0.5630326741078443
0.7078296814480445,0.6220069673294659
0.6526490956454021,-0.8544278825928547
0.8408346221808188,-0.03447496842887299
0.5957413185254283,0.2850939100826455
0.7162029298998526,0.23307857234788676
0.8408346221808188,0.22069786262996438
0.6526490956454021,0.6450217624347674
0.7283490355034223,1.8151592186313226
0.628811119294954,0.8961794208189579
0.5196441549126277,-0.395628670262378
0.6263953556970063,0.03431375348147403
0.4973633661928578,0.392254712103683
0.7230741850827477,0.07517503270856163
0.5196441549126277,0.8612409273975888
0.6332666108799014,0.6033184263146076
0.6855488927282746,0.4376091684745612
0.6180221072451982,0.722619390725206
0.6373814974246783,-0.25749378654455274
0.6373814974246783,-0.27346663506226065
0.8181566097062686,-0.3708049858926603
0.7162029298998526,-1.032854460955086
0.4973633661928578,-0.26604230203300466
0.6246962327501772,-0.22848231861246537
0.6180221072451982,1.715556176238621
0.8351938730605504,-0.7356992783266217
0.6445664948944824,-0.15992323735046293
0.5348886585473309,-0.8819703367962247
0.6373814974246783,-0.30318470480059156
0.5390035450921078,-0.7410442118681576
0.6359961167647581,0.6504054755083581
0.7510270479779726,-0.36215335259038733
0.7283490355034223,-0.04657124217369479
0.6299710831708518,-0.370387141776878
0.5461885425619118,-0.4600571776782454
0.6299710831708518,-0.5273865169144333
0.7453862988577041,-0.7378223775726016
0.609451729115474,0.8028720336210837
0.628811119294954,-0.021361161421150854
0.5957413185254283,0.429653222135832
0.7162029298998526,-0.5635109420186809
0.8351938730605504,0.21050595141082784
0.7453862988577041,-0.07333176230685934
0.6445664948944824,0.6515865323912419
0.5280174033644358,-0.43380892110690644
0.7453862988577041,1.3115931482820127
0.7424566698482483,-0.5037356399147475
0.5280174033644358,0.30378475929450743
0.6332666108799014,-0.24658929319699352
0.8408346221808188,0.8033069128553353
0.7197786573736981,0.06072680665705854
0.6246962327501772,0.2455293248088375
0.4973633661928578,-0.2967979126608279
0.5348886585473309,-0.6243339405344398
0.7453862988577041,3.0171354198793074
0.7078296814480445,-0.19298677776772355
0.4973633661928578,-0.2626376281077393
0.5390035450921078,0.6026837501587317
0.4973633661928578,0.18096023600765132
0.8181566097062686,0.2857669491605125
0.609451729115474,-0.36597612206207253
0.6526490956454021,0.49167427246610673
0.7510270479779726,-0.6099101109853171
0.5280174033644358,-0.511387745815364
0.6445664948944824,-0.19282383693852423
0.5196441549126277,-0.0768988048919485
0.6332666108799014,-0.2999387411978826
0.6526490956454021,-0.8075676869127034
0.7271890716275246,0.9273493494254076
0.6373814974246783,-0.36842890679949786
0.5957413185254283,0.4964198060614684
0.6373814974246783,0.7226197597515958
0.6359961167647581,0.09901160683423837
0.6263953556970063,0.833815044872892
0.4973633661928578,-0.36768100911063606
0.7343740690973286,-0.2845049734724544
0.5957413185254283,1.8274443393830262
0.7343740690973286,-0.3530306299369741
0.7343740690973286,0.25441870325495985
0.8351938730605504,-0.3004714264464865
0.7271890716275246,0.8157620336581156
0.7510270479779726,0.06781869102649041
0.4973633661928578,-0.09660022837511606
0.7271890716275246,-0.9282017032725112
0.5196441549126277,-0.44433948480409363
0.6263953556970063,-0.11991648539004274
0.7078296814480445,-0.4756483739695063
0.7162029298998526,-0.5300760392476664
0.8351938730605504,-0.8781302888923209
0.6373814974246783,0.033285077252372286
0.6445664948944824,0.2989068201893639
0.5390035450921078,-0.2857016819756859
0.5390035450921078,0.30186348173913957
0.7453862988577041,0.14165616215928145
0.6526490956454021,-0.625169249071609
0.5957413185254283,-0.33402803512510476
0.5280174033644358,0.7263883863890872
0.5390035450921078,-0.17074911294991335
0.7271890716275246,-1.1035425162527155
0.5348886585473309,0.14147709828088995
0.5390035450921078,0.3431428884028085
0.5196441549126277,-0.1907811523608468
0.8408346221808188,0.31859765744358837
0.8181566097062686,-0.9712886751624172
0.7510270479779726,0.0006367930217276996
0.6359961167647581,-0.17878350743732668
0.8351938730605504,-0.5177950254088579
0.5461885425619118,0.7558837478341346
0.8181566097062686,-0.30021150966266985
0.5348886585473309,0.3907486576046647
0.7368159207279799,0.45973714529114207
0.7271890716275246,-0.3187354336266668
0.4973633661928578,-0.5086613487142367
0.5461885425619118,0.33149482402201946
0.628811119294954,-0.38916819434629835
0.5348886585473309,0.6765253611369078
0.8408346221808188,-0.8450047048952072
0.8408346221808188,-0.6451490956800869
0.6263953556970063,0.5476748078809963
0.7510270479779726,-0.28775640952602394
0.7453862988577041,1.3286532030425042
0.6855488927282746,-0.3280671243562537
0.7343740690973286,-0.25626246102843614
0.6299710831708518,0.3358085782032437
0.7230741850827477,-0.8690635426293245
0.7283490355034223,0.0010533596951465274
0.6855488927282746,0.11789488098836964
0.6263953556970063,0.6536510127378587
0.6855488927282746,-0.5288229602829195
0.5461885425619118,-1.0759841303842228
0.6855488927282746,-0.7331095830144185
0.7510270479779726,-0.37401429646246326
0.8351938730605504,-0.5889691531704482
0.6526490956454021,-0.5553485343395937
0.7197786573736981,-0.5322506775523472
0.7283490355034223,0.5846150970955344
0.617824977567282,0.7051893768164917
0.6263953556970063,0.8298825660111531
0.7271890716275246,-0.3367423774369931
0.5390035450921078,-0.3489777423626751
0.628811119294954,0.7039001699997948
0.587170940395704,0.46644447048664806
0.7283490355034223,0.11742261796096964
0.617824977567282,0.45429250303033675
0.6526490956454021,0.4198337395111418
0.617824977567282,-0.4182931212815948
0.609451729115474,-0.3044658104867068
0.7271890716275246,0.11118383674586918
0.8408346221808188,0.07886218243198195
0.5957413185254283,-0.5578510092111629
0.5957413185254283,-0.3310412456999047
0.7283490355034223,0.3244617634545355
0.7230741850827477,-0.4166943601987054
0.6180221072451982,-0.4324562356000886
0.7343740690973286,-0.6336801350453515
0.6855488927282746,0.04747296978692139
0.5461885425619118,-0.19714635413040904
0.6373814974246783,-0.031364137231918665
0.7453862988577041,0.6208277454145447
0.5348886585473309,-0.672521823347609
0.5390035450921078,-0.7940163181130115
0.7510270479779726,0.6500582607680556
0.7453862988577041,1.2749090767686595
0.8351938730605504,-0.2642264169427069
0.5957413185254283,0.6491031526871345
0.4973633661928578,-0.7285649211908156
0.5957413185254283,-0.3510857781772423
0.5390035450921078,-0.37977389932282746
0.7510270479779726,0.17052279052012997
0.6263953556970063,0.30429922094307216
0.5348886585473309,-0.9262312110556177
0.6445664948944824,0.39465878080813266
0.6332666108799014,0.8076146759155591
0.7271890716275246,-0.37906131101430446
0.587170940395704,-0.028496624077130273
0.4973633661928578,0.44320166639676994
0.617824977567282,-0.2942928180694243
0.4973633661928578,-0.3712573737443191
0.587170940395704,0.9402939792288246
0.5957413185254283,-0.11898566062071475
0.6180221072451982,-0.41442139937378186
0.5280174033644358,-0.5363257220787817
0.7283490355034223,0.14206176536609816
0.6299710831708518,-0.5395776982891918
0.6299710831708518,-0.791300250130484
0.6299710831708518,0.22964753542610616
0.7078296814480445,-0.38938315032558846
0.4973633661928578,-0.6085863660124329
0.5390035450921078,-0.10957441495022457
0.6470083465251336,0.33963500928204093
0.6470083465251336,-0.9384156155655854
0.7424566698482483,0.6240956176418561
0.6332666108799014,0.2779805837087902
0.4973633661928578,-0.4868805038613604
0.6263953556970063,-0.5018680030501314
0.6373814974246783,-0.2091030699482621
0.5196441549126277,1.0957833241939463
0.6470083465251336,-0.11757351318650133
0.6299710831708518,-0.3953434867157971
0.7343740690973286,0.02002040996796861
0.8351938730605504,-0.7163050490225233
0.7510270479779726,0.8148665009796687
0.5196441549126277,0.26749183282763844
0.5196441549126277,-0.33520758633066244
0.5280174033644358,0.3603160607265026
0.4973633661928578,0.4677842704802557
0.7424566698482483,-0.35796354447004475
0.6263953556970063,-0.2266452806666141
0.6246962327501772,0.3352127979354549
0.6526490956454021,-0.3759662939922278
0.6299710831708518,-0.46262544097487635
0.7283490355034223,-0.3291892307677202
0.7197786573736981,-0.5098030238027984
0.609451729115474,-0.4454732153306543
0.5348886585473309,-0.1325288335061483
0.6299710831708518,2.302424916924792
0.5280174033644358,0.6716756257748016
0.6526490956454021,0.10685574729327496
0.8181566097062686,-0.7036041199776698
0.5348886585473309,-0.34715129375616005
0.7162029298998526,-0.7026441667362585
0.7197786573736981,-0.00849597368801469
0.5348886585473309,0.04497565165454598
0.587170940395704,-0.05794054823653738
0.5196441549126277,-0.21931966071661707
0.7368159207279799,-0.3668301600863536
0.6299710831708518,-0.8707681702321939
0.7453862988577041,-0.29361092438740866
0.5390035450921078,-0.05585395388099451
0.7283490355034223,-0.5362250960680508
0.7197786573736981,-1.057848609663071
0.8408346221808188,-0.21330409040525045
0.5461885425619118,-0.25931629793292466
0.8181566097062686,-0.13414821089766693
0.5957413185254283,-0.48325790107075056
0.7453862988577041,-0.3163220538236389
0.7510270479779726,0.1354860173074568
0.6263953556970063,-0.20340052818872362
0.7078296814480445,-0.465618831949987
0.6299710831708518,-0.2520220950008598
0.6299710831708518,-0.17940661353678344
0.6246962327501772,0.1450190876979225
0.609451729115474,0.18648202234505207
0.4973633661928578,-0.40942932331852083
0.5280174033644358,0.5253270155719103
0.5196441549126277,0.10020206623706163
0.6373814974246783,-0.6434655679026108
0.8351938730605504,0.5461741234057516
0.6332666108799014,0.22668764691850063
0.617824977567282,0.4925480483830177
0.7283490355034223,-0.7873263024584688
0.5348886585473309,0.61452795498613
0.587170940395704,-0.38479940128441975
0.7424566698482483,1.296733092311411
0.6445664948944824,-0.5184468389688867
0.6855488927282746,0.925762004576732
0.8408346221808188,0.05666656664063352
0.6445664948944824,-0.5859292583829242
0.6180221072451982,-0.6237903113589859
0.5957413185254283,-0.13000886025691855
0.5196441549126277,-0.49914863048123853
0.8408346221808188,-0.49532675860578695
0.7078296814480445,-0.02507698687663662
0.6373814974246783,0.40420862694127435
0.4973633661928578,-0.28061598684396893
0.7283490355034223,-0.66941742249489
0.6299710831708518,-0.4839965658258524
0.4973633661928578,-0.2639199213699142
0.5957413185254283,-0.02248504361902648
0.4973633661928578,0.238999661321468
0.7368159207279799,-0.9138444304522964
0.7283490355034223,-0.7270487811886497
0.6332666108799014,0.10120627731265464
0.7271890716275246,-0.18468130926435278
0.7283490355034223,-0.13853625790827873
0.7283490355034223,-0.31086919424187315
0.8408346221808188,-0.5157124834869362
0.628811119294954,-0.8668671865141647
0.5348886585473309,-0.46109262076348806
0.5280174033644358,-0.7424848263672961
0.5390035450921078,-0.1838053109431505
0.6470083465251336,1.892202885834405
0.6855488927282746,-0.32531074454526504
0.7271890716275246,-0.8960243780902738
0.6470083465251336,0.2814205785105466
0.6445664948944824,-0.15017432367286576
0.6263953556970063,-0.34735294790188886
0.6263953556970063,1.021785598123736
0.8351938730605504,-1.1065263318521734
0.587170940395704,0.0618692204355028
0.6526490956454021,-0.3058202457930539
0.5461885425619118,-0.3062563131003549
0.7230741850827477,0.8679830326222645
0.6373814974246783,-0.579082023719202
0.7510270479779726,0.5941910154554328
0.6263953556970063,1.3926389991194543
0.8351938730605504,-0.4633013362708083
0.8181566097062686,-0.7264593121631074
0.6470083465251336,0.910014294963089
0.5196441549126277,-0.7319801933563493
0.7510270479779726,-0.3809350565239669
0.5390035450921078,0.3458510073709484
0.6373814974246783,0.6707368668056075
0.7343740690973286,1.29401308386639
0.8351938730605504,-0.7396683528025029
0.4973633661928578,-0.007968897855290258
0.8181566097062686,0.28640292566410974
0.7162029298998526,-0.5002548036728574
0.5390035450921078,0.2472273840712822
0.6855488927282746,0.6713015185640535
0.8351938730605504,-0.25640181642051774
0.7271890716275246,0.10912277720296015
0.5348886585473309,-0.5312305575407628
0.617824977567282,-0.1948995256435348
0.5280174033644358,-0.2741734880470816
0.7424566698482483,-0.5044208804585429
0.609451729115474,-0.8255086996579775
0.6373814974246783,1.0089027153197552
0.8351938730605504,1.7194879532464298
0.7271890716275246,0.08648143100801275
0.6470083465251336,1.3189515281466142
0.7162029298998526,-0.20136456795411584
0.5348886585473309,-0.11063935007003461
0.5390035450921078,0.8227434035143089
0.628811119294954,-0.08100814298225556
0.4973633661928578,0.6879301005062752
0.628811119294954,0.3610188058660643
0.7368159207279799,-0.7090179883288157
0.5348886585473309,0.5269166549059368
0.6246962327501772,-0.5938436076686608
0.8181566097062686,-0.23927380007384014
0.8408346221808188,1.3848313155998397
0.6332666108799014,0.5291052706400545
0.7453862988577041,0.8632596200285375
0.7510270479779726,0.2739006301947997
0.5461885425619118,-0.4635924821040334
0.4973633661928578,-0.34802343954376946
0.5196441549126277,-0.20610202965538338
0.5280174033644358,-0.4239321104117705
0.6332666108799014,0.6307406741046493
0.6180221072451982,-0.12517318040115788
0.7368159207279799,-0.04309045741037043
0.6332666108799014,-0.27561622282602505
0.6526490956454021,-0.797225604471807
0.6470083465251336,0.6498691102827155
0.609451729115474,0.14121431420388997
0.6299710831708518,-0.0004868604960367451
0.5957413185254283,-0.24408614256698274
0.6373814974246783,1.7695243848971818
0.6470083465251336,-0.5458622289763942
0.6299710831708518,-0.6948761781518669
0.7283490355034223,-0.3431306492846211
0.6526490956454021,0.011872504585876298
0.7453862988577041,-0.42420160929406314
0.6445664948944824,-0.3232787470347921
0.7283490355034223,0.20921136469509094
0.5196441549126277,1.3722470788488552
0.7510270479779726,-0.3851967920678432
0.6855488927282746,1.3324041118800385
0.6359961167647581,0.03082628743380833
0.8181566097062686,0.048622313675315
0.8351938730605504,-0.7258236370871988
0.6299710831708518,0.520031541847326
0.7162029298998526,-0.18762719557459573
0.5390035450921078,-0.1634390376328218
0.6180221072451982,-0.0635571047200626
0.8351938730605504,-0.33626623038909687
0.5196441549126277,-0.44828935497935596
0.7368159207279799,-0.04984995457949337
0.7283490355034223,0.7046735797885075
0.4973633661928578,0.13535050862346942
0.587170940395704,-0.8021215209422824
0.587170940395704,0.651017824174425
0.6445664948944824,-0.3166473029429731
0.6359961167647581,1.3240088745184972
0.8181566097062686,-0.5119263729507179
0.6332666108799014,0.03372754120078114
0.6855488927282746,-0.46107718379089313
0.6263953556970063,0.547123395777557
0.6526490956454021,0.36443866299326255
0.4973633661928578,-0.42087938327418395
0.6855488927282746,0.5360856311374701
0.5348886585473309,-0.42861291183067834
0.7453862988577041,-0.013021674380158332
0.6263953556970063,-0.24016226973988447
0.7162029298998526,-0.09193069920335573
0.7510270479779726,0.8372093523706159
0.6470083465251336,-0.43515832775579066
0.8408346221808188,0.20694125017068277
0.6246962327501772,1.0117516831027293
0.5196441549126277,-0.4905426416775731
0.8351938730605504,-0.5542794243949798
0.5461885425619118,-0.3818917943194088
0.8181566097062686,0.6227410815891058
0.5957413185254283,0.004844640380289755
0.587170940395704,0.4781349298094414
0.6246962327501772,-0.39337167729503864
0.7197786573736981,0.3294490755481355
0.7510270479779726,0.228731206719898
0.5461885425619118,-0.46365168632575116
0.6332666108799014,-0.3808801907256453
0.8351938730605504,1.0117512969695637
0.7424566698482483,0.1367575029308934
0.7283490355034223,-0.30816964866547153
0.5957413185254283,0.4571201475063582
0.7271890716275246,-0.12594453811150375
0.8181566097062686,-0.07979493578754293
0.6263953556970063,-0.6057782562494178
0.6332666108799014,-0.3437398409288266
0.4973633661928578,0.5394796833324418
0.7343740690973286,0.29939732383926
0.7078296814480445,0.06117589552276659
0.587170940395704,0.12330659823366685
0.4973633661928578,0.2621484484011175
0.5196441549126277,-0.49314751202650065
0.7510270479779726,1.0531017711109385
0.4973633661928578,-0.5049199453450521
0.6526490956454021,-0.25321869313365364
0.5957413185254283,-0.25682670978189165
0.7078296814480445,-0.3959567564049116
0.609451729115474,-0.16677086514833106
0.5461885425619118,-0.02414361125662634
0.6470083465251336,0.21726267980550473
0.5348886585473309,-0.39066866804888944
0.7162029298998526,-0.25747399684217104
0.6855488927282746,0.336062762028115
0.5196441549126277,-0.5753084620074749
0.6180221072451982,-0.22153430818362224
0.6526490956454021,-0.3385510184803602
0.5390035450921078,0.3252222263242087
0.7271890716275246,0.6931101883209588
0.7283490355034223,1.0323759405199346
0.6299710831708518,0.12715536842150876
0.7510270479779726,-0.3540102599641648
0.6526490956454021,-0.9450694426608027
0.7271890716275246,0.3017536523631633
0.5461885425619118,0.9516222600584857
0.7510270479779726,0.615542093849675
0.6445664948944824,0.09189957633523638
0.8408346221808188,-0.9084031157188472
0.5196441549126277,0.06380093229759098
0.7343740690973286,1.255241228476418
0.5348886585473309,-0.3655342293988524
0.7197786573736981,1.0608893786913165
0.5957413185254283,0.6565490526102475
0.7271890716275246,0.23881223879976632
0.6263953556970063,0.30429922094307216
0.7283490355034223,1.0356581605596902
0.7283490355034223,-0.04432560001339991
0.7078296814480445,0.0880655853454031
0.4973633661928578,0.15139996312481052
0.6299710831708518,-0.6094011033774913
0.7197786573736981,-0.6456832924418296
0.628811119294954,0.5951143010781351
0.609451729115474,-0.1318156140368026
0.8181566097062686,1.164536847630366
0.5461885425619118,-0.943820460369424
0.7424566698482483,-0.43317145963948867
0.5280174033644358,0.3789181852974882
0.5957413185254283,-0.5407847770606328
0.7343740690973286,-0.47484312237218856
0.5390035450921078,0.24244279540944946
0.6855488927282746,0.9499100373810322
0.6332666108799014,0.35623688685611876
0.6470083465251336,-0.47477786715542725
0.8408346221808188,0.32004620691771246
0.5280174033644358,0.43501129311958575
0.5461885425619118,-1.0058251357087729
0.7453862988577041,-0.3640748901968328
0.7078296814480445,1.019400048830882
0.7078296814480445,0.021608492138660118
0.6359961167647581,0.2667664811446192
0.5196441549126277,-0.730581135463795
0.5461885425619118,0.9228489767317741
0.6445664948944824,1.2084863450356407
0.8351938730605504,0.3427433272644973
0.6299710831708518,0.08591015911920075
0.5390035450921078,-0.3890102093675858
0.7453862988577041,0.7596147600999877
0.4973633661928578,0.12536800239787926
0.6855488927282746,-0.4222838033533048
0.6263953556970063,0.0951381924972241
0.7343740690973286,0.4388764725290475
0.7368159207279799,-0.057686886877343024
0.6180221072451982,-0.032148771590703284
0.7343740690973286,0.06768392734319095
0.6332666108799014,-0.2092514242955364
0.5348886585473309,0.20868011657033836
0.6332666108799014,-0.10974134995400564
0.7230741850827477,-0.31081580359342276
0.6526490956454021,0.23089263390573833
0.7368159207279799,1.4617547058326374
0.5280174033644358,-0.5904387007404568
0.6470083465251336,-0.08495136930517844
0.5461885425619118,-0.520871344577655
0.6445664948944824,0.5223779848332756
0.4973633661928578,-0.5436383261420552
0.6526490956454021,0.2269796435549235
0.6470083465251336,-0.5077105988492687
0.5348886585473309,-0.3180379054219713
0.6263953556970063,-0.23358194384344738
0.5196441549126277,0.343441477290908
0.7343740690973286,0.0767528833184502
0.6470083465251336,-0.1776145907148013
0.7230741850827477,-0.4444134326528162
0.5461885425619118,-0.3686162456979698
0.628811119294954,1.6107276719814694
0.6445664948944824,-0.4057393762089472
0.6246962327501772,0.2279265535929994
0.587170940395704,-0.641663135289123
0.5390035450921078,-0.4287931093321712
0.7197786573736981,0.6378277874222585
0.5348886585473309,0.6806757725295232
0.6332666108799014,-0.23257903034620675
0.5280174033644358,0.17695340184316055
0.609451729115474,-0.07069256488559605
0.7424566698482483,-0.4843839084788818
0.6263953556970063,0.08644420098277106
0.7343740690973286,-1.0756331644648673
0.6470083465251336,-0.05307787131394259
0.6470083465251336,0.8320537606067339
0.6526490956454021,-0.7251157078765271
0.628811119294954,-0.2516565321889938
0.5390035450921078,-0.32671453167182785
0.5461885425619118,-0.14993715066034635
0.5957413185254283,0.5151269906844349
0.587170940395704,-0.06938140107370594
0.5390035450921078,-0.2247216311879961
0.6526490956454021,-0.22584580777958024
0.8408346221808188,0.2316477339508466
0.617824977567282,0.3867339611541486
0.7271890716275246,-1.1554424205425216
0.5957413185254283,-0.49701271546598463
0.6855488927282746,0.1118431163438317
0.6373814974246783,-0.11687447005329954
0.8351938730605504,0.6306969654176791
0.7368159207279799,0.5838903019300652
0.6855488927282746,-0.3701015672288617
0.8351938730605504,0.3600369512617885
0.6855488927282746,0.011469136412766257
0.5461885425619118,-1.0128306281269555
0.7453862988577041,0.29089147363014256
0.7197786573736981,0.09088939115527028
0.7271890716275246,0.20883875598254487
0.5348886585473309,0.41765018035462464
0.8181566097062686,-0.7516866113225997
0.7197786573736981,0.09565889661906035
0.7283490355034223,-0.30633718297303775
0.4973633661928578,-0.722539982784415
0.6263953556970063,0.1912768819305264
0.7078296814480445,-0.6395792454993123
0.7162029298998526,-0.6678746819215152
0.609451729115474,1.0073419234073875
0.8181566097062686,-0.321355754846015
0.7230741850827477,0.45457556770633667
0.7510270479779726,0.610130360597138
0.617824977567282,0.909755272817904
0.609451729115474,1.5603844650260899
0.7283490355034223,-0.16399909990955652
0.7283490355034223,-0.36836613887954783
0.5390035450921078,-0.5284769446808887
0.6359961167647581,1.2041474024334953
0.8408346221808188,0.46789409206349963
0.7453862988577041,0.4147829768396024
0.7283490355034223,1.4761044832935164
0.7271890716275246,-0.17213980873432422
0.7453862988577041,0.580664438168406
0.609451729115474,-0.6118473964372215
0.6470083465251336,0.4677391992481835
0.4973633661928578,1.051614480884848
0.6332666108799014,-0.021202216206077984
0.609451729115474,-0.026654267394907727
0.6526490956454021,-0.8432275671366244
0.6526490956454021,0.46619046872375236
0.6373814974246783,-0.3321277402492108
0.5280174033644358,-0.24028630711393323
0.5461885425619118,-0.27125582382817287
0.8181566097062686,-0.9002010695650196
0.6246962327501772,0.6302574201591508
0.5280174033644358,-0.4084892246901301
0.6180221072451982,0.04832175226178381
0.6332666108799014,0.5862667771609344
0.6332666108799014,1.1192192477958867
0.6180221072451982,-0.28736280446773715
0.7453862988577041,0.30862537220497444
0.6299710831708518,-0.654102415822034
0.6373814974246783,-0.22662892594341105
0.6470083465251336,-0.2760907227714028
0.8181566097062686,-0.9354619594434097
0.7510270479779726,-0.3898975304010161
0.6373814974246783,-0.1341311537797315
0.6470083465251336,0.11363373078417405
0.7197786573736981,-0.7790105370036966
0.6299710831708518,-0.878583223066773
0.5390035450921078,-0.9244169392782394
0.7453862988577041,-0.3620702126536807
0.7368159207279799,-0.40711117489417226
0.6299710831708518,-0.3710612398899722
0.7230741850827477,0.26096274283468246
0.8351938730605504,-0.7194278925109486
0.6373814974246783,-0.5123363614260867
0.6470083465251336,0.7529405407929372
0.6855488927282746,-0.5242726600586578
0.8408346221808188,-0.36308432599701684
0.6180221072451982,0.706946486322035
0.4973633661928578,-0.43812276052142823
0.5390035450921078,0.27374510565757115
0.5390035450921078,-0.18661605918107582
0.5348886585473309,-0.8028445772156855
0.7453862988577041,-0.4759795830738507
0.7343740690973286,0.4965278206575874
0.6246962327501772,-0.6953996377935354
0.6180221072451982,-0.40071362688769585
0.7197786573736981,0.7807313616477941
0.6526490956454021,-0.6131045887644879
0.587170940395704,-0.16331014197250232
0.6526490956454021,-0.31068127314422533
0.7283490355034223,-0.11207949755559421
0.7453862988577041,0.1254682679004966
0.6470083465251336,-0.8161402702056106
0.6263953556970063,-0.06568976181592845
0.6470083465251336,0.1659164569543945
0.7453862988577041,-0.059155279908713276
0.7343740690973286,-0.4675321519887225
0.8408346221808188,0.17047068218800143
0.7078296814480445,1.784909439298969
0.7230741850827477,-1.1333244236578153
0.6332666108799014,-0.16508977420080245
0.5280174033644358,0.3035971428383729
0.6299710831708518,-0.17213416914570717
0.8351938730605504,-0.6159701542614392
0.7283490355034223,-0.4716501737787021
0.7078296814480445,-0.6279153204777447
0.5348886585473309,0.034485815286406374
0.7230741850827477,-0.6893342331286031
0.6263953556970063,0.020398833374000502
0.628811119294954,0.7956086197379671
0.7197786573736981,0.7958768316424955
0.7368159207279799,0.4720399420389221
0.4973633661928578,-0.1390554862033908
0.7424566698482483,-0.6866257311582252
0.609451729115474,-0.17577053209994808
0.609451729115474,-0.13701649611569922
0.6445664948944824,1.6686159769964828
0.6855488927282746,0.3980295857365642
0.7271890716275246,-0.9720273867120153
0.6526490956454021,-0.548438280635082
0.7283490355034223,-0.3369648668372342
0.7424566698482483,-0.5944268270403595
0.6299710831708518,-0.49320466641301275
0.6470083465251336,-0.9823268289873947
0.6359961167647581,0.7649150465073022
0.6445664948944824,-0.2428677372414515
0.5390035450921078,0.5383880352780381
0.6299710831708518,-0.7164389715067917
0.6246962327501772,0.629307280242999
0.5196441549126277,-0.175885174038043
0.609451729115474,-0.780682496707904
0.8408346221808188,-0.5974540281386905
0.5390035450921078,0.21389290957228413
0.7368159207279799,-0.49890474946238483
0.5196441549126277,0.043076863941210575
0.7197786573736981,-0.3021956023822246
0.5348886585473309,-0.5583594553648956
0.5348886585473309,-0.7935180762459715
0.7283490355034223,0.08233986270865246
0.617824977567282,0.1298837757261866
0.6263953556970063,-0.36690784047969144
0.6445664948944824,-0.1770840411217282
0.609451729115474,-0.4985537634611319
0.4973633661928578,0.3938400952241975
0.5196441549126277,-0.5540731905092123
0.7510270479779726,0.22699034295554854
0.8181566097062686,0.31783103664630963
0.8181566097062686,-0.5155409504191701
0.4973633661928578,0.7615580003878986
0.7230741850827477,-0.7254911034806886
0.4973633661928578,0.48633147708475577
0.8408346221808188,-0.040223779120950987
0.6299710831708518,0.5420410365043182
0.4973633661928578,-0.70477321885685
0.5390035450921078,-0.49947499470865736
0.5957413185254283,0.10252831981698463
0.7424566698482483,-0.30693838334072
0.5957413185254283,1.0409724037560033
0.7424566698482483,0.04223602212137889
0.6246962327501772,1.0225666692728899
0.6470083465251336,0.4342183514595176
0.6263953556970063,-0.6469946722453294
0.5196441549126277,-0.033830908856441244
0.5348886585473309,-0.23372470149579938
0.6855488927282746,-0.16318647441671752
0.6855488927282746,-0.20982167451299705
0.6263953556970063,-0.4765030728428649
0.6373814974246783,-0.7052456490238928
0.7424566698482483,1.2712518775932549
0.5390035450921078,1.0413547644661463
0.4973633661928578,-0.6315624102115253
0.6373814974246783,-0.4481778433598922
0.6526490956454021,-0.5938985110923416
0.6373814974246783,1.0479009998085282
0.8351938730605504,1.6141156331744688
0.5280174033644358,-0.47847390398589373
0.8408346221808188,-0.26264076594620944
0.7510270479779726,-0.6160023957995172
0.6359961167647581,0.9244661082915211
0.6526490956454021,-0.12022921521619456
0.7453862988577041,-0.43559492329830013
0.7197786573736981,0.1421223278900936
0.6373814974246783,-0.24115230942047916
0.6332666108799014,0.6451986067003312
0.5957413185254283,-0.14699388501294774
0.7230741850827477,-0.8728096430292781
0.7271890716275246,-0.33419432965431173
0.6180221072451982,0.46105109739325656
0.7230741850827477,-0.5211220746207141
0.7283490355034223,0.08556180090454357
0.7510270479779726,0.18265434591630758
0.6180221072451982,1.8320758640347297
0.5390035450921078,-0.10362791666724663
0.7162029298998526,1.3668676563252022
0.7162029298998526,-0.5126387700237298
0.7424566698482483,1.9748184769640589
0.6359961167647581,-0.07382228912352962
0.7283490355034223,0.24394823594724246
0.7271890716275246,0.5225780423452556
0.7197786573736981,0.2967464378625636
0.6470083465251336,-0.20377332074913446
0.6180221072451982,-0.34018448276667057
0.5280174033644358,-0.07188243850455606
0.628811119294954,1.1459204275802763
0.6855488927282746,-0.4142996781501474
0.5390035450921078,-0.38400505332474755
0.6263953556970063,-0.6053464465093445
0.7078296814480445,-0.7143733445868745
0.6180221072451982,0.9247669201328582
0.5280174033644358,-0.43923987859959013
0.6332666108799014,-0.40165533217557625
0.5390035450921078,0.10557998064318297
0.7283490355034223,0.9898897378083975
0.5461885425619118,0.09780820393399614
0.587170940395704,-0.7263463447989158
0.5348886585473309,-0.5027823273062817
0.7162029298998526,0.6143983138960522
0.6526490956454021,0.042030759747925917
0.7078296814480445,-1.1789510551687252
0.6445664948944824,-0.09690247420751985
0.5196441549126277,-0.09234299812004332
0.7368159207279799,-0.6806954509207733
0.7230741850827477,0.28858250685826514
0.6470083465251336,0.022032548254450113
0.6855488927282746,-0.6617578571679118
0.7283490355034223,-0.23637613273744756
0.7424566698482483,-0.20619490511468086
0.6263953556970063,0.10703721143850453
0.7197786573736981,0.925828451691353
0.6359961167647581,-0.27313055430777117
0.5348886585473309,-0.4666246793112267
0.7078296814480445,0.1807012066879502
0.6526490956454021,-0.4025960737153083
0.7197786573736981,0.2242520586459935
0.8351938730605504,-0.6814896643150963
0.6445664948944824,-0.08002110599333012
0.6373814974246783,-0.42108042255298733
0.6373814974246783,-0.17514526901516747
0.7453862988577041,-0.10949880782748911
0.609451729115474,0.8661402726673764
0.587170940395704,-0.12982679283017595
0.7453862988577041,-0.3475295275472331
0.7162029298998526,1.609242835291362
0.4973633661928578,-0.25102967678003807
0.6299710831708518,-0.12314185436099145
0.5957413185254283,0.32581950200607634
0.7453862988577041,-0.4268359178646838
0.7197786573736981,1.277080344608545
0.6470083465251336,0.26632525735451706
0.6445664948944824,0.25604101569087534
0.6299710831708518,-0.5500067785713837
0.6855488927282746,0.4865279301785804
0.6359961167647581,0.06756311973041329
0.6373814974246783,0.2196714130806695
0.7283490355034223,1.2180754241293497
0.587170940395704,-0.08163301188762162
0.5280174033644358,2.0783951288650635
0.8408346221808188,-0.5464026814038663
0.5957413185254283,0.3309045731391814
0.6445664948944824,-0.2694682961261895
0.6299710831708518,-0.30519172835949077
0.5280174033644358,-0.538361418712241
0.7078296814480445,0.06714118912277245
0.628811119294954,-0.6373786157044079
0.5390035450921078,0.004831232268717844
0.6855488927282746,-0.4561915669714552
0.6373814974246783,-0.04780770815917679
0.5348886585473309,-0.5954649065401586
0.5957413185254283,0.6127785422457155
0.5280174033644358,0.37726257199911484
0.8351938730605504,0.2627635011991749
0.617824977567282,1.2793340415629468
0.7510270479779726,-0.5167347554783215
0.6180221072451982,-0.30834921510134283
0.5280174033644358,-0.36028737028208346
0.6855488927282746,-0.07944043496178887
0.6299710831708518,-0.7892628725489595
0.7343740690973286,-1.075151620293071
0.6373814974246783,-0.6182724439395687
0.5390035450921078,-0.07507332168543968
0.4973633661928578,0.07635936357567696
0.7162029298998526,-0.3144327730604875
0.5390035450921078,1.0541674962859504
0.7343740690973286,-0.9323568247634442
0.6246962327501772,-0.26723908480318576
0.8351938730605504,-0.4788346289493033
0.7368159207279799,1.7852631198713629
0.6332666108799014,0.20759364393823276
0.5196441549126277,-0.43451287753665513
0.5280174033644358,1.5938386880461666
0.6359961167647581,-0.15318522672444523
0.6526490956454021,0.13496554608884692
0.7343740690973286,-0.32853463106066383
0.7424566698482483,0.2663564686796721
0.6263953556970063,0.18656204882270244
0.7283490355034223,-1.0362519106729433
0.7453862988577041,-0.14114809456949773
0.6263953556970063,0.009124142108829614
0.587170940395704,-0.44090204032479274
0.8181566097062686,1.0154544837914417
0.8351938730605504,-0.3374547654398309
0.5348886585473309,0.3299384065322115
0.609451729115474,1.5352859528861573
0.7343740690973286,-0.25774574419180907
0.617824977567282,0.996012761418592
0.617824977567282,-0.4209936977832141
0.609451729115474,-0.23621447063810525
0.5390035450921078,-0.41105106067628383
0.6470083465251336,0.4346901401706297
0.5461885425619118,-0.7371658928800455
0.6855488927282746,0.49505871909473964
0.5280174033644358,0.1654506757016806
0.8408346221808188,1.0849936868897672
0.5461885425619118,-0.15829823719500968
0.7078296814480445,-0.5022644474430689
0.6246962327501772,-0.4762686414525942
0.7283490355034223,-0.2581554243283861
0.6526490956454021,-0.15211862557490596
0.6180221072451982,-0.4068154378709282
0.8408346221808188,1.4845916437172222
0.8181566097062686,-0.18195371297855834
0.5461885425619118,-0.36658701503922
0.5196441549126277,-0.19090157237806432
0.7197786573736981,-1.3596772412527436e-05
0.8408346221808188,0.7983943179541105
0.8351938730605504,-0.5532141783042996
0.8181566097062686,-0.47710985218454915
0.8351938730605504,0.4100064275588502
0.7424566698482483,-0.03304251683116577
0.6470083465251336,1.0954161551536439
0.6246962327501772,0.0420375655405717
0.7230741850827477,-0.19694344446554823
0.8408346221808188,-0.2894849042626174
0.5957413185254283,-0.11872576784663175
0.5196441549126277,1.9343506248150977
0.7453862988577041,-0.25167969289006353
0.7078296814480445,-0.7610359623225896
0.7271890716275246,-0.48216113980106046
0.6359961167647581,1.2230859787610002
0.7510270479779726,-0.3087175093799222
0.5280174033644358,-0.38310647890879634
0.8181566097062686,-0.1609045701495686
0.7424566698482483,0.47717235376381584
0.6359961167647581,-0.14689593050934902
0.617824977567282,0.2766952472074615
0.5461885425619118,0.36404101746635065
0.8351938730605504,-0.6240350525436186
0.7283490355034223,0.48751091590828044
0.7343740690973286,-0.15918525831372043
0.617824977567282,-0.2561968210668713
0.7271890716275246,0.13434409851921114
0.6445664948944824,0.34717973795190304
0.6299710831708518,0.31512103796638347
0.5461885425619118,0.5020197053440233
0.5348886585473309,-0.05219655700679443
0.7510270479779726,-0.4705172599758235
0.8351938730605504,-0.35985599624154474
0.7271890716275246,-0.4185061194826362
0.6359961167647581,0.022469242270423684
0.7453862988577041,-0.08641212060473402
0.7510270479779726,1.0786832900300092
0.5196441549126277,-0.7533194710869877
0.7510270479779726,-0.5482431142285121
0.6855488927282746,0.2509822921510092
0.4973633661928578,-0.2107522169903842
0.5957413185254283,-0.7159425256002938
0.6299710831708518,0.2658283691578308
0.7271890716275246,1.1196649804272938
0.7197786573736981,-0.23065995331917016
0.8408346221808188,-0.12058510061880456
0.5461885425619118,-0.6436497842355082
0.8181566097062686,-0.48274500678649684
0.6470083465251336,-0.1281077135842158
0.8408346221808188,-0.7447794472353386
0.5280174033644358,-0.22190253847209762
0.6180221072451982,0.8177332406114096
0.6180221072451982,-0.46890691280061336
0.617824977567282,0.3366333361799003
0.7368159207279799,0.03698676432008163
0.5390035450921078,0.05699921948132447
0.4973633661928578,0.747096656621
0.6263953556970063,0.5840074418466763
0.5390035450921078,-0.08757155614309686
0.7368159207279799,0.9448232787190907
0.6332666108799014,0.7993576284816801
0.6526490956454021,1.672414942071058
0.6299710831708518,-0.42242120365098396
0.6246962327501772,0.3564374114296919
0.6470083465251336,-0.4488982538828615
0.5957413185254283,-0.18757792074396878
0.7424566698482483,-0.3911483203202065
0.6373814974246783,-0.4137310346159482
0.6332666108799014,0.8115126491893299
0.617824977567282,0.6353040667712916
0.5280174033644358,-0.04338849679628859
0.5390035450921078,-0.5059057696819359
0.6299710831708518,1.5633504538703442
0.8351938730605504,0.9929461741833083
0.7453862988577041,-0.37967660149467125
0.6246962327501772,-0.048814540547877816
0.8351938730605504,0.5216895968776483
0.7271890716275246,1.0757817646989367
0.7271890716275246,-0.23844747477170658
0.5390035450921078,-0.9081606394377442
0.5348886585473309,-0.6094983103783687
0.6180221072451982,0.19414840615220097
0.6445664948944824,0.36205849375916677
0.5280174033644358,-0.42680088220555923
0.6359961167647581,-0.08143376165248206
0.7162029298998526,-0.2909922549541923
0.7283490355034223,0.21133926588031748
0.6263953556970063,-0.08389764967652158
0.6299710831708518,1.0673695505553653
0.8351938730605504,-0.6125938294201829
0.7230741850827477,-0.21361946056952852
0.6332666108799014,-0.41807950831775587
0.5461885425619118,0.8088884887260154
0.6180221072451982,0.030088585277007085
0.6246962327501772,0.5312676881271222
0.628811119294954,1.1178889702250534
0.6263953556970063,-0.20340052818872362
0.6445664948944824,1.267610625234108
0.5348886585473309,0.8622962595918076
0.6526490956454021,-0.13679193132970202
0.7343740690973286,-0.4175590617724801
0.8351938730605504,-0.2994957894631245
0.5280174033644358,-0.15289803839281635
0.7078296814480445,0.6932614899181115
0.7078296814480445,-0.05945933674402426
0.6445664948944824,0.6414105013608077
0.7271890716275246,-0.5412854381366372
0.6526490956454021,-0.44811556146817655
0.5390035450921078,0.5302629709684201
0.6263953556970063,0.31661344832597826
0.7283490355034223,-0.47154698071347945
0.7271890716275246,1.2036408110689405
0.587170940395704,-0.0005837167567284141
0.7271890716275246,1.7296870084921934
0.5196441549126277,1.35502766983744
0.8408346221808188,-0.0540639562084505
0.7368159207279799,0.44454881632562415
0.587170940395704,0.007624108306905186
0.5348886585473309,0.8378171195444051
0.7162029298998526,0.17965102644869257
0.587170940395704,0.888122088409529
0.5280174033644358,0.008419942183089946
0.5957413185254283,-0.4510627002321981
0.5957413185254283,0.13314147079887106
0.609451729115474,-0.7266068619490179
0.7424566698482483,-0.47464052469680046
0.4973633661928578,-0.4140611764067773
0.7453862988577041,-0.45486780286107537
0.6470083465251336,0.026627010467852208
0.6526490956454021,-0.37781011880919746
0.8351938730605504,1.0813180371482456
0.6299710831708518,0.4575638778216644
0.5280174033644358,-0.13808382071205055
0.7510270479779726,-0.4673066877685002
0.5196441549126277,-0.6630915201511766
0.5196441549126277,0.1703956527689744
0.6263953556970063,-0.36999027345914
0.6263953556970063,0.5397417718729285
0.6299710831708518,-0.2628145336845636
0.7510270479779726,0.5057729322393238
0.8408346221808188,-0.2972072853399239
0.7343740690973286,-0.6021530971881526
0.6263953556970063,-0.4650276385847828
0.7230741850827477,0.5735808216650379
0.5957413185254283,-0.4386523596719688
0.587170940395704,-0.30941057570860697
0.6332666108799014,0.28927832263408637
0.587170940395704,-0.5711023347125399
0.6299710831708518,0.17973531782254915
0.5461885425619118,-0.41115008612966897
0.7230741850827477,0.40793129937116823
0.617824977567282,0.6225932789678258
0.7197786573736981,-0.21545560960303178
0.7453862988577041,0.298750198054034
0.6299710831708518,0.44791329225553045
0.5196441549126277,-0.35262457853785756
0.7453862988577041,-0.4356862606533786
0.7343740690973286,-0.36002240306539757
0.7453862988577041,-0.6802122297233394
0.6180221072451982,1.0671120838871095
0.5280174033644358,-0.20928574723436172
0.7424566698482483,-0.3130914582518439
0.6526490956454021,-0.5932877655641378
0.5390035450921078,0.019063272368230244
0.6526490956454021,0.012665682089223251
0.8351938730605504,-0.6673972103331397
0.6299710831708518,-0.15698365983101542
0.7230741850827477,-0.5836914450120432
0.617824977567282,0.6601355073905065
0.5390035450921078,-0.3801000634560683
0.587170940395704,-0.4559096349706069
0.7271890716275246,-0.6216736879821092
0.6299710831708518,0.33124903633015856
0.7283490355034223,0.38146682478631977
0.6526490956454021,-0.3727456987944251
0.587170940395704,0.047976719748789476
0.6373814974246783,0.11159600713327034
0.7078296814480445,-0.3227276336221134
0.628811119294954,-0.5338994734262485
0.6526490956454021,-0.6105731356882325
0.5390035450921078,0.6603685019621213
0.7283490355034223,-0.4548969305041229
0.5461885425619118,-0.2995540369579428
0.6526490956454021,0.15565741499729846
0.6263953556970063,-0.30246291469366937
0.6359961167647581,0.8754204158814116
0.7368159207279799,-0.17723887642914005
0.7230741850827477,-0.9139426024846353
0.6470083465251336,0.17903543772354624
0.7078296814480445,0.6283493491103849
0.7078296814480445,-0.8550877698178474
0.7162029298998526,0.3519636219869565
0.7197786573736981,0.6024892114993782
0.7230741850827477,-0.5706056621456632
0.617824977567282,0.06748638298224385
0.6855488927282746,0.3251786194647398
0.8351938730605504,0.019316812250858018
0.6359961167647581,0.12959832201250332
0.6246962327501772,-0.026923154035300878
0.7197786573736981,0.025087489472643942
0.7230741850827477,0.5563061487491746
0.609451729115474,0.45652782327988684
0.7283490355034223,-0.3178792715836935
0.7453862988577041,1.1340501396931741
0.6855488927282746,-0.22041045436244422
0.6359961167647581,-0.3359105615331799
0.6526490956454021,-0.5247279359840854
0.609451729115474,-0.3880938511680515
0.7283490355034223,0.047905812482784915
0.7197786573736981,-0.16409074489407882
0.8408346221808188,0.9537448670460936
0.6470083465251336,1.9067803619436714
0.6299710831708518,-0.5680406789591992
0.5461885425619118,-0.39956705035621765
0.8408346221808188,-0.40954414493597074
0.7453862988577041,0.29661941191474794
0.7283490355034223,-0.919282085005285
0.6373814974246783,-0.1698675899652699
0.4973633661928578,0.4840276789829777
0.6445664948944824,-0.02861061197520154
0.5196441549126277,-0.17521614951278264
0.6299710831708518,-0.6822153559063151
0.7271890716275246,0.7562135790048249
0.5348886585473309,1.4046227334887065
0.5348886585473309,0.2968226168354471
0.5348886585473309,0.6316302229406121
0.5461885425619118,-0.4476244805559716
0.6445664948944824,0.773338445625389
0.7453862988577041,0.895712205511075
0.609451729115474,-0.43716417834467736
0.6299710831708518,0.5820148005014316
0.7424566698482483,1.1729603683539214
0.8351938730605504,-0.23373520845426077
0.8351938730605504,-0.08707732565427373
0.6526490956454021,-0.27050092681665067
0.5280174033644358,-0.10509679940403088
0.5348886585473309,-0.3172266635443206
0.4973633661928578,-0.1368177330561176
0.7424566698482483,1.806393871195079
0.5461885425619118,-0.3122341198746197
0.5461885425619118,0.21203081359111153
0.5957413185254283,-0.03947352888415967
0.5348886585473309,-0.6102564855197048
0.6470083465251336,0.09374868284575133
0.7453862988577041,-0.5021224452146213
0.8181566097062686,-0.6560677776872448
0.7162029298998526,-0.44008294150996186
0.5196441549126277,-0.11804055952434972
0.6180221072451982,0.12224975610022848
0.5957413185254283,-0.28685018180725874
0.7424566698482483,0.1520668662084883
0.5348886585473309,-0.5324840519360151
0.617824977567282,0.9576990865630087
0.8351938730605504,-0.7358796293247389
0.5280174033644358,-0.22708766998172264
0.7197786573736981,-0.6646794845587953
0.5348886585473309,-0.517113575523548
0.5390035450921078,0.3352539590143516
0.8351938730605504,-0.6920395175180044
0.6299710831708518,-0.445369627322758
0.6526490956454021,0.02517990842143847
0.587170940395704,0.12003559265665142
0.4973633661928578,-0.763847184381514
0.7230741850827477,-0.24456068025878214
0.6470083465251336,-0.5237113849832403
0.6180221072451982,0.7889393603404836
0.6855488927282746,-0.7991131897895856
0.7343740690973286,-0.05582517691851563
0.6526490956454021,-0.6538171776000724
0.7343740690973286,-0.566860443886412
0.6359961167647581,-0.6552566150377841
0.8181566097062686,0.07997292138597811
0.7510270479779726,0.75002840955817
0.5461885425619118,-0.09527153450649928
0.4973633661928578,0.8876666710062651
0.5280174033644358,-0.02142301867503127
0.7197786573736981,-0.1323982416471442
0.617824977567282,-0.6758533226288217
0.7162029298998526,-0.4854234069663734
0.6470083465251336,-0.7969029463244304
0.6180221072451982,0.6376276048812847
0.7424566698482483,0.20028275132694195
0.5390035450921078,-0.8527438021509957
0.6263953556970063,0.4897842533750498
0.6299710831708518,0.2203977284471622
0.7162029298998526,-0.46753230450262656
0.5196441549126277,0.1124354338693403
0.609451729115474,-0.6629660143946247
0.5196441549126277,-0.5255228003397269
0.8181566097062686,0.17081434700243703
0.6373814974246783,-0.6424448948243607
0.5280174033644358,-0.3162700628809605
0.6299710831708518,-0.47897336873285845
0.6332666108799014,0.3296821089283294
0.5196441549126277,0.02432807961998551
0.609451729115474,-0.7898683414551169
0.5957413185254283,0.4273627771114643
0.7271890716275246,-0.6463052716173463
0.6180221072451982,0.9971062836688468
0.6359961167647581,-0.5454879938698113
0.6855488927282746,-0.3715180189483077
0.5196441549126277,-0.2637398650692333
0.7078296814480445,-0.523887438684091
0.5461885425619118,0.6721646860387763
0.5348886585473309,-0.7526827935366817
0.6263953556970063,0.7877396334286362
0.617824977567282,-0.4122463909914169
0.5196441549126277,0.07957661299549024
0.7510270479779726,-0.3469865541510516
0.7283490355034223,-0.03406405249047817
0.7230741850827477,-0.11457365241245976
0.6526490956454021,0.6295957234547471
0.6332666108799014,0.5717235357786556
0.5280174033644358,0.7998089073037635
0.7271890716275246,-0.14037248821387593
0.5280174033644358,-0.5108648530394653
0.7271890716275246,-0.5013190804303733
0.8351938730605504,0.495091037437706
0.5461885425619118,0.5622287858750538
0.6299710831708518,-0.2561250989713811
0.5196441549126277,-0.25562019158437177
0.5390035450921078,-0.35560906408731846
0.6263953556970063,-0.3383415273686454
0.7230741850827477,-0.14210341793949655
0.628811119294954,-0.4424591123549044
0.7283490355034223,-0.004674201801183164
0.6855488927282746,-0.13826205203044672
0.6299710831708518,-0.6957286937625274
0.7453862988577041,-0.4248343342054036
0.8351938730605504,-0.6837411437152564
0.6526490956454021,-0.47025170838825925
0.6373814974246783,-0.13157705871255843
0.5196441549126277,0.23540880290395882
0.628811119294954,-0.09419699883250787
0.7197786573736981,-0.2774127686629763
0.628811119294954,-0.5777975239895101
0.7271890716275246,0.3320315879356738
0.8351938730605504,0.5475992157471905
0.7271890716275246,-0.5995511992270386
0.6526490956454021,-0.5899391202709398
0.8181566097062686,0.5916802150323889
0.5957413185254283,0.7321756360848646
0.609451729115474,0.5177896093206513
0.7453862988577041,-0.10193920881830898
0.7510270479779726,-0.17574693159695576
0.8408346221808188,1.0475842828611786
0.6445664948944824,1.860390994847982
0.7283490355034223,-0.7430776713013046
0.6526490956454021,0.3634887811515941
0.8181566097062686,0.5803384443417839
0.6332666108799014,-0.4993892531218612
0.6373814974246783,1.0367580415933642
0.5461885425619118,0.06983728401258937
0.5196441549126277,0.7543145596738537
0.7078296814480445,-0.11612226829551131
0.6359961167647581,-0.29128179676034793
0.5390035450921078,-0.6797524643635932
0.8181566097062686,-0.6363273407356564
0.7197786573736981,-0.17843123888746082
0.4973633661928578,-0.3613061037596805
0.7162029298998526,-0.6314228153633342
0.6373814974246783,-0.31420381448572293
0.7162029298998526,-0.5602852407254767
0.7453862988577041,-0.35697220321066475
0.628811119294954,-1.0445576505074352
0.6359961167647581,0.6688473790260445
0.6445664948944824,0.01645808517757885
0.5390035450921078,-0.1756884657276676
0.6332666108799014,-0.3773658824300695
0.8181566097062686,-0.46315187979342987
0.7162029298998526,-0.09883820727707504
0.628811119294954,1.004351757227361
0.6373814974246783,-0.18257539276638218
0.5280174033644358,-0.259121440028684
0.8351938730605504,0.7960003060926846
0.7078296814480445,0.2968842236955389
0.6263953556970063,1.2316596995006939
0.6526490956454021,-0.820423576094997
0.587170940395704,-0.5341093403954469
0.7271890716275246,-0.40175084354193064
0.6373814974246783,0.5544393399248189
0.7453862988577041,-0.2572108443916449
0.6526490956454021,-0.8604841718672278
0.8181566097062686,-1.0376987787894962
0.6180221072451982,-0.4682803897694945
0.5461885425619118,0.26479962753212505
0.5196441549126277,0.6616402737476931
0.4973633661928578,0.8471502075785549
0.8408346221808188,0.9343217079242062
0.7368159207279799,-0.8063956072146523
0.6470083465251336,-0.6332003176464892
0.7162029298998526,1.3375066282934749
0.6445664948944824,-0.31515232219400713
0.5957413185254283,-0.1461398425060757
0.6855488927282746,-0.05712926451571998
0.628811119294954,0.13724515433459106
0.7510270479779726,0.8419234306284502
0.7343740690973286,-0.5948729433573574
0.6180221072451982,-0.2802144769394457
0.8181566097062686,-0.45021650661096674
0.6526490956454021,-0.3992071321749259
0.5348886585473309,1.0568049100713126
0.6299710831708518,-0.2763233365685624
0.6332666108799014,-0.48031396267007526
0.617824977567282,-0.39757585106144266
0.6373814974246783,-0.09735595134460706
0.6180221072451982,-0.1170825903912096
0.5280174033644358,-0.4037673241852527
0.7078296814480445,-0.7086800428995979
0.5196441549126277,0.6826743618438437
0.6299710831708518,-0.4960141310771945
0.6299710831708518,-0.3086908775860588
0.5348886585473309,-0.339031045610505
0.7230741850827477,0.6007634597716854
0.7343740690973286,-0.30475301270243604
0.7343740690973286,1.0686656053838768
0.6855488927282746,0.12958899215473596
0.4973633661928578,-0.533824673998099
0.7453862988577041,-0.49275726836702344
0.8408346221808188,0.1890367989613887
0.6299710831708518,-0.23098377746107435
0.7343740690973286,0.6157728495332648
0.7424566698482483,1.0157629926114224
0.7230741850827477,-0.33508577534402334
0.5196441549126277,-0.051180398142393446
0.6332666108799014,0.978048857838554
0.7343740690973286,0.08300278946195072
0.6359961167647581,0.3624936546916758
0.5196441549126277,0.7523032946842855
0.8408346221808188,0.6980577282520678
0.8181566097062686,0.3476860737465034
0.6526490956454021,0.22962385711347966
0.7368159207279799,-0.12053698759918563
0.8351938730605504,-0.42676629074227657
0.6855488927282746,-0.5026367603615391
0.5461885425619118,0.41858278175892727
0.4973633661928578,0.6020625247527489
0.628811119294954,-0.3666918848500117
0.7453862988577041,0.33986577156374065
0.7424566698482483,0.495071696299194
0.6246962327501772,0.25934635223004443
0.6526490956454021,-0.6450454765367626
0.6332666108799014,-0.19027934674883595
0.6470083465251336,0.9870385262191782
0.5196441549126277,-0.557792643101144
0.7271890716275246,-0.09207013015453691
0.7283490355034223,0.8137934924662547
0.8181566097062686,1.7677802309018062
0.8408346221808188,-0.6415119894887293
0.5957413185254283,-0.18025974312393567
0.6263953556970063,0.00018254980624909933
0.5280174033644358,0.527528673020377
0.5348886585473309,0.27515565427069555
0.5280174033644358,0.35403540302533254
0.6373814974246783,0.5486580733847357
0.5280174033644358,0.6547847968088834
0.6359961167647581,-0.26755169564418807
0.7162029298998526,0.3455191039861255
0.7510270479779726,0.12288681452037709
0.7368159207279799,0.12251043495151481
0.8181566097062686,0.8975166755931848
0.7283490355034223,-0.6827852132335821
0.617824977567282,0.9197118027702186
0.5348886585473309,0.7911051219971674
0.7510270479779726,0.004920644256286355
0.7510270479779726,-0.3558236785113702
0.6470083465251336,0.33452600784428366
0.609451729115474,0.849439836737869
0.5280174033644358,1.3847282769822884
0.7343740690973286,0.9040706485915293
0.6526490956454021,1.5743009259223375
0.5348886585473309,0.8449220540755069
0.6373814974246783,0.017759719874327673
0.628811119294954,-0.504932919173446
0.6246962327501772,0.43024444955249097
0.7453862988577041,2.503888720654469
0.7510270479779726,0.8365548932905205
0.587170940395704,-0.29552162287805667
0.6526490956454021,-0.39482813638036424
0.8181566097062686,-0.697968912048282
0.6263953556970063,-0.5887784279204095
0.7453862988577041,-1.0056672349199114
0.5280174033644358,-0.37180747383086404
0.6180221072451982,0.3951638748110117
0.5957413185254283,0.3591020187523477
0.7283490355034223,0.9138160913426359
0.6445664948944824,-0.5691957917501982
0.7453862988577041,0.37137434103620015
0.617824977567282,-0.36042053114898925
0.7271890716275246,-0.21578831327973724
0.5957413185254283,-0.35175693393241636
0.5461885425619118,0.6576235588566123
0.5390035450921078,-0.7567602565110405
0.7424566698482483,-0.046802434585182295
0.6180221072451982,-0.037354276779520856
0.6470083465251336,0.2176468008121677
0.7162029298998526,-0.6268190029670937
0.4973633661928578,0.06289438706766204
0.6470083465251336,-0.5996241226106733
0.5280174033644358,-0.30211964835424115
0.7271890716275246,-0.2288472269585055
0.6526490956454021,1.1708044349876159
0.8181566097062686,-0.6008616481020068
0.587170940395704,-0.19776489148708143
0.7197786573736981,-0.6244522049742826
0.5348886585473309,-0.1420973920249486
0.7453862988577041,-0.3029772341122589
0.8181566097062686,2.151689140329011
0.617824977567282,0.13312487036760257
0.5957413185254283,0.28054258648890895
0.8181566097062686,-0.1434646336301072
0.8408346221808188,-0.5834017277146673
0.6855488927282746,0.8516677066908945
0.5957413185254283,-0.28992470042884
0.6470083465251336,0.4253115055173532
0.6246962327501772,-0.5327665786729495
0.5957413185254283,0.19423656707590586
0.6359961167647581,-0.3984771092225303
0.5280174033644358,-0.16998106653799444
0.7230741850827477,-0.602261432569041
0.7230741850827477,1.0493938621550782
0.7510270479779726,0.3182464019224174
0.5461885425619118,-0.5539463567326532
0.6180221072451982,0.4896222360041872
0.7343740690973286,0.6642610062054135
0.6373814974246783,0.4007087974986816
0.6855488927282746,1.108490957785273
0.6526490956454021,0.2263098770563109
0.5957413185254283,0.04995344518238809
0.8181566097062686,-0.13951695626230176
0.5461885425619118,1.2989667541809022
0.6246962327501772,-0.24140154897816918
0.6180221072451982,0.04550391662732278
0.5390035450921078,-0.4620274114769528
0.6332666108799014,-0.5174598378587133
0.5280174033644358,-0.7366371870331253
0.6299710831708518,0.8219913952281757
0.6373814974246783,-0.3057462258077102
0.609451729115474,1.108417700618539
0.6373814974246783,-0.16038189715112866
0.7368159207279799,-0.46808618967819393
0.6373814974246783,-0.4362501262707409
0.6373814974246783,0.012949357508009296
0.7162029298998526,0.7980756793474765
0.6263953556970063,-0.14831096393271959
0.5957413185254283,0.9744548501354646
0.7424566698482483,-0.12635463996127938
0.587170940395704,0.5333678297046359
0.5280174033644358,-0.09495820496863283
0.6526490956454021,-0.18969393612073654
0.6526490956454021,-0.10407270394949908
0.4973633661928578,0.4001525364235268
0.6180221072451982,-0.28082320613585166
0.8351938730605504,0.023106197574716547
0.6299710831708518,-0.5861416794373142
0.6359961167647581,0.2570048211163153
0.5390035450921078,-0.6836391042677377
0.7343740690973286,-0.4467314724051452
0.8351938730605504,-0.489471055301977
0.5280174033644358,-0.02808459144269887
0.8351938730605504,-0.5303565716234151
0.8408346221808188,-0.4872471194912552
0.5348886585473309,0.12049169944049154
0.6445664948944824,-0.7407016948983877
0.7230741850827477,0.4723724545797924
0.6299710831708518,0.38509827919776285
0.5461885425619118,0.14845856255505085
0.7424566698482483,0.6657698876618642
0.6263953556970063,0.1080820901886077
0.7230741850827477,-0.36217871012724623
0.7230741850827477,-0.6427302612394278
0.6180221072451982,0.14898464318541438
0.4973633661928578,0.18077138971202067
0.5280174033644358,-0.4245902554914706
0.6263953556970063,-0.29964486534211526
0.6855488927282746,-0.49344640890963387
0.5348886585473309,-0.10267146653007436
0.587170940395704,0.4385099810839411
0.7453862988577041,-0.6442329509381117
0.5196441549126277,0.6726071603847162
0.7197786573736981,-0.31822385121908464
0.7271890716275246,-0.030322616152767656
0.4973633661928578,0.8929419154201508
0.6299710831708518,-0.6557861429728398
0.5280174033644358,0.1100038317738753
0.8181566097062686,0.5094980910695347
0.8351938730605504,0.5147195030590166
0.5280174033644358,0.18715551977378198
0.6855488927282746,0.1423270196025871
0.8351938730605504,-0.37337716538746674
0.5390035450921078,0.34297350882442634
0.6299710831708518,-0.02709172151563488
0.7283490355034223,-0.46693337468416435
0.6445664948944824,-0.3993238180068557
0.6470083465251336,-0.3992628794027161
0.6470083465251336,0.6209776472303429
0.5280174033644358,-0.502524525705428
0.6373814974246783,0.19663179827578536
0.5196441549126277,0.04915204947415164
0.5196441549126277,-0.592864628711004
0.5280174033644358,-0.37209492270924693
0.8408346221808188,-0.56443311170544
0.5957413185254283,0.15511735067471133
0.5280174033644358,-0.12537380530811315
0.6526490956454021,1.070328551254166
0.6332666108799014,-0.1323989635844418
0.7078296814480445,-0.43841257757569274
0.7078296814480445,-0.4482729698560079
0.6299710831708518,0.08695063013624271
0.6526490956454021,-0.7318665605930096
0.5390035450921078,-0.793327440133119
0.4973633661928578,-0.1169117705061099
0.8408346221808188,-0.5457168134589059
0.6299710831708518,0.16662583366945738
0.7368159207279799,0.23825468303626451
0.617824977567282,0.12366965012993225
0.6855488927282746,-0.3555901083755603
0.5390035450921078,0.7470934483583946
0.6855488927282746,-0.5405006864416109
0.6470083465251336,-0.3352596622593136
0.6526490956454021,0.4209809184847917
0.6180221072451982,0.053525881161627153
0.628811119294954,-0.6724152094258209
0.7424566698482483,0.8014236850737989
0.7510270479779726,0.20801898916445116
0.5957413185254283,0.3097153361054996
0.6180221072451982,0.2653225335935747
0.6332666108799014,-0.06302258896348223
0.6470083465251336,1.4598931580222607
0.7162029298998526,0.2615962871917331
0.6299710831708518,-0.6571425054716693
0.7230741850827477,0.4643100160336896
0.5280174033644358,-0.5071890278318949
0.6855488927282746,-0.45913732719965644
0.628811119294954,-0.31221052235199637
0.8181566097062686,0.9342347208295506
0.7271890716275246,0.9115402286554867
0.7453862988577041,0.6721755010395792
0.6526490956454021,0.8375321508632214
0.6855488927282746,-0.004269304292746745
0.6359961167647581,-0.41573455439501256
0.609451729115474,-0.322908004340247
0.6470083465251336,-0.16868008834239423
0.6445664948944824,-0.3031024523780931
0.8181566097062686,-0.3526882492625809
0.8181566097062686,-0.5160322065960856
0.4973633661928578,-0.2352338985187476
0.5280174033644358,0.08103590378860437
0.7230741850827477,-0.6611995213660576
0.6359961167647581,0.3417467908803187
0.5196441549126277,-0.37331858296958476
0.6180221072451982,-0.49580022674291824
0.6332666108799014,0.5319525895792696
0.6855488927282746,-1.0102106286860084
0.5461885425619118,0.08671323490273519
0.6526490956454021,-0.681655029742983
0.6299710831708518,-0.4085107877379561
0.6526490956454021,0.2298945967417635
0.7343740690973286,1.0481921884272827
0.8351938730605504,0.40102153665141893
0.7271890716275246,-0.3083699268919496
0.609451729115474,0.0823222590464906
0.5280174033644358,-0.05262220976253468
0.7453862988577041,-0.14880750931156927
0.6470083465251336,-0.28480696153169954
0.6526490956454021,-0.3928229726127864
0.6445664948944824,-0.32620585901836197
0.7271890716275246,0.8281001895542922
0.6526490956454021,0.32667198314196744
0.6855488927282746,-0.6707390025283602
0.5390035450921078,-0.7447457567694667
0.6445664948944824,-0.4695317559236299
0.5461885425619118,-0.5357102322485359
0.5348886585473309,-0.4344330121217565
0.6359961167647581,-0.5811892322580768
0.5280174033644358,-0.3835875033090448
0.8351938730605504,-0.6568777439257906
0.7510270479779726,-0.4410247113055491
0.6855488927282746,0.30093704354093676
0.6470083465251336,2.662694533031935
0.5957413185254283,-0.5700760084332923
0.5280174033644358,0.12083566810284052
0.7283490355034223,1.0146055669472156
0.5196441549126277,-0.6185611414649194
0.6263953556970063,-0.44967805679900574
0.8181566097062686,-0.4431103662556281
0.6526490956454021,-0.23777994448583523
0.4973633661928578,0.42574773400136123
0.6855488927282746,-0.20342402342918947
0.6445664948944824,0.5509131242263307
0.6263953556970063,0.20436188839042435
0.6332666108799014,0.2514213320399217
0.4973633661928578,-0.31690671391938907
0.5348886585473309,0.3958819717655023
0.617824977567282,-0.5398606435962129
0.7271890716275246,-0.07878097443213095
0.7078296814480445,-0.6739955653782438
0.5348886585473309,-0.257233437376525
0.4973633661928578,-0.00816017135798991
0.7510270479779726,-0.22909532586882186
0.6263953556970063,0.6188327540578653
0.7271890716275246,-0.910748994882138
0.587170940395704,0.6502484291230609
0.5348886585473309,0.03978738090961198
0.7162029298998526,-0.2867099504200871
0.6373814974246783,0.6325409725207223
0.5461885425619118,0.5729554539621576
0.7510270479779726,-0.7120391503856306
0.5348886585473309,-0.3300906014637897
0.7368159207279799,0.8465705608399177
0.6180221072451982,0.41630272210792774
0.6299710831708518,-0.6680225441190589
0.6263953556970063,-0.20669695650805026
0.7510270479779726,-0.13855291954148208
0.8408346221808188,-0.8039104864485943
0.6299710831708518,-0.48957082281430186
0.7283490355034223,0.735296938616075
0.7283490355034223,0.5943547816771995
0.5280174033644358,-0.7504043659634219
0.7197786573736981,-0.28137373772090324
0.6263953556970063,-0.6011230087460093
0.5390035450921078,-0.5747104150219192
0.6470083465251336,0.03985281837200705
0.8181566097062686,0.7651963492801331
0.6299710831708518,-0.03086725517975375
0.6299710831708518,-0.34004500541933075
0.7343740690973286,-0.11498979715637403
0.8351938730605504,-0.653780812174378
0.8351938730605504,-0.9021893834562468
0.609451729115474,-0.35005231702227957
0.7283490355034223,-0.36858314347040566
0.6445664948944824,0.47941733032200584
0.609451729115474,-0.42673066880392063
0.6470083465251336,-0.3725956491148068
0.6263953556970063,-0.296992692583743
0.6299710831708518,0.36454355874127353
0.7283490355034223,-0.37276425556205334
0.6855488927282746,0.36448266483786196
0.5461885425619118,1.0997092562172668
0.617824977567282,-0.1721652717185072
0.6526490956454021,-0.31410906980355785
0.5957413185254283,-0.10923971980947483
0.6246962327501772,1.183882807774776
0.5348886585473309,-0.10405142899360104
0.8351938730605504,-0.3255664268370404
0.7162029298998526,-0.3998517712741874
0.7510270479779726,-0.08051333276181694
0.6359961167647581,0.6220648780880991
0.5348886585473309,0.009123509337146118
0.8408346221808188,0.18193273030718038
0.5348886585473309,-0.9521916082485298
0.5957413185254283,-0.4002876992795018
0.7510270479779726,-0.4136679903761771
0.7162029298998526,-0.7363143148569273
0.7424566698482483,-0.22641851495644583
0.6263953556970063,0.35042037891436373
0.628811119294954,0.9197016611708203
0.7162029298998526,-0.040170932052287944
0.6445664948944824,0.33468660413387297
0.8181566097062686,-0.4581219459552971
0.7343740690973286,-0.5883148657217719
0.7271890716275246,0.16718147891470714
0.7368159207279799,-0.39867678843806154
0.5348886585473309,0.30306420159403713
0.6263953556970063,-0.006000443577275583
0.6445664948944824,-0.9261680247137041
0.4973633661928578,0.6466134162053596
0.7283490355034223,0.04682112145882755
0.6263953556970063,-0.6864723774501844
0.7368159207279799,0.31140252857258144
0.5348886585473309,-0.21916556130905357
0.6299710831708518,1.1264626137637586
0.7368159207279799,0.7026279696532587
0.7368159207279799,-0.6163024826881046
0.7510270479779726,-0.25214318404321207
0.6180221072451982,-0.44893558169701253
0.6263953556970063,-0.25121964131359364
0.5957413185254283,0.34145022174458195
0.6180221072451982,0.129021795840349
0.8351938730605504,0.6396252443126149
0.5390035450921078,-0.823754982718961
0.5390035450921078,0.4164314739516005
0.7453862988577041,0.8151643276887971
0.7368159207279799,-0.1978120200225626
0.6180221072451982,1.037754853541661
0.609451729115474,-0.2996772998549561
0.609451729115474,0.4932192784652354
0.7230741850827477,-0.28156005495965125
0.8408346221808188,0.309177565192032
0.5280174033644358,-0.4415768059087585
0.5957413185254283,-0.5859393155002971
0.6263953556970063,-0.5808311512547844
0.8408346221808188,0.9226147032411766
0.7283490355034223,1.155851668706138
0.4973633661928578,-0.2915260678912291
0.7197786573736981,0.5485865886685289
0.5196441549126277,0.48805092072005307
0.7424566698482483,0.9447550644350436
0.8408346221808188,-1.1894506976240937
0.5280174033644358,0.2104263219681859
0.7078296814480445,-0.7712989078210005
0.5280174033644358,-0.34642936552978076
0.6445664948944824,0.0007145119753432239
0.6180221072451982,0.7690782289881312
0.5348886585473309,-0.1714720607260376
0.6299710831708518,-0.5714576766375727
0.6373814974246783,-0.12061690432344896
0.7424566698482483,0.9624865851627967
0.5461885425619118,-0.3793167206588841
0.6373814974246783,-0.12052326648184075
0.5348886585473309,0.22985557301081205
0.7453862988577041,-0.4326462415471835
0.7283490355034223,0.08129186102793018
0.6263953556970063,0.8064166846914365
0.5461885425619118,-0.6890764857901215
0.7078296814480445,-0.08340062440751317
0.7162029298998526,-0.6891213682377813
0.7271890716275246,-0.6208487661221742
0.8408346221808188,0.7999361683784331
0.8351938730605504,0.6396619235036185
0.587170940395704,0.4953877764742035
0.7078296814480445,-0.8876992068969773
0.4973633661928578,-0.06488878676984755
0.6470083465251336,0.08139105813758862
0.5280174033644358,-0.4271140762292406
0.5280174033644358,-0.14629541209259017
0.7510270479779726,0.09495129937340652
0.5196441549126277,-0.42536432391691026
0.628811119294954,-0.054738902320394134
0.8181566097062686,-0.7590832139726994
0.7453862988577041,0.033598153054587465
0.7368159207279799,-0.8098685576354839
0.7368159207279799,0.6373029945555049
0.7424566698482483,0.5550223244204394
0.6299710831708518,-0.4941583197781729
0.7424566698482483,-0.004799041499217616
0.8408346221808188,-0.025349240944125495
0.7424566698482483,1.42166814923229
0.5196441549126277,0.3616837174705879
0.5348886585473309,0.575195212523246
0.7197786573736981,0.3038602694305751
0.7197786573736981,1.2544983772138107
0.6263953556970063,0.6908908034612213
0.5196441549126277,-0.37668194754874357
0.8181566097062686,-0.4693407979997959
0.6470083465251336,-0.358725804391111
0.5196441549126277,-0.30749093665703264
0.5280174033644358,-0.35122502098810154
0.6526490956454021,1.0260801503893051
0.7453862988577041,-0.3749372943457793
0.5348886585473309,-0.7206957226687085
0.7230741850827477,-0.9161246109124153
0.6263953556970063,0.06344100012623266
0.5196441549126277,-0.156387696731151
0.628811119294954,-0.6922913206504147
0.6526490956454021,-0.10385288594848541
0.7453862988577041,0.13234720531402422
0.6263953556970063,-0.5686631953945669
0.6373814974246783,0.9580250948357212
0.5280174033644358,-0.1345101057661493
0.6373814974246783,0.4056904910806107
0.7230741850827477,-0.8008141294852759
0.5348886585473309,-0.2839864485488542
0.6180221072451982,-0.10371903680589278
0.7078296814480445,0.5266422207576782
0.4973633661928578,-0.7055853006965256
0.7343740690973286,-1.053090909825727
0.6299710831708518,2.4107627391851416
0.6180221072451982,-0.742299082947274
0.5196441549126277,-0.4080685231643781
0.5280174033644358,1.4559437090195024
0.7271890716275246,-0.6441472964258912
0.6445664948944824,0.6853840763642461
0.8351938730605504,-0.8851915860197919
0.6332666108799014,-0.30154320351814845
0.8408346221808188,-0.3643123480415851
0.8408346221808188,-0.19886132208340246
0.587170940395704,0.27965295441698423
0.4973633661928578,-0.6165399974557335
0.6445664948944824,0.27462729900968375
0.7283490355034223,1.1050844811447487
0.7283490355034223,0.06694395408276455
0.6263953556970063,-0.09392820820564429
0.5957413185254283,-0.49483681616529157
0.7343740690973286,-0.4093254774030289
0.6359961167647581,0.46896030526524757
0.628811119294954,0.7744823842034511
0.5196441549126277,-0.15362428116313104
0.7283490355034223,0.41531472282568727
0.6299710831708518,0.3197201882217957
0.7424566698482483,-0.4527703073382196
0.6526490956454021,-0.31939367026639975
0.8351938730605504,-0.822609588332751
0.7510270479779726,-0.44820592641386675
0.6299710831708518,-0.8874566279687341
0.6263953556970063,0.793024715377874
0.8181566097062686,-0.5170832274349091
0.7078296814480445,0.533923934489035
0.6299710831708518,0.7345553923078878
0.6445664948944824,-0.3949473360995365
0.5348886585473309,-0.2108261768195081
0.7230741850827477,-0.10536713283299382
0.7283490355034223,0.4638107288037112
0.7368159207279799,0.5819512977722308
0.5957413185254283,0.026425785219437614
0.7162029298998526,-1.0812959206667676
0.6332666108799014,-0.33207941947080594
0.6526490956454021,-0.303808308708319
0.6526490956454021,-0.4185333991185791
0.7368159207279799,0.30091277720184717
0.7510270479779726,0.7379614371382808
0.5957413185254283,-0.0827056187755999
0.6359961167647581,0.3871276780373887
0.7283490355034223,-0.1075697726676964
0.4973633661928578,-0.07383917603131035
0.8181566097062686,-0.38162206100012036
0.6263953556970063,0.15518752036238992
0.5461885425619118,-0.44067621844442484
0.6373814974246783,0.6114789231643276
0.7230741850827477,-0.752615051478952
0.5957413185254283,0.5193405326045408
0.6526490956454021,-0.5070044901127642
0.6359961167647581,0.35468910621258065
0.6526490956454021,-0.12825056198116103
0.6855488927282746,-0.08146983918032091
0.6332666108799014,0.10155759057379143
0.6332666108799014,-0.7693846603037955
0.6373814974246783,0.06694011595813798
0.7283490355034223,-0.20635572314927986
0.6180221072451982,0.2657156804098989
0.7271890716275246,-1.2134020859887515
0.617824977567282,0.818219111012611
0.4973633661928578,0.19060166017023228
0.5196441549126277,-0.08853319763476408
0.6180221072451982,0.6731773933872228
0.8181566097062686,-0.443664380506921
0.5957413185254283,2.3715832397321845
0.5957413185254283,-0.1985768993444768
0.5348886585473309,0.28408155013562664
0.617824977567282,-0.437998948683962
0.6246962327501772,0.29169193437681806
0.5390035450921078,-0.5259765658241441
0.587170940395704,0.38812850135235577
0.7162029298998526,-0.15860620746930632
0.8408346221808188,-0.0025428811266493545
0.7162029298998526,1.2036436533147126
0.5461885425619118,0.3136814562611526
0.7424566698482483,1.2926837984719919
0.5390035450921078,-0.302148349475465
0.7510270479779726,-0.8340775160613622
0.7283490355034223,-0.4858092924236827
0.7510270479779726,-0.4131404548882714
0.6470083465251336,0.29802745854361956
0.6526490956454021,0.657634091072262
0.7368159207279799,-0.4072097013491857
0.617824977567282,-0.20913826439907557
0.6470083465251336,0.3173265570493179
0.5461885425619118,-0.682929193637978
0.4973633661928578,-0.234307879141191
0.6263953556970063,-0.11040590745126
0.7162029298998526,-0.642546230971866
0.6299710831708518,-0.3755191930075029
0.5461885425619118,0.13781153047604444
0.6855488927282746,-0.883402570826434
0.6855488927282746,0.6995140354897208
0.7230741850827477,-0.6886646424192672
0.5957413185254283,-0.16460475997157054
0.628811119294954,-0.5004608253915656
0.6180221072451982,0.4575184644751832
0.7368159207279799,1.0859814181989367
0.7368159207279799,0.19103865147463295
0.628811119294954,-0.18149555370377796
0.6470083465251336,1.7590435341551323
0.8181566097062686,-0.8477256979995834
0.8181566097062686,-0.4562479953450627
0.5196441549126277,0.30955906616469897
0.7283490355034223,0.8614201698668249
0.5390035450921078,-0.30688962806230957
0.6299710831708518,0.6938896865586976
0.5957413185254283,-0.2561402674542026
0.6373814974246783,-0.027487836172877422
0.7271890716275246,0.201937210980901
0.7283490355034223,0.5835808474911015
0.4973633661928578,-0.42091430795134993
0.7368159207279799,1.1652943071578745
0.8181566097062686,0.6198651453163301
0.5957413185254283,-0.6366292527195817
0.7162029298998526,-0.5529588633865687
0.7368159207279799,-0.12262445133257993
0.6246962327501772,-0.32129345566457507
0.6180221072451982,0.6708631253159504
0.5461885425619118,-0.46730934224082854
0.6526490956454021,0.5362751753500823
0.6470083465251336,-0.0008873668253266409
0.6373814974246783,0.28353702966711036
0.7271890716275246,-0.11800100368712396
0.6855488927282746,0.08523299089487679
0.7368159207279799,1.0215704261474696
0.6246962327501772,-0.4092046834470038
0.6359961167647581,0.6275114639472124
0.6470083465251336,0.6255936911794066
0.609451729115474,-0.3628287105398274
0.6180221072451982,-0.2523306544680225
0.609451729115474,0.3934679366263949
0.5280174033644358,-0.21444553279464323
0.5461885425619118,-0.5341007946426993
0.6470083465251336,-0.23247891052018094
0.609451729115474,0.10311967381196374
0.7283490355034223,-0.8155244622488493
0.8181566097062686,0.640157856199418
0.6470083465251336,1.4654447796770702
0.7368159207279799,0.25279567933054914
0.8351938730605504,0.2591385031669531
0.7162029298998526,-1.053052837830035
0.5461885425619118,1.5378371010521277
0.7424566698482483,1.6083663682037148
0.8181566097062686,0.7130762289044502
0.6299710831708518,-0.5719136125120828
0.6855488927282746,0.7408096478392435
0.5957413185254283,-0.3360240928267794
0.6526490956454021,-0.482613790019163
0.5348886585473309,-0.19940169285991005
0.5348886585473309,-0.054323375446006406
0.6180221072451982,-0.28451010493979584
0.7453862988577041,-0.37423275748661
0.5461885425619118,0.1890814341110506
0.7162029298998526,-0.3189187948820937
0.6180221072451982,0.3857877693491162
0.6332666108799014,1.0106362431716194
0.617824977567282,-0.3362898086769924
0.5196441549126277,-0.11885790896033827
0.617824977567282,-0.09756666185138063
0.587170940395704,-0.11771189690455786
0.617824977567282,-0.19960199829203124
0.8408346221808188,1.2800640962482284
0.6246962327501772,1.61545854726822
0.5280174033644358,-0.7468358215666543
0.7197786573736981,-0.19273293355568222
0.4973633661928578,-0.311741594431404
0.4973633661928578,0.863570519365936
0.6445664948944824,-0.44252327813106584
0.5461885425619118,0.6809939021294463
0.7453862988577041,0.0705601151666535
0.5280174033644358,-0.18850059188285145
0.8181566097062686,-0.18774738560711857
0.5280174033644358,-0.4649511529977186
0.7197786573736981,-0.7002780364613166
0.6299710831708518,0.4553907378446369
0.6470083465251336,-0.42916401127507137
0.5957413185254283,-0.40605858843592196
0.4973633661928578,-0.4155536360096486
0.5461885425619118,0.6807774702092736
0.7197786573736981,0.5213613685216604
0.8408346221808188,-0.454057722565074
0.6470083465251336,-0.14594073772363514
0.7510270479779726,0.8993552450880056
0.6263953556970063,-0.10373416934354196
0.8181566097062686,0.5894296858080196
0.8351938730605504,-0.8407480690936663
0.6299710831708518,-0.2981322786218122
0.6470083465251336,-0.099177326996026
0.5280174033644358,-0.8188757147370227
0.5348886585473309,-0.18524504658598379
0.6526490956454021,-0.28892098387775955
0.5196441549126277,-0.1152887956806744
0.6373814974246783,-0.20122269735466408
0.6263953556970063,-0.30192268389370525
0.5957413185254283,-0.18166393606978232
0.7453862988577041,-0.09702463427969332
0.7453862988577041,-0.6341551690265924
0.5348886585473309,0.09915400985281653
0.6855488927282746,0.6383104932490452
0.5196441549126277,-0.00567065092422403
0.5390035450921078,-0.01671799782182959
0.8408346221808188,-0.7447752685347814
0.609451729115474,-0.44641238506724856
0.7510270479779726,-0.5367578777570621
0.6359961167647581,-0.09024757908914938
0.587170940395704,-0.03798940038319054
0.7162029298998526,0.33278806931981164
0.7343740690973286,0.40640519719583046
0.609451729115474,0.012166205372174166
0.5196441549126277,-0.26680736379232617
0.7230741850827477,0.7463012478235512
0.4973633661928578,1.2120625135776422
0.6359961167647581,1.2181916799575119
0.6263953556970063,0.08160043655258886
0.7078296814480445,-0.5872593339572693
0.7271890716275246,0.4601147234886155
0.7230741850827477,0.6329515946946803
0.7162029298998526,-0.6125070088923424
0.8181566097062686,-0.27233796612808947
0.7230741850827477,-0.34698474796053275
0.6470083465251336,-0.9950775689910369
0.6263953556970063,-0.3276135636865553
0.5196441549126277,-0.01975265135404697
0.7162029298998526,0.7199577779991976
0.7197786573736981,-0.2539480355250098
0.5196441549126277,-0.02487065996964566
0.6470083465251336,-0.03816570065678859
0.6332666108799014,0.229293627469909
0.6299710831708518,-0.20686384990623208
0.6332666108799014,-0.29744708723363855
0.6299710831708518,-0.4771010802112557
0.6373814974246783,-0.17102720641498786
0.6373814974246783,-0.5186430960446593
0.7162029298998526,-0.29702106149034063
0.6332666108799014,-0.2558317724748812
0.6299710831708518,-0.4307310378733309
0.8408346221808188,-0.012668075322165961
0.5196441549126277,1.3421253549755328
0.5461885425619118,0.23771592363339344
0.5390035450921078,-0.2282889934040383
0.5196441549126277,-0.7140369974437104
0.7078296814480445,-0.3740716248836345
0.7343740690973286,0.41789721015950776
0.5390035450921078,-0.18655848450212842
0.8351938730605504,-0.5885170931770171
0.6180221072451982,-0.5594970998432583
0.6263953556970063,-0.4733483990183167
0.6470083465251336,-0.45849499849512254
0.6263953556970063,0.9837503461963644
0.7230741850827477,-0.6478449203394775
0.7283490355034223,-0.32862081861789616
0.8408346221808188,0.626185697755803
0.5196441549126277,-0.6920746301329689
0.5348886585473309,0.15350378614911697
0.6445664948944824,-0.5225734891731391
0.8408346221808188,-0.2502656647766006
0.6332666108799014,1.2213418123461384
0.587170940395704,1.9884539000126296
0.6855488927282746,0.813485945022658
0.7271890716275246,-1.315246953295381
0.6855488927282746,-0.7073355068251636
0.6299710831708518,0.385089509646402
0.8351938730605504,-0.4720497295941747
0.587170940395704,-0.6865121639371182
0.6246962327501772,0.9316058467485545
0.6332666108799014,-0.7403299088085049
0.6470083465251336,0.9658527002915868
0.5280174033644358,-0.18715808976776438
0.5280174033644358,-0.4398901408627559
0.7424566698482483,-0.5933787777366587
0.6470083465251336,-0.6382642874579708
0.7197786573736981,-0.48594152673157526
0.6373814974246783,0.7565849577718777
0.5390035450921078,-0.6031195421828024
0.5957413185254283,0.16801137918730036
0.5348886585473309,0.26292826414086523
0.6526490956454021,1.2331356676683438
0.8351938730605504,0.7153017765973455
0.6445664948944824,-0.06248429176181258
0.5280174033644358,0.7602640488668388
0.7510270479779726,-0.5259966379017889
0.587170940395704,-0.20186922064695445
0.628811119294954,0.6185919390746829
0.5390035450921078,0.9008453269386734
0.4973633661928578,-0.2716947655009451
0.6263953556970063,-0.22404415744727496
0.7424566698482483,-0.5134900256508392
0.5348886585473309,-0.31257168875958663
0.587170940395704,0.26987309987443164
0.5957413185254283,-0.3381267776972373
0.7271890716275246,0.5380608945069879
0.5280174033644358,-0.22190253847209762
0.7162029298998526,-0.8441629003316642
0.5461885425619118,-0.09941349499760438
0.7453862988577041,0.3872836537457506
0.6299710831708518,0.7190781081155619
0.5390035450921078,0.07477266878444777
0.6526490956454021,1.3381975705216063
0.7453862988577041,-0.3347982686724485
0.5348886585473309,-0.32062473467355523
0.5461885425619118,-0.26599199185242456
0.4973633661928578,-0.33416100531753506
0.6470083465251336,-0.01638071327054136
0.7453862988577041,0.8704396068326795
0.5280174033644358,0.10462773849260054
0.5461885425619118,-0.15624893371479576
0.7510270479779726,0.5162917542121683
0.6445664948944824,0.06341776976089519
0.5461885425619118,0.3387963142274496
0.7078296814480445,0.18866666789521813
0.6299710831708518,-0.67123734305448
0.5348886585473309,1.2617123216321846
0.617824977567282,0.5034298236690763
0.7510270479779726,0.137464893122636
0.6373814974246783,0.0844508028568477
0.5957413185254283,-0.3772721149522227
0.5280174033644358,0.7562199240321841
0.7078296814480445,0.1844411894878839
0.617824977567282,-0.118826600761748
0.7368159207279799,1.0711391390414633
0.7283490355034223,1.7176262099448134
0.6246962327501772,0.018370549147159188
0.609451729115474,-0.023734593100814938
0.6855488927282746,0.37291287732095946
0.7271890716275246,0.6561512305466165
0.6470083465251336,-0.02793966162521566
0.5390035450921078,-0.3571510149483935
0.5348886585473309,-0.05303847760992736
0.7271890716275246,0.43863316673332575
0.7271890716275246,-0.361361520861716
0.5461885425619118,-0.30390187549917363
0.6373814974246783,0.05317447886324966
0.7271890716275246,0.46521882621931143
0.5196441549126277,-0.12596293829758987
0.7230741850827477,0.474531190124834
0.6299710831708518,-0.3350659101555076
0.7510270479779726,0.5362191382261916
0.6299710831708518,0.19810332786982443
0.8181566097062686,-0.9078647105157254
0.5461885425619118,-0.4089661700005084
0.5957413185254283,1.4193668543053855
0.609451729115474,-0.4490665244326528
0.5280174033644358,1.4153289620048806
0.6180221072451982,1.2787791868644214
0.587170940395704,0.3856419295911575
0.5461885425619118,-0.6519151252587786
0.6263953556970063,0.7503559651189167
0.7368159207279799,0.1853903597214187
0.7453862988577041,0.4170903149801991
0.4973633661928578,0.2515198949587235
0.5280174033644358,-0.2552196041691952
0.8408346221808188,-0.20747407090099113
0.6373814974246783,-0.5573062364377126
0.7230741850827477,-0.4690153151306635
0.7453862988577041,-0.3670351407431668
0.6373814974246783,-0.059099189503518224
0.7197786573736981,0.35283853416720945
0.6180221072451982,0.27781392638076285
0.7283490355034223,-0.002663805748079784
0.628811119294954,1.4343555522353069
0.4973633661928578,-0.3218949049763016
0.6299710831708518,-0.40969628279040576
0.6332666108799014,0.8994193849411478
0.4973633661928578,-0.3893584699940764
0.7162029298998526,0.6315188060124578
0.7283490355034223,0.2861308914499352
0.6470083465251336,0.6526846626303028
0.7424566698482483,0.7108557841655946
0.8351938730605504,-0.5227654577770249
0.6299710831708518,0.730984572306594
0.6263953556970063,0.315626980535884
0.587170940395704,1.0318486606917867
0.6526490956454021,-0.3020856086588089
0.7510270479779726,-0.47053576742916575
0.7078296814480445,0.6350844677855241
0.7283490355034223,0.35881975876422767
0.7283490355034223,0.059321924819405125
0.587170940395704,1.3902593732728632
0.6373814974246783,0.5681086851006165
0.8408346221808188,-0.6890760583247536
0.6470083465251336,-0.4460996885038174
0.6470083465251336,1.4224906312713266
0.7230741850827477,1.0806448163228226
0.6180221072451982,0.30891724627688644
0.6180221072451982,-0.2872507325581645
0.7230741850827477,0.18189174258332896
0.7230741850827477,0.20101561485551067
0.8351938730605504,0.6734816914765547
0.6263953556970063,0.028203441645325622
0.8181566097062686,-0.09114341143035098
0.6373814974246783,1.4404372782831723
0.6180221072451982,-0.027891081395722273
0.6299710831708518,1.4228563106384926
0.8408346221808188,0.7774702622078081
0.628811119294954,2.0617446833014235
0.6526490956454021,-0.7640495930740258
0.6855488927282746,-0.05362105454657895
0.6246962327501772,0.3509702284587969
0.6180221072451982,0.15989884874131155
0.7271890716275246,0.6078966494144907
0.8351938730605504,0.79506365916079
0.5348886585473309,-0.03882524197337389
0.6299710831708518,-0.43941907297935834
0.6246962327501772,0.32667859132408805
0.5348886585473309,-0.47045576799103445
0.7343740690973286,-0.7439095879969461
0.6246962327501772,-0.21960499453617743
0.8181566097062686,-0.09806749452891328
0.7343740690973286,0.3981808292991871
0.7078296814480445,-0.3272908682390619
0.6299710831708518,-0.026268747159825967
0.7230741850827477,-1.0479430618192174
0.7162029298998526,-0.2768184436002259
0.5348886585473309,0.2477080617654417
0.5957413185254283,2.2335495308325344
0.7368159207279799,-0.6299980276080804
0.4973633661928578,-0.3657076690876768
0.6855488927282746,1.5945381259140383
0.7197786573736981,-0.33021172486082706
0.5348886585473309,-0.3884849952251722
0.7283490355034223,-0.10864405646243724
0.7271890716275246,0.1755524833263934
0.6299710831708518,0.23565714480028244
0.7453862988577041,0.027721724485517463
0.7197786573736981,0.23481879316487553
0.5390035450921078,-0.2628089770838609
0.6332666108799014,1.1618006482463346
0.5280174033644358,1.254760081679512
0.6332666108799014,1.7857999511039202
0.6332666108799014,-0.05727495662669335
0.7453862988577041,-0.5874113978656645
0.7162029298998526,-0.6595488154347793
0.6359961167647581,0.048579129513664165
0.6445664948944824,-0.4510149807738353
0.7162029298998526,0.506252012612537
0.7078296814480445,1.0741943686649982
0.8351938730605504,1.0219330548976588
0.628811119294954,0.36755808576709836
0.617824977567282,-0.6367654206152796
0.4973633661928578,-0.5595097640286865
0.6526490956454021,-0.26440787065606125
0.7368159207279799,-0.45823788958378536
0.6855488927282746,0.11654564805926071
0.4973633661928578,-0.5720771064023322
0.6332666108799014,-0.3351137737062866
0.8181566097062686,-0.6932257584356207
0.7078296814480445,0.21873010275236238
0.5348886585473309,0.22208830766551724
0.5196441549126277,-0.33888565238391755
0.6180221072451982,-0.3708126372334676
0.617824977567282,-1.0076288161577092
0.6445664948944824,0.04388035640881027
0.6263953556970063,1.2193717067077727
0.609451729115474,-0.8271884238547893
0.5280174033644358,-0.04626790274795156
0.587170940395704,0.09138089441363328
0.6526490956454021,1.5976998902317314
0.7271890716275246,-0.5586144051740416
0.5196441549126277,1.2403589772618808
0.7230741850827477,-0.7278493681394184
0.8408346221808188,-0.7080683972148737
0.6526490956454021,0.7790083018461167
0.6855488927282746,-0.3895748191374943
0.7283490355034223,0.9086886741946618
0.5280174033644358,-0.21904630883158666
0.7283490355034223,0.4867480835534772
0.6470083465251336,0.14750134331342346
0.6332666108799014,0.5060823886744794
0.5461885425619118,-0.8434296237285019
0.5461885425619118,-0.15080542063538882
0.6470083465251336,1.1576927671909503
0.6332666108799014,-0.06542871728586686
0.6526490956454021,-0.023800678298575795
0.6263953556970063,-0.14742226015193677
0.8408346221808188,0.15556315990965675
0.5196441549126277,-0.08895499821484593
0.7271890716275246,0.03245159289102162
0.7343740690973286,0.6228919675508167
0.8181566097062686,0.10760691327628347
0.5348886585473309,-0.1540721123338356
0.6373814974246783,0.19857406734216987
0.7453862988577041,-0.31511365793479984
0.6246962327501772,-0.08842037126622238
0.8408346221808188,-1.2959229988934342
0.7271890716275246,-0.23476045989727512
0.628811119294954,0.9806902711246209
0.7283490355034223,-0.15574013906675144
0.6526490956454021,0.1754697460777812
0.628811119294954,1.2971287589789
0.7230741850827477,-0.8979094740379244
0.5196441549126277,0.753692432104346
0.8181566097062686,-0.32287913438100924
0.7283490355034223,-0.39314267118034096
0.5348886585473309,-0.4128390045324272
0.5390035450921078,0.4585096167720497
0.8351938730605504,0.2628780696469637
0.5390035450921078,-0.2770808396370447
0.6299710831708518,-0.6226465730109583
0.6526490956454021,-0.21909461389370216
0.7230741850827477,0.2716521668661628
0.6373814974246783,0.3151954924512509
0.6263953556970063,-0.3224652011607283
0.7424566698482483,0.499346805046634
0.7343740690973286,0.33427651717576223
0.5280174033644358,-0.5976401874951969
0.7424566698482483,0.32066104034064746
0.7510270479779726,-0.16722124063656596
0.5348886585473309,-0.255867433180693
0.7230741850827477,0.9995137359794181
0.5461885425619118,0.40987990116133954
0.6246962327501772,0.784637228319459
0.5348886585473309,-0.41539961228649186
0.5390035450921078,0.2172271141793437
0.7078296814480445,-0.2103205093483122
0.6445664948944824,-0.04643854147017212
0.6263953556970063,-0.16711286806775982
0.5461885425619118,-0.8322214423135561
0.8351938730605504,-0.1478718256968896
0.7453862988577041,-0.272987290839536
0.7283490355034223,-0.16539345945073503
0.6526490956454021,0.16743016237450759
0.5196441549126277,-0.3908231512721344
0.4973633661928578,0.6623586344471504
0.7453862988577041,-0.06914120719477668
0.4973633661928578,0.33139524221768213
0.8181566097062686,-0.651680938454111
0.6299710831708518,1.194067804452478
0.5348886585473309,-0.4991607689757074
0.5196441549126277,0.6186875686899643
0.5348886585473309,0.12476781695823713
0.5280174033644358,0.45474731291821446
0.617824977567282,-0.4418050678389415
0.8408346221808188,-0.8083566867342385
0.8351938730605504,-0.8386926867770834
0.617824977567282,-0.827741024327262
0.6332666108799014,0.1274697765122873
0.8408346221808188,-0.40430750564180934
0.7162029298998526,-0.6039824476754247
0.8408346221808188,-0.38677371799779003
0.7283490355034223,2.0103407104890634
0.7424566698482483,0.7259823344837238
0.5390035450921078,-0.013001271499040068
0.7453862988577041,0.03337970620847519
0.6332666108799014,-0.6415311684477206
0.6263953556970063,0.13957910227719406
0.7230741850827477,-0.871059360752503
0.5390035450921078,-0.7922226146845797
0.8181566097062686,-0.9879300247719863
0.628811119294954,0.6478814111668693
0.4973633661928578,-0.3238896698615638
0.4973633661928578,-0.47822321318892086
0.7424566698482483,-0.13315892503254334
0.5196441549126277,0.0014171847230937118
0.7283490355034223,-0.5788332516630802
0.8408346221808188,0.13082485414059453
0.6246962327501772,1.8204154643732533
0.5957413185254283,-0.3550667376508084
0.5461885425619118,0.7953283813610864
0.7343740690973286,0.04797110438437957
0.5390035450921078,0.877489753131526
0.7368159207279799,-0.5390072442100968
0.6263953556970063,-0.28845683744382844
0.7078296814480445,-0.03247775131037245
0.5957413185254283,1.312518452896986
0.4973633661928578,-0.3072887753238142
0.7343740690973286,-0.17664131009199413
0.7510270479779726,0.185765086599326
0.8351938730605504,0.8818352970811558
0.4973633661928578,-0.18781087932022977
0.5196441549126277,0.46719778559859937
0.6359961167647581,-0.14016308228855345
0.6299710831708518,-0.5106039694794399
0.6526490956454021,-0.7690590993642263
0.5348886585473309,0.8598857699521976
0.6470083465251336,-0.08063878814448489
0.617824977567282,-0.04122357962068823
0.5196441549126277,-0.4359573565643328
0.6855488927282746,-0.354649440982437
0.6299710831708518,-0.4403123427839606
0.8408346221808188,-0.6953731270717184
0.5280174033644358,-0.17879141412572686
0.8181566097062686,-0.9592973371648214
0.6332666108799014,1.1933719970301941
0.5957413185254283,-0.47075830944523805
0.5390035450921078,-1.1795888262923708
0.5390035450921078,-0.3264311116787617
0.6526490956454021,-0.3439590197157165
0.5348886585473309,-0.2793861126867259
0.6332666108799014,1.1748706898117915
0.5461885425619118,-0.310129950581996
0.7283490355034223,-0.40826390856217337
0.6263953556970063,-0.2876750051179022
0.8351938730605504,-0.1861277419762657
0.5348886585473309,-0.8071443320848706
0.4973633661928578,-0.2946629592644987
0.6180221072451982,2.7379885983778913
0.628811119294954,0.6913993405431883
0.5390035450921078,1.5284670043226958
0.6180221072451982,1.699340015662819
0.7343740690973286,0.6799836562660688
0.6373814974246783,0.2730609666189603
0.5196441549126277,0.09086038274001973
0.6526490956454021,1.0873080198217724
0.5390035450921078,0.9111277551742605
0.5957413185254283,-0.372128037551466
0.6263953556970063,1.162588832665566
0.4973633661928578,0.05765926076936401
0.587170940395704,-0.6082682314083775
0.6299710831708518,-0.15350897983994188
0.7510270479779726,-0.12761437098921768
0.6470083465251336,-0.5132331585980384
0.7368159207279799,0.6950269990887978
0.6855488927282746,-0.34159705531953405
0.5390035450921078,0.8591538462000343
0.7271890716275246,-0.3585643119917984
0.6470083465251336,0.329269740625028
0.7078296814480445,-0.04858350083971774
0.5461885425619118,-0.012117577387332767
0.6180221072451982,0.995141257070777
0.7230741850827477,-0.6195102523160063
0.8408346221808188,-0.24322486224231887
0.7283490355034223,2.0419418299343484
0.6180221072451982,0.2842079145293571
0.5280174033644358,0.38549852229409687
0.6470083465251336,-0.3318635748974211
0.6180221072451982,0.44850484150538483
0.6445664948944824,-0.29057799623574027
0.7230741850827477,1.3485065411847676
0.6445664948944824,0.6007280830461857
0.6359961167647581,0.38135466902419934
0.7197786573736981,0.6470653663838696
0.5461885425619118,0.3307249423037808
0.6373814974246783,0.362609810114083
0.5348886585473309,-0.6871884523213371
0.7424566698482483,0.5460671597925649
0.8408346221808188,-0.27903242617586765
0.6246962327501772,-0.4453798536493567
0.6470083465251336,0.02753851567554233
0.7510270479779726,-0.5753089964112976
0.7162029298998526,-0.1771572637082598
0.4973633661928578,-0.44716181754290346
0.5280174033644358,-0.5303426045506993
0.7510270479779726,-0.25083799247568506
0.5957413185254283,1.488152472168318
0.4973633661928578,0.8884327458266428
0.5957413185254283,0.1827594573287039
0.587170940395704,0.8770783890350792
0.7283490355034223,-0.1116239873169842
0.5957413185254283,-0.08972433778180533
0.7078296814480445,-0.7134837355287307
0.6526490956454021,-0.167028978477469
0.7271890716275246,-0.38783705697600007
0.8181566097062686,-1.1922647759432015
0.8351938730605504,-0.4109246752551671
0.5348886585473309,-0.4058288234526737
0.6855488927282746,-0.9454531654585923
0.7283490355034223,1.3381507973557631
0.5280174033644358,0.42470542632786745
0.6246962327501772,-0.1050183064861746
0.5196441549126277,-0.4730279711740201
0.6445664948944824,0.8510734509374228
0.7230741850827477,0.6634037841799995
0.6373814974246783,-0.09886654595140987
0.6373814974246783,0.5335236384825879
0.7271890716275246,-0.09584820142766182
0.7162029298998526,1.3386777736319293
0.5196441549126277,-0.6198441202533861
0.7230741850827477,0.767557060458062
0.7283490355034223,1.4414308011617682
0.7283490355034223,0.8126272999972439
0.5461885425619118,-0.5014872024421401
0.5196441549126277,-0.40821378813024
0.7230741850827477,0.4292372149916378
0.6246962327501772,-0.7451538042710777
0.5348886585473309,-0.3174186916177894
0.7368159207279799,-0.30661852602143197
0.6332666108799014,-0.29590291458465323
0.6470083465251336,0.11214045621321245
0.7453862988577041,-0.6902328046303311
0.8351938730605504,0.4019711924509073
0.6299710831708518,1.4230936797553833
0.7197786573736981,0.22696969598626682
0.7230741850827477,0.736478026228306
0.7453862988577041,0.9169711449218355
0.7283490355034223,-0.4244900920549415
0.5957413185254283,-0.616148638614335
0.6359961167647581,-0.40572403392132705
0.6332666108799014,0.9752585251149815
0.5348886585473309,0.9200329005427896
0.5280174033644358,-0.3554808977428372
0.4973633661928578,0.07783157691100617
0.6263953556970063,0.036059548983481515
0.6470083465251336,-0.4955239896068081
0.7283490355034223,-0.044725359924066455
0.8408346221808188,-0.35341718473112665
0.8408346221808188,-0.218779067527184
0.6373814974246783,0.3192118237025823
0.6470083465251336,-0.3535557555761017
0.7453862988577041,-0.187491133186645
0.6263953556970063,-0.4191132547276564
0.6359961167647581,0.8205229668027321
0.5280174033644358,0.41799592314774336
0.6299710831708518,0.4656829006917458
0.8181566097062686,-0.29357430448039634
0.7453862988577041,-0.4770408802842326
0.6299710831708518,0.08224090354441072
0.617824977567282,-0.4639089824264817
0.7368159207279799,0.0022227029564722
0.617824977567282,0.0845667898145317
0.6445664948944824,0.23329500252511826
0.5957413185254283,-0.14249341061176335
0.6445664948944824,0.7436546338158853
0.6180221072451982,0.2650540369374811
0.5390035450921078,0.28026990270365726
0.5390035450921078,0.4224811017160608
0.7424566698482483,-0.7629818781525889
0.6332666108799014,0.3485668877083593
0.5390035450921078,-0.6581841193511014
0.6470083465251336,-0.028720766660157215
0.628811119294954,0.5050686299921162
0.7453862988577041,-0.3470732391122753
0.609451729115474,1.1097998947615906
0.6299710831708518,-0.7586972395011475
0.7283490355034223,0.5694067193801022
0.7510270479779726,0.6230892101460985
0.7078296814480445,-0.4013802232525841
0.8408346221808188,0.0574061040581586
0.7197786573736981,-0.2556127218534848
0.6445664948944824,-0.13615101318962608
0.6180221072451982,-0.32466347697746856
0.7283490355034223,-0.10793718498762328
0.8181566097062686,-0.782464422151883
0.7424566698482483,0.5794729416977479
0.7343740690973286,-0.09844993976293626
0.6299710831708518,0.868571044446379
0.7197786573736981,-0.18984341108958347
0.6359961167647581,-0.426184400777136
0.5461885425619118,0.4719920933551146
0.5196441549126277,0.6942787228407575
0.5390035450921078,0.6299533765770968
0.7283490355034223,-0.5213822656138898
0.6180221072451982,0.17108635928416716
0.7078296814480445,-0.33678039516062885
0.5196441549126277,-0.3446208322249598
0.7453862988577041,0.28342604272527805
0.8408346221808188,-0.6445051360694686
0.5390035450921078,0.4965792344204212
0.7453862988577041,-0.29672065122075003
0.5390035450921078,-0.06131303575695851
0.6299710831708518,-0.29930746969920136
0.8351938730605504,-0.7785374907707467
0.6180221072451982,0.7823236440742688
0.587170940395704,0.778455196907592
0.6526490956454021,0.4570229742048002
0.8408346221808188,0.44022893709335686
0.628811119294954,0.9797417816306592
0.6180221072451982,-0.2959146228550096
0.7453862988577041,1.1092319064584424
0.7197786573736981,0.12955659754001259
0.6246962327501772,-0.3134459112767649
0.5196441549126277,0.7675448914802828
0.5348886585473309,-0.269404573469031
0.7343740690973286,-0.6911820213745521
0.6332666108799014,0.42465690356594155
0.7271890716275246,-0.07630257625725423
0.7230741850827477,0.30923065881938816
0.7453862988577041,0.2529473174623609
0.6332666108799014,0.495808634265114
0.7343740690973286,1.8368910633395985
0.7230741850827477,-0.5587877884789596
0.4973633661928578,-0.17624823429711467
0.5280174033644358,-0.011362860800632757
0.5390035450921078,0.42395036672249387
0.5461885425619118,-0.3488261681024809
0.8408346221808188,-0.6861843243294461
0.6359961167647581,0.4909677084757009
0.7078296814480445,-0.09886992355227009
0.617824977567282,-0.22612781413916738
0.5461885425619118,-0.40257836196656105
0.7453862988577041,-0.195197433632735
0.7453862988577041,-0.09454972027150998
0.6526490956454021,0.539171498769919
0.7197786573736981,0.020723467443477417
0.4973633661928578,-0.4321827387493675
0.6470083465251336,0.0034894416626537472
0.6855488927282746,-0.7363119066947882
0.7368159207279799,-0.29192665862369016
0.628811119294954,-0.5861914775197389
0.6332666108799014,-0.3058325241498272
0.5348886585473309,-0.8553398206984617
0.6263953556970063,0.5967947281720063
0.7510270479779726,-0.16392678525519544
0.6470083465251336,-0.3340471993391803
0.7230741850827477,-0.4389963751971917
0.7230741850827477,-0.7973782072104716
0.6470083465251336,0.8681644678155814
0.6445664948944824,0.298547923562425
0.587170940395704,-0.44985328721029905
0.5957413185254283,-0.6332820356559283
0.7197786573736981,-0.29897098399485394
0.7424566698482483,1.2358798166227252
0.6332666108799014,0.3556011962080913
0.7271890716275246,1.2587718306201996
0.628811119294954,0.3148498858159824
0.6445664948944824,0.9110244442349494
0.6359961167647581,1.185644432869126
0.7230741850827477,-0.2792353891059731
0.6855488927282746,-0.5919617419474883
0.6855488927282746,-0.14235283084271944
0.617824977567282,0.5454996608788331
0.5390035450921078,-0.012016562470902437
0.5461885425619118,-0.6546116319953689
0.5196441549126277,0.31995808428104655
0.6180221072451982,-0.03415912994738057
0.7230741850827477,-0.7987002936550143
0.5280174033644358,-0.18149844732877457
0.7510270479779726,0.008183818192207482
0.8408346221808188,1.2690958957903709
0.6299710831708518,-0.4618783611554611
0.6855488927282746,-0.3529013896556282
0.6526490956454021,-0.0849121452715148
0.5461885425619118,0.4834078386367734
0.7368159207279799,-0.08349248310503088
0.7230741850827477,-0.3252540924404053
0.6263953556970063,0.6379726700175414
0.8408346221808188,-0.3010730308706807
0.5196441549126277,-0.2338383415179272
0.4973633661928578,0.10472646345092251
0.5957413185254283,-0.34962299998972846
0.5957413185254283,-0.3048885032065695
0.6263953556970063,-0.15984060449960802
0.6332666108799014,-0.4125619512457074
0.5280174033644358,-0.4994418999362773
0.5461885425619118,0.31231018185243276
0.4973633661928578,-0.44092443334289233
0.7197786573736981,0.4490436328906585
0.4973633661928578,1.5773706373963763
0.8351938730605504,-1.0796923258518376
0.5348886585473309,-0.47386806807798076
0.5280174033644358,-0.11614983481355551
0.5390035450921078,-0.3032943136561176
0.5348886585473309,0.7402374378825944
0.7271890716275246,-0.10256621162554225
0.6526490956454021,-0.5964319134727412
0.6299710831708518,-0.30128155340486956
0.6526490956454021,0.5366338693729713
0.6299710831708518,0.047220684065623186
0.7162029298998526,0.6027856982047856
0.7197786573736981,0.3495359139678166
0.6299710831708518,-0.435309314275121
0.5390035450921078,0.6259706949982857
0.6526490956454021,-0.9278225283536687
0.6445664948944824,0.84336162363471
0.7424566698482483,-0.5050522498216028
0.8351938730605504,-0.6059932627996616
0.7453862988577041,-0.26661081755745036
0.8408346221808188,0.1192532197583881
0.7510270479779726,0.6784575890685629
0.7271890716275246,-0.21605843438539263
0.8351938730605504,0.6534391600431564
0.6263953556970063,0.18621660115621053
0.6246962327501772,0.012269198065004261
0.6373814974246783,-0.16546151805129145
0.7078296814480445,0.3600771494935906
0.5196441549126277,-0.13318349274864544
0.609451729115474,-0.16309595684350642
0.6263953556970063,1.8171333117031698
0.6359961167647581,-0.10908523716323892
0.5280174033644358,-0.47059744038211515
0.7162029298998526,-0.7356834490904278
0.587170940395704,0.10897508911191955
0.4973633661928578,-0.47063156586726207
0.5957413185254283,-0.8596391583572838
0.7343740690973286,0.715953005573847
0.6445664948944824,0.2989958819812265
0.7283490355034223,0.2611443502753865
0.609451729115474,-0.24011907308463143
0.6445664948944824,0.39139349260691747
0.7078296814480445,-0.472768073157817
0.6263953556970063,1.5836741489818962
0.6332666108799014,-0.44973453705754385
0.7368159207279799,-0.4150458764777407
0.8408346221808188,0.39171458938046333
0.6373814974246783,0.03268977048085164
0.6526490956454021,-0.5252522433619029
0.7162029298998526,-0.3835925692826706
0.4973633661928578,0.3535600852177575
0.617824977567282,-1.063574256073565
0.5280174033644358,-0.3249787682419315
0.6526490956454021,-0.7810732097931724
0.6299710831708518,-0.7741777687608692
0.7162029298998526,-0.9506967778107236
0.5461885425619118,-0.23995477196506393
0.6263953556970063,0.6773977425610251
0.7343740690973286,0.03424841981447335
0.7453862988577041,0.5786325519162695
0.7510270479779726,-0.5169051003880083
0.7283490355034223,0.7451542101863211
0.8181566097062686,0.7069574674241587
0.6263953556970063,0.7875903125581969
0.7424566698482483,-0.28661319911993777
0.5461885425619118,-0.5853983997752752
0.5461885425619118,-0.4055449889158118
0.7424566698482483,0.05072071546974022
0.5348886585473309,-0.24722476125359144
0.8351938730605504,0.040693151798988914
0.5957413185254283,0.1329412832284963
0.5461885425619118,-0.2630527387390488
0.4973633661928578,-0.2734382803569283
0.6470083465251336,0.7425557133022925
0.5196441549126277,-0.037700529482871836
0.5348886585473309,-0.7465873280771994
0.6332666108799014,0.2853431499736375
0.5390035450921078,-0.9809321908634532
0.6299710831708518,0.04142280077389349
0.5280174033644358,-0.07907111952198725
0.8181566097062686,-0.5015359758628724
0.4973633661928578,-0.19677303986113026
0.6855488927282746,0.24514808901653495
0.8408346221808188,-0.6909548210149538
0.7283490355034223,0.9094837010414931
0.7230741850827477,-0.22988658066762313
0.7510270479779726,0.11440397967448601
0.8181566097062686,0.5739458019859672
0.5461885425619118,-0.4366392222095893
0.7271890716275246,-0.13742336630985286
0.7368159207279799,0.4131025072537404
0.6526490956454021,0.12882612805228277
0.8408346221808188,-1.0632415698539712
0.6180221072451982,-0.3253471201621865
0.6359961167647581,0.7027669699425882
0.8351938730605504,0.31691377865833625
0.6359961167647581,-0.3146586929233547
0.617824977567282,1.5746281790673318
0.6445664948944824,-0.5494180554380312
0.7453862988577041,0.5904293570884397
0.5957413185254283,0.9272175406636565
0.7368159207279799,-0.33238741637654257
0.8351938730605504,-0.5736505608668233
0.5461885425619118,-0.03495720110988354
0.5461885425619118,0.47683535045915193
0.5390035450921078,-0.12129562037481767
0.6263953556970063,0.8657349130640191
0.8181566097062686,-0.7108578536505222
0.4973633661928578,1.6243078188046396
0.6180221072451982,1.024587297098852
0.5461885425619118,-0.6355064320911687
0.6332666108799014,0.01669061751491807
0.6299710831708518,0.3389316432212365
0.6332666108799014,-0.4741865575526555
0.6263953556970063,0.34852802945833405
0.6526490956454021,0.03976456595988931
0.6332666108799014,0.2512781065554587
0.7368159207279799,0.5590640342088531
0.6470083465251336,-0.47379253817660205
0.7368159207279799,2.1767256106091315
0.6470083465251336,-0.12051226820362937
0.7343740690973286,0.10894563176442162
0.587170940395704,0.1509956850511005
0.6332666108799014,0.4638051918469459
0.8408346221808188,-0.8291304836083991
0.5348886585473309,-0.22634753172108518
0.7271890716275246,0.43494159300694324
0.7424566698482483,0.44771623232450153
0.5196441549126277,-0.32736129372828826
0.5957413185254283,-0.36546971226465275
0.6263953556970063,0.7003785659734136
0.6470083465251336,-0.7500705054096961
0.5196441549126277,-0.2825329273513749
0.6526490956454021,0.22522840496362262
0.617824977567282,0.6984517192877485
0.8351938730605504,-0.7080994785277391
0.7424566698482483,0.9799358400746895
0.7197786573736981,0.13552045034698235
0.5280174033644358,-0.6505518842996997
0.6263953556970063,0.0928257756490024
0.7162029298998526,-0.10292830482165716
0.609451729115474,0.5618406604022401
0.6246962327501772,0.6801703431685301
0.6263953556970063,-0.42053323175629354
0.6246962327501772,0.7369888898040452
0.6445664948944824,1.801564745244868
0.5390035450921078,1.461914472907589
0.8351938730605504,-1.0336300557957157
0.7197786573736981,0.2626473576376299
0.7453862988577041,2.893170510689011
0.7271890716275246,0.31858964932236045
0.5196441549126277,-0.20790432987094237
0.6470083465251336,-0.15019885137437228
0.5957413185254283,0.03330196643367922
0.6299710831708518,1.037770604714586
0.7230741850827477,-0.8887052463608368
0.6359961167647581,0.5769350215977804
0.5957413185254283,0.15593968789468948
0.7453862988577041,-0.2977893344761859
0.6526490956454021,-0.5417894379908205
0.6180221072451982,-0.5511511521029373
0.609451729115474,0.11383423109748192
0.5957413185254283,-0.07613809089125356
0.5390035450921078,-0.12739832610611584
0.7368159207279799,-0.5264818212722772
0.7078296814480445,-0.12973937465228758
0.4973633661928578,-0.16155892392529259
0.7197786573736981,-0.17219959243835004
0.7197786573736981,0.5975406624574845
0.4973633661928578,-0.3886447552519241
0.6246962327501772,-0.2993866386815337
0.6263953556970063,0.6119934839359358
0.8408346221808188,0.3271280918242164
0.617824977567282,-0.08885810583050047
0.6180221072451982,1.7526376317936787
0.5957413185254283,0.06692119030805865
0.4973633661928578,0.6057880384251482
0.5348886585473309,0.10128967843817704
0.6526490956454021,-0.13690709707258253
0.6299710831708518,-0.3454388161509409
0.7368159207279799,0.06949381526973442
0.6445664948944824,-0.054622270313862575
0.7510270479779726,0.701936944662422
0.6299710831708518,-0.5647481088250155
0.609451729115474,-0.13258930030457694
0.8351938730605504,-0.6162044582417054
0.5280174033644358,-0.25640229101062967
0.7162029298998526,0.003749508091411169
0.6373814974246783,-0.541326958360748
0.6332666108799014,-0.1666119582081022
0.5280174033644358,-0.4808821315740395
0.7283490355034223,0.4220648466739907
0.7283490355034223,1.1744576643249398
0.7510270479779726,-0.193767805940403
0.8181566097062686,-0.4318287902807723
0.6359961167647581,-0.10374389095820058
0.6299710831708518,-0.6761657136538477
0.7343740690973286,-0.5428696376163094
0.7078296814480445,-0.14488674888946562
0.6855488927282746,-0.3506620550337121
0.8181566097062686,-0.03011497210627123
0.7283490355034223,-0.15053768119124178
0.6373814974246783,-0.4360509288170611
0.7368159207279799,0.529753019525901
0.8181566097062686,0.0390506047293101
0.7368159207279799,0.7447279592652938
0.5348886585473309,0.08402445727437913
0.6526490956454021,-0.7803040739695759
0.617824977567282,0.37383519618737904
0.609451729115474,-0.26567360274850077
0.8408346221808188,0.5936888409807869
0.8408346221808188,-0.005987465397933489
0.6526490956454021,-0.5601735660438407
0.628811119294954,-0.13900087992006915
0.5348886585473309,-0.6873558063150373
0.609451729115474,1.0849827970340298
0.8181566097062686,-0.7703595098926529
0.587170940395704,0.7849714777118689
0.6526490956454021,-0.06275443191451169
0.7424566698482483,0.40422326806592734
0.7197786573736981,-0.8211926375267125
0.7197786573736981,-0.2786969513461803
0.5348886585473309,0.5038690908889776
0.7283490355034223,1.3122678515814659
0.5280174033644358,-0.41022183445322147
0.7453862988577041,-0.3707854286934905
0.7343740690973286,-0.2641875190866238
0.617824977567282,-0.4891082443364094
0.7343740690973286,-0.34345369129840775
0.5390035450921078,-0.3990559677702594
0.5280174033644358,-0.40577171795039124
0.7230741850827477,-0.7908385971484515
0.8351938730605504,0.6566776452541219
0.5196441549126277,-0.3408164445127373
0.6855488927282746,0.37726895042175823
0.5390035450921078,-0.13452719230747195
0.587170940395704,0.08710560443282478
0.6263953556970063,0.385599187589289
0.4973633661928578,-0.5895154978816404
0.4973633661928578,0.30691231317643364
0.6263953556970063,-1.2341128260656942
0.6180221072451982,0.5501732387201982
0.8408346221808188,-0.4645139161917472
0.617824977567282,-0.23166209798516196
0.7162029298998526,1.3105603719559618
0.6359961167647581,-0.33246975562153624
0.7162029298998526,-0.35851212212540956
0.587170940395704,-0.1616998269740345
0.587170940395704,-0.37318818128505554
0.5390035450921078,0.5851709292004033
0.6180221072451982,-0.16077221221388222
0.5461885425619118,-0.5064960176540876
0.6359961167647581,0.6677647810752558
0.7230741850827477,-0.26652852189429943
0.7453862988577041,-0.0007758633548958782
0.8351938730605504,-0.5460677687516465
0.6526490956454021,-0.5321518800443378
0.7368159207279799,-0.41344260155729723
0.8408346221808188,0.12449252925254328
0.5957413185254283,1.2143270485612156
0.6299710831708518,-0.05511330394723912
0.5280174033644358,-0.30000365074189117
0.6332666108799014,-0.33678524105173996
0.6445664948944824,-0.5034661442391886
0.7510270479779726,0.7409489547323556
0.5348886585473309,-0.1851367032898774
0.7230741850827477,-0.384287913620774
0.7078296814480445,-0.6021030328073369
0.7271890716275246,-0.7699953251295538
0.6445664948944824,-0.11239743148941417
0.7078296814480445,-0.6893853291308718
0.6526490956454021,-0.4389563023908486
0.6263953556970063,-0.6208957065628489
0.6445664948944824,-0.1227697149483985
0.6855488927282746,1.091754810231241
0.617824977567282,0.6231095961878567
0.5461885425619118,-0.4764180135287848
0.6855488927282746,0.12180930698200843
0.6470083465251336,-0.39767141665068106
0.4973633661928578,1.6569776022150275
0.6526490956454021,0.4660357185338766
0.6470083465251336,0.4058546897122922
0.8181566097062686,-0.7418961842965734
0.6373814974246783,-0.11139458900384303
0.4973633661928578,-0.49522096277891314
0.6470083465251336,0.8281052647299086
0.7078296814480445,-0.17753872254964165
0.6373814974246783,0.3421223901782928
0.7453862988577041,0.3953071592384857
0.6299710831708518,-0.14157439803975602
0.5957413185254283,-0.6643620807212142
0.5196441549126277,-0.4278685781069774
0.6246962327501772,-0.5281387402542457
0.7271890716275246,0.17513510031106572
0.6332666108799014,-0.28658007542308284
0.8408346221808188,0.4006614843572195
0.6263953556970063,-0.5007372764191305
0.6855488927282746,-0.4634450817567805
0.7510270479779726,0.016906681592784856
0.6246962327501772,0.017863877671193573
0.5348886585473309,-0.5823624145756425
0.7424566698482483,-0.17682336639631402
0.5461885425619118,-0.3806529178606711
0.4973633661928578,0.18863416642570108
0.6373814974246783,-0.5325134129916902
0.6445664948944824,-0.46875600583943744
0.609451729115474,0.08370490139947251
0.617824977567282,-0.17560552862672446
0.5390035450921078,0.2795551887402088
0.6180221072451982,0.19596910821806945
0.6373814974246783,-0.36850005444835865
0.7162029298998526,-0.25869175746865447
0.6180221072451982,0.22131582826038587
0.6299710831708518,0.573319218302974
0.609451729115474,-0.10579429555114883
0.587170940395704,0.5462554756458858
0.7230741850827477,-0.4579508841056824
0.7197786573736981,-0.26438086339235195
0.8408346221808188,-0.6112334065415943
0.7283490355034223,0.46862072463757265
0.8351938730605504,-0.3076398130876482
0.5390035450921078,-0.2695626101963509
0.8408346221808188,-0.613090708778195
0.6332666108799014,-0.051111328043639825
0.7230741850827477,-0.56637116521341
0.628811119294954,0.7360784091832441
0.617824977567282,0.4210657917815289
0.7453862988577041,-0.5917024994342741
0.6263953556970063,-0.13066988759269976
0.7424566698482483,0.11542854616306364
0.7343740690973286,1.6845467727417094
0.7162029298998526,0.35565619636929624
0.6373814974246783,0.23529275565982632
0.6332666108799014,-0.2693452159557077
0.6263953556970063,-0.023339581434944412
0.609451729115474,-0.5102876215909136
0.617824977567282,-0.5667674809765003
0.6470083465251336,-0.588898130236267
0.7230741850827477,1.9195568654626118
0.7510270479779726,0.35162782510419066
0.6299710831708518,0.10715255136682633
0.6526490956454021,-0.7089833903379187
0.6445664948944824,-0.1079669311842466
0.6373814974246783,-0.2815393601556572
0.4973633661928578,0.143621668953551
0.7162029298998526,0.22283667306533972
0.587170940395704,-0.34524457571859035
0.6373814974246783,-0.21031675014481832
0.7271890716275246,0.1767354731615588
0.587170940395704,-0.4483510938279266
0.6359961167647581,-0.3513158702642619
0.6855488927282746,-0.2672949778000002
0.8408346221808188,0.1305641028568173
0.7453862988577041,-0.3445196809610935
0.7510270479779726,0.09567537802772352
0.6332666108799014,0.09510470136105509
0.609451729115474,0.1843846836263875
0.6332666108799014,-0.009030912262233737
0.6526490956454021,2.368963894180282
0.7343740690973286,0.8437481454577542
0.4973633661928578,-0.4610131150344525
0.5280174033644358,0.7627316153025874
0.7343740690973286,0.08655545366847528
0.7271890716275246,-0.7135131152965425
0.6246962327501772,-0.4503919788126922
0.5461885425619118,-0.0457136027945072
0.7271890716275246,0.40871527666273366
0.6526490956454021,1.9223352501672264
0.617824977567282,-0.47805347002032467
0.6373814974246783,-0.02494243753318348
0.6855488927282746,-0.4739806374025892
0.628811119294954,0.6211403291508458
0.7453862988577041,1.469478111104185
0.6855488927282746,-0.9108834676004072
0.7162029298998526,-0.5051134984639939
0.7453862988577041,-0.3783186961522482
0.609451729115474,0.25082862143960305
0.5280174033644358,-0.43076538287843374
0.4973633661928578,-0.41624357723816946
0.8408346221808188,-0.3666589580010228
0.6180221072451982,-0.5192039059314819
0.4973633661928578,-0.5130539216307137
0.5348886585473309,0.3422144092257531
0.5196441549126277,-0.003678643032021367
0.5957413185254283,-0.31221690215308506
0.8351938730605504,0.06873925721224927
0.628811119294954,0.1700180402463053
0.8351938730605504,0.3193791588373047
0.6526490956454021,-0.32693906436028164
0.8351938730605504,-0.39671593473846023
0.6180221072451982,-0.33299204825798534
0.7453862988577041,0.8993599526075285
0.4973633661928578,-0.4015359565360871
0.5461885425619118,-0.2100256394933978
0.6359961167647581,1.138201237343174
0.8351938730605504,-0.7686264739907513
0.6470083465251336,0.48763148562377456
0.8181566097062686,0.09615608714569068
0.7271890716275246,-0.4487601528598744
0.6180221072451982,0.026779377857752196
0.7343740690973286,0.10467468937679714
0.6526490956454021,-0.6388691763362231
0.628811119294954,-0.9277632610734385
0.8408346221808188,-0.2534450916717914
0.6263953556970063,-0.6263072595779536
0.5348886585473309,0.8901055108359233
0.7368159207279799,1.5763480283240907
0.7162029298998526,0.12350589214984187
0.6299710831708518,-0.6443373860865128
0.8181566097062686,-0.5654184509663842
0.7271890716275246,-0.6448301254316838
0.7343740690973286,-0.6658838972999703
0.628811119294954,-0.23533580231172518
0.5957413185254283,-0.5014503852487397
0.6180221072451982,-0.4208132515548211
0.6180221072451982,0.22742538512345056
0.8181566097062686,-0.5057415840110324
0.6526490956454021,0.4644498894934237
0.6263953556970063,-0.4946532253613508
0.6526490956454021,-0.5945686958637668
0.6263953556970063,0.013767206267296217
0.7271890716275246,0.5491401052694921
0.5196441549126277,-0.7806219809073228
0.5196441549126277,-0.2535408892259218
0.7078296814480445,-0.7999699706679552
0.6373814974246783,0.2004716445269744
0.8181566097062686,-0.654299560889493
0.5280174033644358,-0.34062199039050656
0.8408346221808188,-0.330476667764658
0.628811119294954,-0.6154918163393647
0.7230741850827477,-0.5244976262614262
0.6373814974246783,0.22926603054720107
0.7230741850827477,-0.4212893753587188
0.7078296814480445,-0.004100933665108886
0.6332666108799014,-0.16534151528925983
0.6470083465251336,0.10459630927687003
0.6359961167647581,1.7451948120967764
0.5280174033644358,-0.3218796341664179
0.6332666108799014,0.2809832398122277
0.5390035450921078,-0.3566674884286845
0.6359961167647581,1.2612724520842264
0.6180221072451982,-0.20628517487576903
0.7510270479779726,0.3161399458069043
0.4973633661928578,-0.1941591381207491
0.6855488927282746,0.2787743068155798
0.6263953556970063,1.0386178213906905
0.5280174033644358,-0.6585293590791437
0.6299710831708518,-0.3929426939104303
0.7453862988577041,-0.6601229654666428
0.609451729115474,0.13542595522934398
0.4973633661928578,-0.03038179877870195
0.6855488927282746,0.14258659364121473
0.7078296814480445,-0.17776859120464383
0.6470083465251336,-0.4464606495363055
0.6299710831708518,0.10956199266753364
0.6526490956454021,-0.21749121369534063
0.5280174033644358,-0.08222360638404536
0.7078296814480445,0.32731380706029567
0.4973633661928578,0.5875049722744332
0.6359961167647581,0.14924940935832354
0.8181566097062686,1.0747887887061336
0.7343740690973286,0.3414378555538835
0.7283490355034223,-0.706018527557411
0.7230741850827477,-0.21166371236668458
0.609451729115474,-0.16641906843849336
0.5390035450921078,0.6212030597933447
0.5957413185254283,-0.29452704570218274
0.6855488927282746,0.8163748087330932
0.8351938730605504,0.5698424059497216
0.5280174033644358,-0.5609224861606255
0.5461885425619118,0.5105898508989896
0.6263953556970063,0.5135181086657681
0.6180221072451982,-0.4727974604720254
0.6526490956454021,-0.6069769302325594
0.6470083465251336,0.9356753421593201
0.7453862988577041,-0.3175420815136465
0.6373814974246783,-0.08146786831452246
0.5348886585473309,0.03149440818750393
0.6855488927282746,-0.07748335231146286
0.8351938730605504,-0.4144282832653498
0.5957413185254283,0.11210692000031786
0.8181566097062686,-0.6718914245496026
0.6526490956454021,-0.15405983170437554
0.7424566698482483,-0.477347560521473
0.5348886585473309,0.7600687839014661
0.7343740690973286,0.6793784671602643
0.6445664948944824,-1.0988279646900891
0.8181566097062686,-0.4647176258437432
0.7078296814480445,0.8137429986579041
0.6470083465251336,-1.0841223385745715
0.6299710831708518,-0.5405617336177736
0.8408346221808188,0.862375433331899
0.8181566097062686,1.503977754962714
0.4973633661928578,0.08258202499687528
0.5280174033644358,-0.29066677225246684
0.6470083465251336,-0.1956718058043978
0.7453862988577041,-1.0844830765689129
0.5957413185254283,0.10721880721361654
0.8408346221808188,-0.5568242572049653
0.6180221072451982,0.2811996143976685
0.5280174033644358,0.382449080457383
0.7197786573736981,-1.0336145795620293
0.5957413185254283,0.7312622214954836
0.8181566097062686,-0.7511033781052769
0.7424566698482483,0.4893503922947936
0.6299710831708518,-1.057875990817228
0.7162029298998526,-0.021132050826632276
0.6332666108799014,0.9998289397186351
0.609451729115474,-0.2565742263382055
0.617824977567282,0.04704067419897762
0.8181566097062686,-0.4501671569190472
0.6332666108799014,0.607197521743166
0.6246962327501772,0.8519402377223452
0.7197786573736981,-0.3159060165680735
0.5390035450921078,-0.178040737195525
0.7283490355034223,-0.05197280442917973
0.7162029298998526,0.8523911544434059
0.7162029298998526,-0.7528730346310489
0.5280174033644358,-0.46754140433767255
0.6263953556970063,-0.011204743652347582
0.617824977567282,-0.32083753468142234
0.7368159207279799,0.10551549870873189
0.7343740690973286,0.44925193589671575
0.8351938730605504,-0.20195403412424107
0.6526490956454021,-0.3389689947621039
0.7453862988577041,-0.23928075717364228
0.7453862988577041,-0.6334315033460389
0.617824977567282,-0.2969949448210911
0.7230741850827477,-0.45478573408229755
0.7453862988577041,-0.10126997391984993
0.6246962327501772,-0.38136071816018624
0.6855488927282746,0.40307464068073895
0.617824977567282,1.4396983044471852
0.5348886585473309,0.0976074748470458
0.5280174033644358,-0.0685488233816004
0.6263953556970063,-0.15086502684500158
0.7343740690973286,0.20458975457936013
0.8408346221808188,-0.10183730939884728
0.587170940395704,0.07141740355872506
0.6246962327501772,-0.025433723528548335
0.8181566097062686,0.49552466520707716
0.4973633661928578,0.3805860833203919
0.6359961167647581,1.032421413451511
0.8408346221808188,0.022424758390531374
0.6246962327501772,-0.4659378703291488
0.7343740690973286,-0.6709463208878146
0.5280174033644358,-0.3545472381283581
0.7343740690973286,0.08530170411985816
0.587170940395704,-0.018911077499370266
0.5196441549126277,1.87385202879336
0.5280174033644358,-0.04812390301847075
0.5348886585473309,0.44597195648585686
0.6263953556970063,-0.18856257836800633
0.6332666108799014,-0.5799544009111106
0.7078296814480445,-0.4945487664351722
0.4973633661928578,0.3211583173361249
0.5348886585473309,-0.37840239404129994
0.5957413185254283,1.237940179961666
0.609451729115474,0.40630888263850595
0.617824977567282,-0.3683132620827907
0.7162029298998526,0.19012691666544013
0.7230741850827477,-0.4668610307323725
0.7162029298998526,-0.8884814472894212
0.6526490956454021,-0.39170352937531505
0.6373814974246783,0.5314450498645573
0.587170940395704,-0.3725166813852711
0.7271890716275246,-0.24566586076809588
0.7197786573736981,-0.35621390278314163
0.5390035450921078,0.11327341061776308
0.4973633661928578,0.08479649791574839
0.7197786573736981,-0.10332760304178767
0.6526490956454021,-0.48210031685528365
0.7368159207279799,-0.08660625207004935
0.628811119294954,-0.5925439944602241
0.7271890716275246,0.11119300386493391
0.6359961167647581,0.7271310452303368
0.7510270479779726,0.8182469242056831
0.6470083465251336,-0.4996949880110516
0.5196441549126277,-0.4858494822572347
0.6332666108799014,2.3160997037436903
0.7271890716275246,-0.8701175070433493
0.5461885425619118,-0.5935670884930316
0.6445664948944824,-0.07931575602704755
0.6855488927282746,0.221035928819603
0.7162029298998526,-0.1727353394020874
0.6332666108799014,-0.25639345123289725
0.6373814974246783,0.42087649983965747
0.6180221072451982,0.23682631860001124
0.7162029298998526,1.3898187832731126
0.587170940395704,0.851283732892821
0.6445664948944824,-0.38531892844906607
0.5280174033644358,0.4765371042540414
0.6332666108799014,-0.46486507289842727
0.7510270479779726,-0.5128676016308757
0.7368159207279799,0.5437935109878678
0.7230741850827477,-0.7005873204419074
0.4973633661928578,-0.5837661647252522
0.7424566698482483,-0.29432122844527775
0.7424566698482483,-0.2953576089460039
0.4973633661928578,2.098073980801089
0.617824977567282,1.0372602416194079
0.587170940395704,-1.0171655518564404
0.5957413185254283,1.0245960187850665
0.6526490956454021,-0.4559571230032604
0.7343740690973286,-0.245896390793923
0.6445664948944824,-0.3323062310148057
0.6332666108799014,-0.05830444049703609
0.6470083465251336,-0.0996780022450009
0.587170940395704,-0.16693558477066672
0.6526490956454021,0.6140448982051783
0.7162029298998526,-0.4365788611545119
0.5461885425619118,-0.7434433676464722
0.617824977567282,1.2537809031463567
0.6445664948944824,-0.24355823713887392
0.7368159207279799,-0.18219504375928686
0.587170940395704,1.345383126241508
0.6359961167647581,1.2653299551223876
0.6470083465251336,-0.43557873631041966
0.8181566097062686,-0.23105601342890703
0.7453862988577041,-0.32276552763041894
0.617824977567282,-0.09357123587871818
0.8351938730605504,0.06212820606295422
0.5348886585473309,-0.3380724913287325
0.7283490355034223,0.8363929718323562
0.7424566698482483,-0.2646914895032103
0.4973633661928578,-0.45640694870859744
0.6180221072451982,-0.36537008504756663
0.7343740690973286,0.3986822540757964
0.6263953556970063,-0.2964648266054982
0.7283490355034223,-0.6954582177806634
0.6373814974246783,0.02826863052349382
0.8408346221808188,-0.4458466750053693
0.8408346221808188,0.7825918327828859
0.5196441549126277,-0.2714621386277697
0.609451729115474,-0.34287933127413306
0.6299710831708518,-0.23167272833223512
0.7283490355034223,-0.40856375492766484
0.5196441549126277,0.1386863484754539
0.7510270479779726,-0.5249064125545392
0.7271890716275246,-0.24534772297453084
0.6445664948944824,1.6049788637806746
0.7230741850827477,-0.7364022099242423
0.5461885425619118,-0.6251092465967699
0.7343740690973286,-0.980969478052848
0.6526490956454021,-0.7496733436276806
0.6470083465251336,1.6042835573445497
0.7283490355034223,-0.4175573099979596
0.7368159207279799,0.6670665340789426
0.7453862988577041,0.23921240334749316
0.7368159207279799,0.398623995594823
0.7283490355034223,-0.3589032371830127
0.7230741850827477,-0.09096031608327737
0.4973633661928578,-0.40281784229969836
0.6332666108799014,-0.3920249429762499
0.7368159207279799,0.7876833015795683
0.5461885425619118,-0.33621696201321166
0.5390035450921078,-0.3471995061511018
0.5390035450921078,-0.6013619377764264
0.6299710831708518,-0.6630460799853533
0.7283490355034223,0.46185023775339507
0.5957413185254283,-0.6654741065401493
0.5196441549126277,-0.4045396366169613
0.7283490355034223,-0.4449730710469037
0.6299710831708518,-0.2589179328290755
0.5348886585473309,-0.4802497270215213
0.7162029298998526,0.4433181441280899
0.6526490956454021,0.7011374403839266
0.8408346221808188,-0.5247320164250406
0.5957413185254283,-0.10301384273182662
0.6359961167647581,0.4297377862699714
0.6299710831708518,-0.130310416219439
0.8181566097062686,1.0811408976559371
0.6373814974246783,0.08859311816076676
0.4973633661928578,-0.23452136971201049
0.5390035450921078,0.06886332295287267
0.6299710831708518,0.649301522084915
0.7424566698482483,1.259905481698254
0.8408346221808188,0.306419819702045
0.617824977567282,-0.012711186988230039
0.7162029298998526,1.0490483479049302
0.6263953556970063,-0.43483956597115764
0.6180221072451982,-0.1778298283783512
0.5280174033644358,0.12717221793346
0.5461885425619118,-0.36875884809885917
0.7510270479779726,0.8657187367970274
0.5348886585473309,-0.9258358139786882
0.7368159207279799,0.7536328489901181
0.4973633661928578,-0.3886447552519241
0.7343740690973286,-0.3142483547842061
0.6180221072451982,-0.023194675686171062
0.6332666108799014,-0.1990257254599026
0.6445664948944824,-0.0999526178953074
0.7230741850827477,-0.07343860236614574
0.6180221072451982,-0.25698946189396504
0.7197786573736981,-0.9000056892240053
0.6526490956454021,-0.44066768993936134
0.6180221072451982,1.1088328005281674
0.8181566097062686,-0.8503322378576539
0.8181566097062686,0.4597634488578385
0.6373814974246783,0.3133968796722649
0.587170940395704,0.551386254274196
0.5390035450921078,-0.34619846628085604
0.8408346221808188,0.3640279661698639
0.5196441549126277,0.5359447596428127
0.7510270479779726,0.055568141126830395
0.4973633661928578,1.496809692409591
0.587170940395704,-0.697264974803854
0.6332666108799014,0.18906230374661803
0.6855488927282746,0.32632081918302347
0.7343740690973286,-0.28616248347506584
0.5348886585473309,-0.8113256611243943
0.7162029298998526,-0.2769587465241498
0.5196441549126277,-0.8344721669431203
0.7510270479779726,1.0517909332227475
0.5280174033644358,0.39462670301559066
0.4973633661928578,-0.2682877643378667
0.6263953556970063,0.10563171071039557
0.4973633661928578,-0.3666406767503499
0.6470083465251336,-0.753178523195978
0.6332666108799014,0.048871643227177186
0.6445664948944824,0.7846227588031022
0.6359961167647581,0.3683823759263334
0.8351938730605504,0.7201288936220842
0.6373814974246783,2.0905388646408687
0.8408346221808188,0.3352033835947289
0.7197786573736981,0.11570163554010238
0.5390035450921078,1.328618615394243
0.4973633661928578,0.17010609546879296
0.5280174033644358,-0.567828658831949
0.6470083465251336,-0.2510388460037146
0.5957413185254283,-0.1837594904404829
0.7162029298998526,-0.29543720881755464
0.5390035450921078,-0.7498465591556985
0.6332666108799014,-0.11845735237068122
0.5390035450921078,-0.8471580211033993
0.7424566698482483,-0.12292653581042434
0.6299710831708518,-0.023199554448717796
0.7271890716275246,-0.5751532837516908
0.7162029298998526,-0.7203037266911584
0.7368159207279799,0.659344064685478
0.6180221072451982,-0.5228641208399742
0.6855488927282746,0.09551405989871598
0.8181566097062686,-0.7072127300264648
0.6299710831708518,-0.3008403725902127
0.8408346221808188,-0.6125012015660629
0.6373814974246783,-0.27971614409597373
0.6855488927282746,-0.11489815725061459
0.7510270479779726,-0.3973478467990193
0.5196441549126277,0.7359037320948351
0.7162029298998526,-1.1919915801582226
0.6180221072451982,-0.007541845438930661
0.7271890716275246,0.013915116594426569
0.5390035450921078,-0.6814919609323665
0.6180221072451982,0.3058829221488969
0.7368159207279799,-0.1265159267152839
0.7283490355034223,-0.32807189499058476
0.7343740690973286,-0.2224276536472527
0.7343740690973286,-0.4607170393667731
0.8351938730605504,-0.4962739915222526
0.5280174033644358,-0.13242938012850142
0.5390035450921078,0.7496016612086427
0.5196441549126277,-0.5846779453408902
0.6332666108799014,-0.265340835593916
0.5957413185254283,-0.24516318240229773
0.6299710831708518,0.42214138648374844
0.8181566097062686,-0.43610002232079387
0.7283490355034223,-0.48692338485977743
0.5390035450921078,0.11862831685692055
0.7343740690973286,0.42910709239553335
0.5390035450921078,0.6823942975979091
0.8408346221808188,0.13100475521783383
0.6180221072451982,0.8809885195531236
0.6299710831708518,-0.6252761217709165
0.5196441549126277,-0.7235528871612101
0.7283490355034223,-0.5122164033683807
0.6470083465251336,-0.3107414881353873
0.5461885425619118,-0.40086574263902935
0.5390035450921078,-0.11383019324231025
0.587170940395704,-0.6549474448142086
0.6470083465251336,0.06137413519354251
0.6359961167647581,-0.022011306483929904
0.609451729115474,-0.39436647886738807
0.7283490355034223,-0.4060399820625232
0.6526490956454021,0.22755184381507287
0.6373814974246783,-0.11935984727347393
0.7424566698482483,0.6969460187396482
0.5348886585473309,-0.5404109785512835
0.6373814974246783,-0.08092561100927942
0.7162029298998526,-0.7646912146374795
0.587170940395704,0.06801327970825499
0.8408346221808188,-0.21954510914680048
0.7343740690973286,0.5719575061551398
0.6263953556970063,0.2581653409143785
0.6263953556970063,0.3843676413914714
0.6263953556970063,-0.503117223557884
0.5196441549126277,-0.460164470642577
0.5390035450921078,1.0680527735988414
0.5957413185254283,-0.06276922816654484
0.5957413185254283,-0.31083933194021857
0.6299710831708518,-0.7047251255185669
0.8408346221808188,0.10110136106200573
0.5280174033644358,-0.393909589392328
0.5957413185254283,-0.4298013773659672
0.6299710831708518,0.3658752469847001
0.8408346221808188,0.7753310480563161
0.6470083465251336,0.5531203085173918
0.6855488927282746,-0.821984956972581
0.617824977567282,0.2422269457356493
0.5280174033644358,-0.554849074630769
0.7453862988577041,-0.5394033927579063
0.7283490355034223,0.5411560272894826
0.7230741850827477,0.7181158067127512
0.617824977567282,0.10809031590813589
0.6855488927282746,0.7607457541743584
0.8351938730605504,0.8905644592621198
0.5957413185254283,-0.10585589845077431
0.587170940395704,-0.4714778204387009
0.6373814974246783,-0.2878721149241714
0.5957413185254283,-0.5027426263668253
0.6359961167647581,0.6865829576006528
0.617824977567282,0.3569388302649854
0.6470083465251336,-0.5238028832730545
0.5390035450921078,-0.18225134414028732
0.7453862988577041,0.8314491625346655
0.7230741850827477,-0.2296228641803269
0.7510270479779726,0.5095516409049707
0.5348886585473309,-0.21138898870860073
0.609451729115474,-0.06938049777444211
0.5461885425619118,-0.39007467678111996
0.5196441549126277,-0.38704896288764923
0.6299710831708518,-0.8155102509179966
0.6373814974246783,-0.45368263954574717
0.6263953556970063,-0.3940556588603247
0.6855488927282746,-0.29476374323741084
0.7453862988577041,-0.20050788882081372
0.7230741850827477,-0.4061762089833036
0.6855488927282746,-0.7222777131995259
0.628811119294954,-0.7269077476454654
0.6180221072451982,0.30070126335189284
0.6526490956454021,-0.17024331699322087
0.8181566097062686,-1.0826343960704718
0.6470083465251336,-0.4100257973779995
0.6373814974246783,-0.36445475136806527
0.6359961167647581,-0.5065191447027306
0.7510270479779726,-0.15655478161915015
0.609451729115474,0.8948770138484852
0.6526490956454021,0.34899447861114097
0.4973633661928578,1.0259816128076575
0.6246962327501772,-0.530136334337123
0.609451729115474,0.9267202380992134
0.6299710831708518,0.3757552249462146
0.7271890716275246,-0.47649665900698596
0.7453862988577041,1.0412125438809308
0.6359961167647581,0.23599863493970297
0.7230741850827477,0.9307325316979013
0.5280174033644358,-0.1273341769198687
0.8351938730605504,-0.6030529200383861
0.6332666108799014,-0.5835454516501262
0.5461885425619118,-0.5717571512477934
0.8408346221808188,-0.6579454764953157
0.617824977567282,0.24820178261557557
0.4973633661928578,-0.29975270241484414
0.7283490355034223,-0.5973462997164873
0.6180221072451982,-0.0693508499249832
0.7510270479779726,1.5901624144224005
0.609451729115474,0.01195548872585006
0.617824977567282,0.7323196859997522
0.6526490956454021,-0.3071648749284829
0.7271890716275246,-0.2429349028832165
0.7343740690973286,-0.3134561070233166
0.7283490355034223,0.6698821474435706
0.4973633661928578,2.789932845448373e-05
0.5196441549126277,0.22016149078875646
0.7368159207279799,0.6948675417875958
0.617824977567282,0.31491204953600915
0.587170940395704,0.2518467480834967
0.7283490355034223,-0.15359357583523803
0.6470083465251336,-1.0483763094077823
0.6299710831708518,0.5234628579021798
0.5196441549126277,1.15030806736968
0.6526490956454021,-0.584034082201792
0.7343740690973286,-0.4984961056876822
0.8351938730605504,-0.6798882318847161
0.6299710831708518,-0.2096647856999262
0.5196441549126277,-0.4583297945502104
0.7510270479779726,-0.44242672077480305
0.6373814974246783,0.6113821702326807
0.5461885425619118,-0.4774410478651171
0.5348886585473309,-0.8802857232274873
0.6263953556970063,1.0270760927327383
0.7368159207279799,-0.27270889231220663
0.7078296814480445,0.6909873181152053
0.7162029298998526,0.7922337292518625
0.6470083465251336,0.1982374956293702
0.6263953556970063,-0.9002643363769307
0.5461885425619118,-0.23733801128414717
0.8181566097062686,0.045185268626111164
0.8351938730605504,-0.8883950916412837
0.5196441549126277,-0.754975046062448
0.5957413185254283,-0.27242112063756246
0.609451729115474,-0.47759775507479374
0.7197786573736981,1.076700838311166
0.8351938730605504,0.4876946851543722
0.6180221072451982,-0.2168432386177408
0.7078296814480445,-0.6211067210352665
0.7368159207279799,-0.35227282619273453
0.7368159207279799,-0.5274557249291982
0.7283490355034223,1.136510760277044
0.8351938730605504,-0.5212368552024007
0.8181566097062686,0.7235037710007851
0.6373814974246783,-0.7994839254348721
0.6526490956454021,0.2968611860607293
0.5196441549126277,0.14124911586391686
0.8408346221808188,-1.1971145013100641
0.6470083465251336,0.22821369373382883
0.6180221072451982,0.3674188330740714
0.5196441549126277,-0.7188105934485557
0.7283490355034223,-0.49059939436372807
0.4973633661928578,0.6878571070828039
0.617824977567282,1.4132530264223506
0.8351938730605504,-0.07045685605012209
0.7230741850827477,1.11615632467955
0.6373814974246783,-0.6131107299046072
0.6373814974246783,-0.16486421753351727
0.617824977567282,-0.5520905155996857
0.7424566698482483,-0.17677122531757372
0.6299710831708518,-0.4631258356753831
0.5390035450921078,-0.5136416930683534
0.7162029298998526,-0.8094786505673168
0.8181566097062686,-0.8567434997457172
0.587170940395704,-0.1966844538324643
0.8408346221808188,0.029383647219830444
0.6299710831708518,-0.42444053412582855
0.7453862988577041,0.41264338910778686
0.5390035450921078,-0.3232815454936353
0.6855488927282746,1.05867307991949
0.6180221072451982,-0.31931092960424334
0.6470083465251336,0.2753881471882853
0.8181566097062686,-0.49431603191874784
0.6373814974246783,0.5124713792419262
0.6526490956454021,-0.6509339673158256
0.5461885425619118,0.007622832314574723
0.5348886585473309,-0.5751364429885576
0.7162029298998526,-0.37770032729597125
0.5196441549126277,0.3120356039687877
0.7343740690973286,0.9794114081357899
0.6246962327501772,-0.36374165371957107
0.5348886585473309,-0.3295237345998736
0.7510270479779726,-0.07058037855267019
0.7283490355034223,1.073744090438008
0.6332666108799014,-0.13057092568709405
0.5390035450921078,0.8011825037259526
0.7453862988577041,-0.4927480250336098
0.617824977567282,0.09391483383220267
0.617824977567282,0.3108143160037876
0.5280174033644358,-0.5682963162238436
0.7343740690973286,0.9338303069141562
0.5390035450921078,-0.47676479139183836
0.5461885425619118,0.539678300219076
0.7424566698482483,-0.6773481861704496
0.5280174033644358,-0.4148390865050602
0.5461885425619118,-0.5552479554012473
0.7424566698482483,-0.3533754475968176
0.7230741850827477,-0.5872283353601051
0.7424566698482483,-0.22817183605247326
0.7510270479779726,-0.50667605266895
0.7078296814480445,-0.423584483292867
0.8181566097062686,-0.5871364008629429
0.6470083465251336,-0.3614471465429627
0.5196441549126277,-0.3177331471363364
0.5280174033644358,-0.2109964800234974
0.7343740690973286,-0.9049902815292332
0.609451729115474,-0.6861891552543862
0.4973633661928578,-0.4323550491692354
0.5957413185254283,0.41555147295999073
0.6359961167647581,0.29275719355945307
0.6332666108799014,0.03493648672333016
0.8181566097062686,1.163067661924309
0.7230741850827477,-0.5549722496163645
0.8408346221808188,-0.31252476239446203
0.6263953556970063,-0.2574708647424233
0.6299710831708518,0.8677256895368595
0.6470083465251336,-0.06593790728132365
0.5196441549126277,-0.15275606315832513
0.6855488927282746,-0.9040700189535055
0.7078296814480445,0.31067740037138325
0.7368159207279799,-0.3398564162603105
0.6332666108799014,-0.41008490032915845
0.7162029298998526,0.011075979175640738
0.8408346221808188,-0.5681607616188844
0.7368159207279799,0.7561924621457989
0.7271890716275246,-0.923780764229434
0.5461885425619118,-0.5788790003092111
0.6445664948944824,-0.05835545953118115
0.7343740690973286,-0.05284769937383316
0.617824977567282,-0.07126050297353981
0.6332666108799014,0.46121984489789036
0.6470083465251336,0.12268895742176755
0.5957413185254283,0.9993641128483735
0.6299710831708518,1.016228232321927
0.5348886585473309,-0.4934311220100768
0.6299710831708518,-0.214550759733111
0.7343740690973286,-0.16547040447784522
0.8408346221808188,0.7431531247993138
0.6526490956454021,0.391516088494936
0.6180221072451982,0.694700549442209
0.587170940395704,0.2157866005661051
0.7510270479779726,-0.26689833656850565
0.7162029298998526,0.48318246835124967
0.7453862988577041,0.41686767140766146
0.6263953556970063,0.6511821134321842
0.7368159207279799,0.8318969716466567
0.8408346221808188,0.37788108944298904
0.7343740690973286,-0.26779780656994945
0.6246962327501772,0.499495169758143
0.5280174033644358,-0.831006431803496
0.5280174033644358,-0.34472873106401036
0.6373814974246783,0.10189321039610388
0.7197786573736981,-0.13584719199804685
0.617824977567282,-0.6729807744474697
0.7283490355034223,-0.25959531206464803
0.6526490956454021,-0.010145525828391233
0.8408346221808188,-0.3251531073597642
0.7368159207279799,-0.06898788148326662
0.7453862988577041,1.5004078257212359
0.5348886585473309,-0.1671299174607681
0.5461885425619118,-0.13107182808052298
0.609451729115474,-0.4011789212628406
0.5461885425619118,0.25601441276857184
0.7271890716275246,-0.9432610604831458
0.609451729115474,0.003682293334477893
0.8408346221808188,-0.7897833970911439
0.8351938730605504,0.22456611191434228
0.7368159207279799,0.32189676039018256
0.4973633661928578,-0.16310915900423978
0.587170940395704,0.8108816213490305
0.7230741850827477,-0.20410772800927868
0.6263953556970063,-0.48085103307645877
0.5348886585473309,0.07232469153071419
0.7510270479779726,-0.4236208554694495
0.5196441549126277,-0.6940899272766546
0.7424566698482483,0.8138009056956362
0.6299710831708518,-0.5585045536926554
0.6445664948944824,0.7205506280841253
0.7424566698482483,-0.26261360698637853
0.4973633661928578,0.14017321381073355
0.7162029298998526,-0.6897121301548251
0.4973633661928578,-0.37430520183891447
0.6332666108799014,-1.0848425183525412
0.7230741850827477,0.23950652141849205
0.5348886585473309,-0.24828539278659306
0.7162029298998526,-0.6192295884614066
0.4973633661928578,-0.03274276196395032
0.6470083465251336,0.45369445550180576
0.5461885425619118,-0.018346699342615902
0.5280174033644358,0.12546013927001154
0.7510270479779726,1.095670789272038
0.6263953556970063,0.07025199212396704
0.7368159207279799,-0.3155261523175309
0.6180221072451982,-0.4448929211263142
0.5461885425619118,-0.09723357784441344
0.5348886585473309,0.5626574286022703
0.6445664948944824,0.36412772371137103
0.6332666108799014,-0.5998875423415414
0.5390035450921078,-0.39743228399552527
0.7453862988577041,1.2159351550575606
0.587170940395704,-0.09786713849545992
0.7078296814480445,-0.4158886163934732
0.6359961167647581,0.1505192227324863
0.7197786573736981,1.0612772660726795
0.6855488927282746,-0.0026377218063929897
0.6855488927282746,-0.25138269638590716
0.8181566097062686,-0.3658565173981765
0.5957413185254283,-0.35681867448095217
0.6359961167647581,0.660165528324155
0.6332666108799014,-0.14473696545147507
0.8351938730605504,-0.007155156541298502
0.6855488927282746,0.13594392011340017
0.5196441549126277,-0.353590370387427
0.5957413185254283,0.19094975560035532
0.628811119294954,-0.21291744486982184
0.5957413185254283,-0.27132792696165403
0.8408346221808188,-0.17009298155162023
0.4973633661928578,-0.3197960094027281
0.7197786573736981,-0.09591365801227336
0.628811119294954,0.4280295574419334
0.6299710831708518,-0.86373028159594
0.6359961167647581,1.1142400356841562
0.6332666108799014,0.2863761367090233
0.7283490355034223,0.671119390296802
0.8181566097062686,0.7589901915323182
0.7343740690973286,-0.215408683276181
0.7283490355034223,1.4675192780802224
0.7162029298998526,0.8219505159190831
0.5348886585473309,0.9300303822434177
0.6263953556970063,-0.24830644611036007
0.609451729115474,-0.2629066090380458
0.617824977567282,-1.035032306539545
0.7368159207279799,-0.9374255291805269
0.4973633661928578,1.0921096677830646
0.5348886585473309,-0.39712410091101136
0.6526490956454021,-0.27676838877865234
0.6332666108799014,0.030760259288601932
0.617824977567282,-0.3915532840042789
0.5957413185254283,0.9456212228184768
0.5348886585473309,0.6673964724594719
0.6526490956454021,-0.5272475987225999
0.8408346221808188,-0.09433176289199685
0.7453862988577041,0.522645702373166
0.5280174033644358,-0.048180714997891505
0.8351938730605504,0.30734588712924626
0.7510270479779726,1.779569449086859
0.617824977567282,0.3943684857904898
0.7283490355034223,0.46495606061669426
0.587170940395704,0.4708131891338413
0.5348886585473309,-1.0007805924224489
0.5461885425619118,-0.670012915401049
0.6445664948944824,-0.040988231771837746
0.8351938730605504,-0.3548793344128088
0.6299710831708518,0.26930597346024476
0.6855488927282746,-0.5624186676937372
0.8408346221808188,-0.12664445641139488
0.6470083465251336,-0.49935164989398845
0.6526490956454021,-0.9627506162847389
0.4973633661928578,-0.38269343790708404
0.6332666108799014,-0.3720021047766743
0.7197786573736981,-0.2614342965297147
0.7197786573736981,0.2528539951011427
0.5957413185254283,-0.47228763586653666
0.6526490956454021,0.26000442959684156
0.6470083465251336,-0.3186829915211326
0.7343740690973286,0.16509183582939113
0.6373814974246783,0.2644546687444921
0.5196441549126277,-0.6468763435320772
0.7078296814480445,0.7499162427663895
0.5390035450921078,1.021573627682121
0.6180221072451982,0.1276600739658662
0.8351938730605504,-0.19994888287614998
0.6359961167647581,1.1009627919960356
0.6373814974246783,-0.49254194621131425
0.7197786573736981,0.28714741694889845
0.6263953556970063,-0.3276135636865553
0.7230741850827477,0.3746776001336899
0.8351938730605504,-0.5063947856113881
0.6299710831708518,-0.35300578070814437
0.7271890716275246,-0.6788519624535077
0.7162029298998526,-1.0046399539257875
0.7197786573736981,1.6994055618471582
0.6299710831708518,-0.24037658287411584
0.7271890716275246,-0.26803628795221535
0.7368159207279799,-0.7350647548979014
0.5348886585473309,-0.7229149766485041
0.6180221072451982,0.11907348748706859
0.6246962327501772,-0.44336858638805676
0.5461885425619118,-0.6006721838347437
0.5461885425619118,-0.25004259001214235
0.6526490956454021,-0.526400130634472
0.8351938730605504,-0.40163336304976693
0.5957413185254283,0.9627670649295774
0.7230741850827477,0.11632146347469541
0.7453862988577041,-0.37450035127213516
0.617824977567282,-0.8624103964982228
0.6180221072451982,-0.042686131489142576
0.5461885425619118,-0.3527245439738878
0.6299710831708518,-0.07029935394945241
0.628811119294954,-0.4473262457558389
0.6359961167647581,0.3143263116778827
0.7453862988577041,0.5995688506702334
0.7230741850827477,-0.5017239207472122
0.6855488927282746,-0.15921443505293498
0.6246962327501772,0.6399936691164002
0.7510270479779726,0.14580363951323028
0.7230741850827477,1.0070873773823554
0.7424566698482483,-0.2198532968766369
0.5461885425619118,0.22176587988144603
0.8408346221808188,1.5676382734308687
0.7197786573736981,-0.13404404092776434
0.7078296814480445,-0.029590373067602593
0.5461885425619118,-0.6304551081762743
0.7197786573736981,1.190226229487894
0.7453862988577041,-0.0034243829988533925
0.5348886585473309,-0.3243165983248527
0.6526490956454021,-0.3818440931091285
0.5280174033644358,0.8009826935118689
0.6299710831708518,-0.18192539976100858
0.7283490355034223,-0.23986049727641012
0.6299710831708518,-0.47698127689171516
0.7283490355034223,-0.48758429331979086
0.7283490355034223,-0.07611609329980618
0.7283490355034223,1.6902022703897226
0.8181566097062686,-0.21124025631132382
0.6445664948944824,0.6030274227512745
0.7424566698482483,-1.0868787025268962
0.5461885425619118,0.8473032051222308
0.6526490956454021,-0.39256789692670735
0.6263953556970063,0.09274827002072317
0.609451729115474,0.05411637199734254
0.5348886585473309,-0.5540322330664407
0.4973633661928578,-0.8258441001265995
0.6246962327501772,0.45218997797611615
0.8408346221808188,0.6324993113718719
0.5461885425619118,-0.3391612838188165
0.5280174033644358,0.2662002889288726
0.5348886585473309,0.45174142456956035
0.7510270479779726,-0.6500150634697124
0.5348886585473309,-0.45874795379891586
0.6246962327501772,0.3068758226736267
0.6855488927282746,-0.11567323204112423
0.7343740690973286,0.14236677545271026
0.5461885425619118,1.0467681170915353
0.6180221072451982,0.3767518769827296
0.7453862988577041,-0.34780491919897355
0.6359961167647581,0.04396232345149864
0.6263953556970063,-0.33376865306274534
0.7197786573736981,-0.12460760209395183
0.6332666108799014,1.2977391025525529
0.7368159207279799,0.07702795776246818
0.6359961167647581,0.5976340674716196
0.7162029298998526,-0.6766899517729776
0.8408346221808188,-0.30139203762297095
0.8181566097062686,-0.17227720523797285
0.7283490355034223,1.9535535296419797
0.6263953556970063,-0.1982661626142007
0.7510270479779726,-0.4452127867612425
0.6359961167647581,-0.2588145091089722
0.8351938730605504,1.0259081220656046
0.6445664948944824,-0.6335771000939133
0.6445664948944824,-0.6599712410620063
0.7078296814480445,0.36468620561206677
0.7078296814480445,0.7637741321260529
0.8351938730605504,-0.5544542436682331
0.7078296814480445,0.16085878841847367
0.7283490355034223,-0.7661897492898819
0.8351938730605504,0.3135410250075812
0.8181566097062686,-0.20466169639210863
0.5348886585473309,-0.6667929185280321
0.6180221072451982,0.15920235423170204
0.5348886585473309,-0.3566330230846839
0.6526490956454021,-0.5232723717155681
0.617824977567282,1.0495028089022274
0.5280174033644358,-0.3240538172407089
0.5957413185254283,0.21773955311313697
0.5348886585473309,-0.870126037922242
0.6470083465251336,-0.18725122135703393
0.7424566698482483,0.37913023618950403
0.628811119294954,0.2293903939038442
0.5348886585473309,-0.02131106492624535
0.5390035450921078,-0.21889278758771374
0.5390035450921078,-0.2522834601748056
0.6445664948944824,-0.747016915654435
0.6332666108799014,0.5009394047101237
0.7453862988577041,-0.02649208617302068
0.7343740690973286,-0.3534041330706988
0.5390035450921078,0.3256197592583381
0.6263953556970063,0.0079281428803607
0.7453862988577041,0.11861413652445063
0.6299710831708518,0.3401993913462882
0.6332666108799014,-0.011361490049598855
0.5348886585473309,-0.5466599694285612
0.8408346221808188,-0.013272333335414555
0.7453862988577041,0.8559698640373247
0.7078296814480445,-0.43353981054569174
0.6246962327501772,-0.590474339041837
0.6299710831708518,-0.21285168423258166
0.5957413185254283,-0.046671169478021746
0.8351938730605504,1.2420109314872287
0.7162029298998526,-0.8427891248963157
0.7230741850827477,-0.375037927376926
0.6246962327501772,-1.603188219296901
0.6445664948944824,-0.554900211955556
0.6246962327501772,-0.8505400515006445
0.7510270479779726,-0.5361397257415749
0.4973633661928578,-0.6808633370444896
0.7343740690973286,-0.1717285895805576
0.6855488927282746,0.226535404490662
0.5461885425619118,0.48690284035920717
0.5348886585473309,-0.8097499363959457
0.8408346221808188,-0.2262542473097916
0.5390035450921078,-0.2960217592570473
0.6332666108799014,-0.2557792555237941
0.6299710831708518,-0.20756921516150534
0.6332666108799014,0.68446618751832
0.7230741850827477,-0.9076021341659247
0.7197786573736981,0.015500954707504122
0.6855488927282746,0.9844193688487773
0.7162029298998526,0.2707213108791907
0.6373814974246783,-0.0481055531609772
0.6263953556970063,-0.4575487631469636
0.8351938730605504,-0.691375733404684
0.5280174033644358,0.1525335771156222
0.5461885425619118,0.6120192895834008
0.5196441549126277,0.12458044522165823
0.7197786573736981,-0.2129808744788173
0.6445664948944824,0.42125937871621877
0.8408346221808188,0.18667811321797678
0.587170940395704,0.047463156243527926
0.587170940395704,0.3607462798239631
0.617824977567282,0.11137357213352361
0.7197786573736981,1.3710787372915663
0.6470083465251336,0.09280417092826188
0.5390035450921078,0.3301989335453055
0.609451729115474,-0.06384422925728328
0.617824977567282,-0.3802337385381324
0.5280174033644358,1.703021632966117
0.6299710831708518,-0.6301862063080523
0.6299710831708518,1.6390489325695037
0.5280174033644358,0.4339552002738616
0.6263953556970063,0.26937265846985636
0.6359961167647581,0.5375616337392279
0.628811119294954,-0.23774802408510337
0.5957413185254283,0.37856104309584127
0.5461885425619118,0.09989580363848649
0.8181566097062686,-0.8886478531841698
0.8351938730605504,-0.8212123713762564
0.8408346221808188,-0.13115446750202886
0.6526490956454021,-0.2828403884002242
0.5390035450921078,-0.5808194709226836
0.6526490956454021,-0.30812670577483986
0.6180221072451982,-0.42119501624932687
0.5280174033644358,0.4071085468401662
0.587170940395704,0.22552265350176715
0.7271890716275246,-1.043244144328829
0.5348886585473309,0.07176975388429807
0.6526490956454021,-0.5475543052897955
0.7283490355034223,0.01624216557377689
0.8351938730605504,-0.08980349691234535
0.6470083465251336,0.654820285600407
0.6373814974246783,1.5901043861485533
0.8408346221808188,-0.45727564418118805
0.6470083465251336,-0.6282558782808176
0.5461885425619118,-0.19008988463042992
0.6373814974246783,-0.016472753079106672
0.6445664948944824,-0.2988010032055733
0.7368159207279799,-0.6659229755483865
0.7162029298998526,1.2309736026665306
0.6299710831708518,0.5962624425089302
0.5461885425619118,1.262818462428993
0.6246962327501772,-0.15581035295487883
0.6526490956454021,-0.19311495575300736
0.5390035450921078,-0.7733262256445739
0.4973633661928578,-0.5103395944614468
0.5461885425619118,-0.8553789361793239
0.5280174033644358,-0.4512855551578402
0.7510270479779726,-0.25652515431054934
0.5957413185254283,-0.1903850163305597
0.617824977567282,0.8217924964640172
0.617824977567282,-0.1304533612817848
0.5957413185254283,-0.019397990674404397
0.7510270479779726,-0.08756447807474643
0.6470083465251336,0.12424611612389558
0.5957413185254283,0.13028545501701516
0.6445664948944824,0.33576085717787596
0.7078296814480446,-0.8444475466343683
0.6470083465251336,-0.346656895692396
0.5280174033644358,-0.17243640756872347
0.609451729115474,-0.22098813109415166
0.6299710831708518,-0.4757692046521114
0.6180221072451982,1.2787791868644214
0.5280174033644358,0.20813342218459252
0.6180221072451982,0.1827909695440807
0.5280174033644358,-0.33226412405756856
0.8181566097062686,-0.43459040855425657
0.6855488927282746,-0.4543540799856424
0.6373814974246783,0.07795780625258408
0.5280174033644358,-0.8854430576301391
0.7271890716275246,-0.45485794940626223
0.5348886585473309,0.26508045925705026
0.8351938730605504,-0.5176556881985266
0.5348886585473309,-0.7130017234736031
0.8408346221808188,0.7064992433725809
0.7343740690973286,0.2826111936431759
0.6332666108799014,0.03231007244990025
0.8408346221808188,0.5575340007720838
0.5390035450921078,-0.376345895215105
0.609451729115474,-0.3690994214705514
0.6299710831708518,-0.2766708070274194
0.7230741850827477,0.3244357032569959
0.6299710831708518,-0.22022163264523714
0.7343740690973286,-0.8964747331395874
0.7230741850827477,-0.09564798448505574
0.7197786573736981,0.22031410526549478
0.8181566097062686,0.9283589499479757
0.6246962327501772,0.29942936623806315
0.5461885425619118,-0.15309167342548685
0.6855488927282746,-0.8175454637939483
0.7078296814480445,1.460057681870207
0.6299710831708518,1.8950056545263512
0.7162029298998526,-0.7540954694657548
0.5390035450921078,-0.1452645195513917
0.7230741850827477,0.3204992066874376
0.4973633661928578,-0.385189543921766
0.7078296814480445,-0.7963172383783121
0.587170940395704,0.28937592390544087
0.7197786573736981,0.5363878268747816
0.7453862988577041,-0.606309199558398
0.7343740690973286,0.1806986813364756
0.6470083465251336,-0.7760285583797724
0.5280174033644358,0.31522596295111116
0.7230741850827477,-0.17460098873632213
0.5348886585473309,-0.521924359384165
0.5348886585473309,-0.39599857437598185
0.6180221072451982,0.5286284757075245
0.6855488927282746,-0.2690651796877466
0.6332666108799014,0.028909427052270176
0.7510270479779726,1.9581534807307797
0.4973633661928578,0.024966963899150207
0.7271890716275246,1.4750808343836326
0.7453862988577041,-0.0689042128014592
0.7343740690973286,1.1222464473758842
0.5957413185254283,1.1632752378907738
0.7510270479779726,0.45284680145260614
0.5280174033644358,-0.2897864809846621
0.6263953556970063,1.003556538796273
0.6263953556970063,-0.0676993620869194
0.6332666108799014,0.7135272519517919
0.8408346221808188,0.4657273331141957
0.4973633661928578,-0.6477211315560273
0.5390035450921078,0.0024263924429476225
0.628811119294954,-0.17134772869521547
0.6246962327501772,-0.423029342717966
0.617824977567282,-0.41075259849286194
0.7230741850827477,-0.6869259757007552
0.7283490355034223,0.6498153920826717
0.6373814974246783,-0.28532018996168734
0.6445664948944824,0.6110729611110536
0.5390035450921078,0.09405811832902422
0.8408346221808188,-0.47397313765924043
0.6332666108799014,-0.2581057394510121
0.6359961167647581,0.16060747279776844
0.7271890716275246,-0.7984570649275683
0.5461885425619118,-0.6802957580846123
0.4973633661928578,-0.6114903060202224
0.7453862988577041,0.26091576231265
0.6299710831708518,-0.4434804789920918
0.7162029298998526,0.04614222777814281
0.6180221072451982,0.9828619046720185
0.5196441549126277,0.3553510119912441
0.4973633661928578,-0.2929444314366083
0.609451729115474,-0.43375397804096716
0.628811119294954,-0.9749821374824069
0.7078296814480445,0.15422253893223858
0.7343740690973286,-0.7758633695448207
0.6263953556970063,0.132975051092728
0.7283490355034223,-0.19905172856399433
0.6470083465251336,-0.7321917952218786
0.4973633661928578,-0.35481322749882827
0.6855488927282746,0.39512353461737526
0.8351938730605504,0.7084494764157387
0.7078296814480445,-0.6152460334484722
0.5461885425619118,-0.27134401997157914
0.8408346221808188,0.020557714209603506
0.6263953556970063,-0.4077999716341356
0.7283490355034223,0.4245865258615198
0.8408346221808188,0.7033832569357917
0.7343740690973286,0.062007493500846556
0.6332666108799014,0.2030403416062776
0.7424566698482483,-0.1580211136427443
0.6526490956454021,1.0261991264652102
0.6299710831708518,-0.5231131092633965
0.6526490956454021,-0.7031711085999373
0.7197786573736981,1.4052189434340998
0.5280174033644358,0.10317873231814723
0.609451729115474,-0.37635586675367183
0.8351938730605504,-0.07919978882925938
0.7424566698482483,-0.430245510343802
0.6445664948944824,1.5809244317027913
0.5390035450921078,-0.3121408384279435
0.6299710831708518,-0.1199931786200924
0.7510270479779726,-0.27716736288079774
0.6470083465251336,-0.7165940365155615
0.5957413185254283,-0.2898975231483314
0.8351938730605504,0.4096469983267974
0.6526490956454021,1.5403455369604022
0.8181566097062686,-0.5540059418082315
0.7162029298998526,-0.5334126496504116
0.6263953556970063,-0.1655462515418452
0.7271890716275246,1.94725588561615
0.6526490956454021,-0.05993415024352411
0.6332666108799014,0.2156383288922099
0.6180221072451982,0.3103736621454716
0.628811119294954,0.5200497298977033
0.628811119294954,0.6996453148155372
0.6855488927282746,0.7784585183649931
0.7510270479779726,-0.4647927230071068
0.7197786573736981,0.90183643138487
0.6470083465251336,0.10165111597813448
0.5461885425619118,-0.08656844863176566
0.7271890716275246,0.45446769182296254
0.628811119294954,0.0967810827396971
0.609451729115474,-0.8283183147114204
0.6470083465251336,-0.9143139694205897
0.7283490355034223,-0.36989021363496327
0.4973633661928578,-0.09572624214070852
0.609451729115474,0.8293557858111715
0.4973633661928578,-0.6498145576353718
0.7424566698482483,-0.10993471734771443
0.5348886585473309,1.1687451949733254
0.6470083465251336,0.9775546233560154
0.7078296814480445,-0.2453126318357482
0.628811119294954,0.8468512564286798
0.6180221072451982,0.06055159415419786
0.6246962327501772,-0.27514469009754516
0.7197786573736981,-0.6152381178056799
0.6445664948944824,-0.1481834448126006
0.4973633661928578,0.3932753890482439
0.8181566097062686,-0.46765848311818653
0.7271890716275246,-0.45435214515193956
0.6180221072451982,-0.09556716687220834
0.6299710831708518,-0.6037015682029032
0.5461885425619118,-0.549214415901791
0.6359961167647581,0.7335766647530249
0.6470083465251336,-0.4564090615175532
0.6526490956454021,-0.2307565924177371
0.628811119294954,0.1608037073105406
0.6332666108799014,0.8297882620122228
0.7343740690973286,-1.1631486954318087
0.6445664948944824,0.25768620324079605
0.6526490956454021,-0.2525918503724054
0.7271890716275246,-0.6227863545143755
0.6470083465251336,0.6157559557643014
0.5196441549126277,0.2489315504836236
0.4973633661928578,-0.4154065838371163
0.5196441549126277,-0.34894571897194676
0.6332666108799014,-0.045207982959923454
0.587170940395704,0.01562999960213074
0.7510270479779726,0.15007154554321034
0.7271890716275246,0.01787186579428035
0.6263953556970063,0.08134596049911369
0.6445664948944824,0.03460786894344747
0.8408346221808188,-0.30449547408886823
0.6359961167647581,0.08779582961272336
0.7271890716275246,-0.8728888280065229
0.7343740690973286,0.049777123933287704
0.7510270479779726,-0.02473517208517184
0.5348886585473309,-0.14916384767817975
0.5348886585473309,0.589625559971785
0.587170940395704,-0.6479486489853261
0.5196441549126277,-0.009741737171043874
0.6299710831708518,-0.5182151518675532
0.5348886585473309,-0.4993628400474637
0.7078296814480445,0.567140192605726
0.5280174033644358,-0.3281521412677534
0.6855488927282746,-0.17981597479785905
0.4973633661928578,-0.2651571650421131
0.6470083465251336,-0.11300767082243379
0.6263953556970063,0.6753604775112112
0.6526490956454021,-0.7179172695785275
0.5196441549126277,0.19717921943033145
0.5196441549126277,-0.6813336637782083
0.6299710831708518,-0.4479360674259163
0.8351938730605504,0.5065738010891923
0.6299710831708518,0.9878765879038518
0.8351938730605504,-0.30065228908603425
0.8351938730605504,0.6810977367007875
0.7230741850827477,0.4726499926570734
0.6263953556970063,0.5877376782493995
0.5390035450921078,0.2829164615528328
0.5957413185254283,0.13212081447766766
0.7343740690973286,-0.405773806752536
0.5957413185254283,0.43844472715257843
0.617824977567282,-0.5004639865198411
0.6855488927282746,-0.6708280775651173
0.7453862988577041,-0.18906645083184603
0.7283490355034223,-0.5156832245042059
0.6246962327501772,0.36342402616329406
0.5957413185254283,0.088058460884614
0.6526490956454021,-0.17290159253629162
0.6445664948944824,0.7990608884313269
0.6180221072451982,-0.4072664905361022
0.6855488927282746,-0.7000945700331089
0.6332666108799014,-0.6846068537461701
0.6180221072451982,0.3825294021856994
0.6299710831708518,-0.8006613068974375
0.587170940395704,-0.8703231547962471
0.628811119294954,-0.4830885420695723
0.5196441549126277,-0.45354878379484864
0.5348886585473309,-0.7722080895553258
0.5196441549126277,-0.09392782733851307
0.7453862988577041,0.6652113795725701
0.8181566097062686,-0.031280908613513514
0.5348886585473309,-0.461638754428711
0.7271890716275246,1.086369315296165
0.6299710831708518,0.1745071637850767
0.5280174033644358,1.1193034816929992
0.8351938730605504,-0.2271733013285797
0.7510270479779726,0.3857024285216146
0.5461885425619118,0.782217217608918
0.8408346221808188,-0.3344627817901794
0.5196441549126277,-0.08471979643982264
0.7078296814480445,-0.20137865228333884
0.5461885425619118,-0.1993004540411084
0.7510270479779726,0.18409854894395283
0.617824977567282,0.13695196654514696
0.7283490355034223,-0.47979640637016685
0.7368159207279799,-0.1945427358589481
0.6263953556970063,-0.7407573747098293
0.7343740690973286,-0.17029664907204012
0.5348886585473309,0.3889120030804921
0.6526490956454021,0.640016441399579
0.7283490355034223,-0.6277190310904385
0.6526490956454021,-0.8887860720820768
0.5280174033644358,-0.6918961982027189
0.5348886585473309,0.26975289205850395
0.617824977567282,0.8801150015121221
0.8181566097062686,-0.16553214554111073
0.5196441549126277,0.6114581051762894
0.8408346221808188,-0.09573618373548509
0.7453862988577041,0.9669011553761157
0.7424566698482483,-0.4064594031504156
0.6526490956454021,-0.776041999704565
0.4973633661928578,-0.6322028139237772
0.5280174033644358,-0.6012762899397414
0.7078296814480445,0.2760844459521966
0.7368159207279799,0.07935184443115706
0.7283490355034223,0.1266339187601636
0.7453862988577041,-0.6288993026971224
0.8351938730605504,0.7728242920094073
0.609451729115474,-0.4429393988673208
0.7453862988577041,0.2788685403880157
0.5390035450921078,1.0587350362797487
0.5348886585473309,-0.12546081246199725
0.4973633661928578,-0.2124582208519627
0.6263953556970063,1.185630816134151
0.5348886585473309,-0.47160564397910953
0.5196441549126277,-0.1461493610768126
0.7283490355034223,-0.07335242092094041
0.5461885425619118,0.20054276891418088
0.4973633661928578,-0.6467822420282426
0.6359961167647581,1.6781477554125257
0.6359961167647581,0.06467910684121747
0.4973633661928578,0.9254320998346552
0.7162029298998526,0.611180750704187
0.7368159207279799,1.4058389479957938
0.7078296814480445,0.525722827819046
0.6445664948944824,-0.4774788031013678
0.628811119294954,0.8520988168138736
0.6299710831708518,-0.03685083381668075
0.7424566698482483,0.9040585641700832
0.7424566698482483,-0.5441484993185068
0.7162029298998526,-0.6759943394675136
0.8181566097062686,-0.5589754057896988
0.6299710831708518,-0.5412951340113028
0.6299710831708518,0.09005373570612796
0.587170940395704,1.6916167881551307
0.4973633661928578,-0.46952730918610647
0.6470083465251336,0.6020336219137127
0.6299710831708518,0.10807699387348757
0.5196441549126277,-0.5880138992150963
0.5390035450921078,-0.1273824241727725
0.7271890716275246,0.1270969715971162
0.6526490956454021,-0.45685240432975227
0.6470083465251336,0.3733992720239686
0.8181566097062686,1.6328130308848792
0.7271890716275246,0.08863926252587628
0.8181566097062686,3.383313572459996
0.6180221072451982,-0.2851441079054128
0.7197786573736981,0.24812157488969833
0.6246962327501772,-0.3429945321288477
0.6470083465251336,-0.4367629803233867
0.7271890716275246,-0.10708038147583576
0.7162029298998526,-0.42286570301892856
0.628811119294954,0.18462067647102176
0.6180221072451982,-0.36895898903884317
0.6526490956454021,-0.5794615540922139
0.4973633661928578,-0.04144173702758036
0.7453862988577041,-0.24484261357651704
0.6470083465251336,-0.28429222728829573
0.4973633661928578,-0.27443991909922183
0.8181566097062686,-0.6368677526215064
0.7343740690973286,0.7613121309664939
0.7230741850827477,0.9899444300836723
0.7230741850827477,0.2978337182428926
0.6470083465251336,-0.1531732680643358
0.5196441549126277,-0.26620956465448503
0.7230741850827477,0.2345222003180074
0.587170940395704,-0.08560947674623454
0.5196441549126277,-0.21014714298274256
0.5957413185254283,0.5569560123065485
0.6470083465251336,-0.5153097825187533
0.6373814974246783,0.30961949001851086
0.6263953556970063,0.14932657037504704
0.8351938730605504,-0.8281372298367304
0.609451729115474,-0.7033605113738219
0.6373814974246783,-0.2647737966511194
0.6180221072451982,-0.5496552983613613
0.7271890716275246,-0.041469709137525235
0.609451729115474,-0.13376353765072058
0.7162029298998526,0.3549070810965739
0.6470083465251336,0.057152361867571666
0.7424566698482483,0.3846607593587402
0.8351938730605504,0.21391972048918362
0.6445664948944824,0.13977052487545083
0.5390035450921078,-0.17927484860322201
0.628811119294954,-0.33352649464365786
0.5196441549126277,-0.24567936060594847
0.7078296814480445,-0.7205446754628322
0.8408346221808188,-0.39729586880635565
0.587170940395704,0.41460131885579765
0.5348886585473309,-0.17243732014006213
0.7453862988577041,0.4471599503338216
0.7283490355034223,0.986734803854932
0.6180221072451982,1.191376965354881
0.7078296814480445,-0.6141523795180002
0.7230741850827477,0.15460598025995687
0.6246962327501772,0.11089976234032539
0.6470083465251336,0.6050759345710003
0.7078296814480445,-0.058172948416265635
0.6526490956454021,-0.49185552872945426
0.5196441549126277,0.33376236669622694
0.7078296814480445,0.0863203087455654
0.5390035450921078,-0.04291613723333321
0.6180221072451982,-0.09734300880657698
0.7368159207279799,-0.04319825086915119
0.6445664948944824,-0.016129476871315718
0.7283490355034223,-0.5684971243758152
0.5348886585473309,-0.9154500543975845
0.8181566097062686,-0.5939335612592846
0.7453862988577041,-0.4838555354968576
0.5348886585473309,0.24314290522840354
0.6299710831708518,-0.7246539198110572
0.5957413185254283,-0.16184866268167836
0.6526490956454021,-0.41028622438067697
0.8408346221808188,0.003200506998558672
0.6299710831708518,-0.5343151449733127
0.6246962327501772,-0.02043731670063531
0.7453862988577041,0.10047338499206826
0.5957413185254283,-0.1702525617690019
0.5957413185254283,-0.4797141345858944
0.7424566698482483,-0.6991852296790267
0.7453862988577041,-0.12865056448795487
0.6526490956454021,-0.15444571832282894
0.587170940395704,1.5879157136287247
0.609451729115474,0.14927436867225075
0.6526490956454021,-0.3049310451828247
0.5280174033644358,-0.022972576255459343
0.5390035450921078,-0.1897117597147553
0.5280174033644358,0.3051208672274607
0.6332666108799014,-0.352325130258417
0.6332666108799014,-0.7248967104877118
0.6470083465251336,-0.7100370746840047
0.6855488927282746,-0.6401146390682799
0.6299710831708518,0.8703646779648164
0.6470083465251336,-0.3916264017932441
0.7230741850827477,-0.015414176921476952
0.8181566097062686,0.5297504468782196
0.5390035450921078,-0.37540135753117954
0.6359961167647581,-0.5250347850016812
0.7510270479779726,-0.4673431325123966
0.6445664948944824,0.8673664549606902
0.5461885425619118,-0.033376113791190876
0.7271890716275246,-0.40409876062080147
0.4973633661928578,-0.2426933187494813
0.617824977567282,0.001336046483380926
0.6359961167647581,0.5310293331686042
0.7271890716275246,-0.26184810823269844
0.7343740690973286,0.013226258254722456
0.5280174033644358,-0.6646492546128362
0.5390035450921078,-0.6765883990442928
0.7230741850827477,0.169653260270912
0.6332666108799014,0.8718639422473542
0.617824977567282,-1.0863997081747199
0.8408346221808188,0.16123996692710485
0.6263953556970063,0.1105083414657907
0.4973633661928578,-0.26011393228328794
0.6470083465251336,-0.47488191721119477
0.6246962327501772,0.8825556533284223
0.6526490956454021,1.394594782433897
0.609451729115474,0.6350140844178711
0.6180221072451982,-0.3475466735859392
0.6180221072451982,0.02519632120023607
0.5390035450921078,0.9564605747964732
0.6373814974246783,0.19178201074833612
0.7453862988577041,-0.5933995586598693
0.7368159207279799,-0.33577558751372927
0.6855488927282746,-0.3774917833245614
0.6299710831708518,0.30132332846356025
0.5280174033644358,-0.5796708678411645
0.8181566097062686,-0.25201212302089904
0.4973633661928578,-0.30481131977804654
0.5280174033644358,-0.06782701686862874
0.5461885425619118,0.5606339168810898
0.6263953556970063,0.2326858363245945
0.6263953556970063,0.0025172042112191484
0.6526490956454021,0.4518916184636135
0.6332666108799014,-0.07233140803266513
0.6299710831708518,-0.43318892009287635
0.6526490956454021,-0.3906568234331151
0.4973633661928578,-0.23357995537470172
0.7197786573736981,-0.7248385370152001
0.7368159207279799,0.22645705629431268
0.6373814974246783,1.2819288794187222
0.8351938730605504,-1.1213689482726024
0.8408346221808188,0.03991469003093806
0.8181566097062686,-0.34982781971783816
0.6299710831708518,-0.6354077350162575
0.6332666108799014,-0.25221681214745684
0.8181566097062686,-0.45577048565428435
0.6470083465251336,0.12720251265297167
0.6359961167647581,-0.05764331111461474
0.5280174033644358,-0.3572586050424686
0.6855488927282746,0.0314040194564118
0.5461885425619118,-0.32334095501219695
0.6445664948944824,-0.2611023085620911
0.6180221072451982,-0.16956679689148002
0.609451729115474,-0.4158551417171511
0.4973633661928578,-0.2876620786331143
0.6263953556970063,0.3391891849254215
0.6332666108799014,0.06083636276966975
0.6445664948944824,0.9464913135772005
0.7424566698482483,0.09859119997565635
0.7271890716275246,-0.6953803751143879
0.6263953556970063,0.04968567302493676
0.617824977567282,0.3997568490928448
0.7510270479779726,0.16204651434092698
0.7510270479779726,0.29917046604981445
0.5280174033644358,-0.5708641546345044
0.5461885425619118,0.6078523350316839
0.6246962327501772,-0.15613939960949547
0.4973633661928578,-0.06248911107364585
0.617824977567282,-0.23915706180820523
0.6373814974246783,0.24467077085278988
0.8351938730605504,0.9203268152980926
0.5957413185254283,-0.354507507138367
0.6332666108799014,1.1805546964105207
0.6470083465251336,0.1932209618445041
0.4973633661928578,0.00021335722005694224
0.7510270479779726,-0.4379944574720177
0.6359961167647581,0.2559023274229937
0.4973633661928578,-0.3946646399563677
0.6470083465251336,-0.15270144876626113
0.609451729115474,-0.4456028294204393
0.6445664948944824,0.8689154732784304
0.5461885425619118,-0.40736373481320365
0.7453862988577041,-0.015423699392991597
0.7271890716275246,-0.7866438966698684
0.587170940395704,0.6133605192957866
0.6470083465251336,-0.22737054716508692
0.6359961167647581,-0.2967629806506965
0.5196441549126277,0.26152979112375596
0.7343740690973286,-0.22959999911146833
0.5957413185254283,-0.16690414416177257
0.7510270479779726,-0.4989416614062301
0.5390035450921078,0.2538238889295221
0.5461885425619118,-0.7300232836069293
0.5390035450921078,-0.5681458880810931
0.7078296814480445,-0.47825970390528927
0.7162029298998527,-0.014853480101355343
0.7162029298998526,-0.3249828690612144
0.6299710831708518,0.2686801433652497
0.7230741850827477,-0.9279076438989551
0.6526490956454021,0.8659188486386638
0.7078296814480445,-0.4242779270106704
0.5196441549126277,-0.08369542960933779
0.617824977567282,0.6837653244747172
0.5461885425619118,0.4398943359533587
0.5280174033644358,-0.08507149230702254
0.6263953556970063,0.5392821655330764
0.4973633661928578,0.45665045795126635
0.7197786573736981,-0.008584261902667145
0.6526490956454021,-0.5448990671045191
0.5957413185254283,0.20147520448666656
0.6263953556970063,0.2434252945368961
0.5390035450921078,0.8192259562955961
0.6263953556970063,-0.285634400220259
0.8181566097062686,-0.6479731727314343
0.7197786573736981,-0.05124635240857267
0.6373814974246783,0.003896328127811377
0.8408346221808188,-1.037048430992465
0.7343740690973286,-0.6419716581977635
0.8181566097062686,-0.3748950715036453
0.7283490355034223,0.8403577324500668
0.7368159207279799,-0.7508767119597113
0.8408346221808188,-0.7234162752328823
0.6299710831708518,-0.92067304422052
0.7368159207279799,-0.9142577627195484
0.8408346221808188,0.6311186308987841
0.5461885425619118,-0.3426268301135129
0.7283490355034223,-0.5084213696109062
0.6445664948944824,0.8294803310415108
0.5390035450921078,-0.3605565681479962
0.7283490355034223,0.33564061398052125
0.6373814974246783,0.35375207081054705
0.6359961167647581,0.5155731981882214
0.5280174033644358,-0.3814726899894711
0.5461885425619118,-0.3627913145086221
0.7197786573736981,0.41919532789147407
0.5461885425619118,-0.24859903621706642
0.5390035450921078,0.20172583224186358
0.7271890716275246,0.27787539670153116
0.617824977567282,-0.46492742543358156
0.7162029298998526,-0.0862529304766364
0.4973633661928578,-0.4967705419435811
0.8351938730605504,1.203165510051237
0.6299710831708518,0.6722956995472065
0.8181566097062686,0.11520871804277577
0.7424566698482483,-0.7008673218038588
0.6526490956454021,-0.6421898843924803
0.5196441549126277,-0.13405765699305572
0.8408346221808188,0.23693305251150243
0.5280174033644358,-0.4410105097195863
0.5390035450921078,-0.5446614207298449
0.6526490956454021,-0.482258682750101
0.6373814974246783,-0.415721926667151
0.6373814974246783,-0.38975850746414165
0.6263953556970063,1.9847053319607768
0.4973633661928578,1.1454909855946318
0.6526490956454021,-0.4934621760714999
0.6526490956454021,-0.14926436679798116
0.6470083465251336,-0.7034456908900428
0.5461885425619118,-0.24154788326584598
0.5196441549126277,0.7675448914802828
0.5280174033644358,0.08460170175862469
0.7162029298998526,0.6139504584348993
0.5348886585473309,-0.6606066553973267
0.5348886585473309,-0.1472955066805996
0.5390035450921078,0.20109119832784728
0.609451729115474,1.1974031456730858
0.7343740690973286,-0.6448508743503614
0.7453862988577041,-0.41575016091977207
0.617824977567282,-0.38057262511440415
0.6526490956454021,-0.022638965409046752
0.7343740690973286,0.2052112253839139
0.6855488927282746,-0.722923399167163
0.5280174033644358,-0.21018903135521166
0.7453862988577041,0.04872111530634704
0.7343740690973286,-0.48822314881877726
0.8351938730605504,0.7337247073797124
0.6299710831708518,-0.4382047689040022
0.587170940395704,-0.6962751215014827
0.7510270479779726,-0.4514526701411515
0.7197786573736981,-0.09254929541405388
0.5957413185254283,-0.3334869062399639
0.6180221072451982,-0.469270605354073
0.8408346221808188,-0.8710696279981275
0.587170940395704,0.09332449327018932
0.6373814974246783,0.8906033365539168
0.7230741850827477,0.6388463582510774
0.7162029298998526,-0.5388231469212188
0.5461885425619118,0.9729508288032068
0.7283490355034223,1.1596999520023217
0.8351938730605504,1.0767061469961754
0.5957413185254283,-0.2522001259456969
0.7271890716275246,0.22438880088004098
0.6526490956454021,-0.44150136737023893
0.6332666108799014,-0.21269301296893134
0.6526490956454021,-0.2549393158346666
0.617824977567282,1.3767086142772222
0.6299710831708518,-0.16993647995237293
0.6263953556970063,-0.17125786950821376
0.7283490355034223,0.7325946922610818
0.6359961167647581,1.5492755302987826
0.6299710831708518,-0.3803772453293026
0.5196441549126277,-0.06500717771641279
0.6332666108799014,-0.052113902085650365
0.6332666108799014,0.5178798086875696
0.609451729115474,-1.2305415385680978
0.6299710831708518,-0.23152045244412095
0.4973633661928578,0.308727648843095
0.4973633661928578,0.15263395623014242
0.4973633661928578,-0.06857191174480831
0.6526490956454021,-0.6462279553624692
0.4973633661928578,-0.2698142536311696
0.5390035450921078,-0.19506368924622164
0.7510270479779726,-0.03174380928682485
0.4973633661928578,0.05353787442284774
0.5196441549126277,-0.3998076734637272
0.7271890716275246,-0.5952486814725165
0.7078296814480445,0.561122812308122
0.8181566097062686,0.6017008800033324
0.5196441549126277,-0.17335702801021868
0.6299710831708518,-0.2308810527555883
0.6263953556970063,-0.3425757580091345
0.6445664948944824,0.17852344684510968
0.7453862988577041,0.5001761796479326
0.7197786573736981,0.40562942901576304
0.7453862988577041,-0.22889378230284452
0.6180221072451982,-0.3739216147189934
0.7343740690973286,0.047971836121250444
0.6299710831708518,0.26711163019003514
0.609451729115474,-0.1313768849062915
0.6359961167647581,0.12991162860308192
0.6445664948944824,0.18454660616632723
0.7343740690973286,0.943876423901969
0.6373814974246783,0.02179392209810549
0.8351938730605504,-0.58322833457567
0.7510270479779726,0.14783374115294945
0.7162029298998526,-0.16094399068971943
0.5196441549126277,0.5866609678877249
0.7197786573736981,0.3361739075171649
0.7271890716275246,-0.6771463588938886
0.5390035450921078,0.2829714523535022
0.7510270479779726,-0.4419417181571227
0.8351938730605504,0.24190467919683067
0.7424566698482483,-0.0871617831554291
0.7283490355034223,-0.33379234172995736
0.6246962327501772,0.950359426282415
0.6855488927282746,-0.5947866756282434
0.8351938730605504,1.288426837518109
0.5957413185254283,0.44540254354675946
0.628811119294954,-0.1592025055575773
0.587170940395704,0.27912426515093136
0.7283490355034223,-0.5692699203922332
0.7271890716275246,-0.5879357803376509
0.609451729115474,-0.45673750906950716
0.7078296814480445,-0.5430565346086629
0.6526490956454021,0.33330324940027467
0.5348886585473309,-0.39596645996908153
0.6359961167647581,-0.26928583569123604
0.6470083465251336,-0.7950705156726444
0.8181566097062686,-0.48997601103910826
0.5196441549126277,-0.14637150809690203
0.5461885425619118,-0.3513161612515175
0.7162029298998526,-0.41437094136855396
0.4973633661928578,-0.369663531601401
0.5280174033644358,-0.5540275535265373
0.7230741850827477,-0.5487714432199866
0.5390035450921078,-0.5667107695500142
0.7197786573736981,-0.5559921515961453
0.617824977567282,0.36197539632837317
0.7343740690973286,-0.049942660769289104
0.609451729115474,1.2639715638324431
0.587170940395704,-0.21902971622498335
0.6470083465251336,-0.2872188677891428
0.5390035450921078,0.6382768145611075
0.6299710831708518,-0.07638377290394571
0.8351938730605504,-0.715976932594762
0.7230741850827477,0.1243893330148339
0.628811119294954,0.5170072223606782
0.6180221072451982,-0.2059129862176966
0.5390035450921078,-0.6283136712522337
0.7368159207279799,0.013071216685733078
0.6180221072451982,-0.8831128952869579
0.7271890716275246,-0.016961544243950466
0.4973633661928578,-0.23543458115898652
0.7343740690973286,-0.06406357193330336
0.5390035450921078,-0.4740010378620546
0.5390035450921078,-0.2855209135275959
0.8408346221808188,0.516583890686987
0.5461885425619118,-0.8117045084233285
0.6855488927282746,-0.4652419207122711
0.4973633661928578,0.12841917017093563
0.6470083465251336,0.07083276370183667
0.6263953556970063,1.2060123329526695
0.7197786573736981,0.21159798772846605
0.7510270479779726,0.4567376281067299
0.7230741850827477,-0.13705174218032845
0.7510270479779726,-0.40249348533011303
0.7510270479779726,1.6444113455260394
0.7162029298998526,0.7325091268683458
0.6470083465251336,-0.424823895035396
0.5348886585473309,-0.04297408684838405
0.7343740690973286,-0.8497088292324627
0.7230741850827477,-0.6771795422306236
0.5957413185254283,-0.09462814833082467
0.8181566097062686,-0.7305259329212977
0.6299710831708518,-0.6871244617291103
0.7343740690973286,0.16778272764602353
0.8351938730605504,0.33936431202529427
0.6373814974246783,-0.36135779546005703
0.6445664948944824,0.114184701479488
0.617824977567282,-0.6874075586158968
0.6445664948944824,-0.18278110556282023
0.4973633661928578,0.27914497909166214
0.7197786573736981,0.9760085512567968
0.7343740690973286,-0.6586397986516827
0.6180221072451982,-0.28944581888137566
0.6359961167647581,-0.7253863938205982
0.6855488927282746,0.17724519284479423
0.609451729115474,-0.24192583030446674
0.8351938730605504,0.34438740184477745
0.5348886585473309,-0.7112459569464562
0.7343740690973286,-0.5488233151103746
0.7424566698482483,0.07903447187238344
0.5390035450921078,-0.4115529028310373
0.5196441549126277,0.5849864208140888
0.8351938730605504,-0.22901930660103453
0.7510270479779726,0.8031832935738474
0.5348886585473309,-0.2302527922864827
0.5280174033644358,-0.5318960154647772
0.6526490956454021,-0.6207835385396013
0.609451729115474,-0.31534821830096466
0.609451729115474,1.8179524329400965
0.6445664948944824,-0.8145522910141412
0.7424566698482483,-0.9014981233723751
0.7230741850827477,-0.9912997031779783
0.8408346221808188,1.5089668353044896
0.4973633661928578,-0.5346277382339347
0.6299710831708518,-0.29202828550093446
0.5348886585473309,0.10857398549858688
0.7453862988577041,-0.21541655869061305
0.6470083465251336,-0.6804382508308744
0.6180221072451982,-0.2405311868768676
0.7343740690973286,0.15498849218599076
0.6263953556970063,1.0744844644146356
0.7230741850827477,-0.4436192630136575
0.7424566698482483,-0.6769119363599085
0.5348886585473309,0.3322382573413366
0.7368159207279799,-1.0410077997664025
0.8181566097062686,0.32212163724741083
0.6299710831708518,-0.5834025278057378
0.7453862988577041,0.462067748902384
0.6359961167647581,0.6120672257681636
0.6373814974246783,-0.15410712778301117
0.6180221072451982,0.1272512857460002
0.7368159207279799,-0.35212381856593994
0.6526490956454021,0.46455247013864276
0.4973633661928578,-0.12273636896237888
0.7343740690973286,-0.47206565235197023
0.5390035450921078,-0.2825113335798017
0.609451729115474,0.006486599605761922
0.587170940395704,-0.3785204682474968
0.6526490956454021,-0.8942577066992399
0.5390035450921078,0.2958131051821694
0.7510270479779726,-0.1468774884297982
0.6359961167647581,-0.4362239612324783
0.5196441549126277,-0.4533239718696684
0.5461885425619118,0.4399452539499653
0.5280174033644358,-0.1545707245793324
0.7424566698482483,1.250562285109977
0.5280174033644358,1.3778730185537857
0.6180221072451982,-0.49978655176336517
0.7078296814480445,0.6458280001228998
0.609451729115474,0.1495694710341925
0.609451729115474,-0.4021000557166719
0.8181566097062686,0.26019157520529423
0.5196441549126277,0.06225594030763082
0.6263953556970063,-0.1450859408655814
0.7271890716275246,0.5015427333304855
0.617824977567282,-0.1922727075047727
0.628811119294954,-0.31996396576361336
0.5461885425619118,1.6477421269244972
0.7271890716275246,-0.0476569061804214
0.609451729115474,0.23433523241704468
0.5957413185254283,-0.008503470875354413
0.617824977567282,-0.25617648226484596
0.6526490956454021,-0.6215393607994901
0.7162029298998526,0.05846193156496937
0.6359961167647581,0.5877797560268183
0.617824977567282,-0.28386338999015803
0.5957413185254283,-0.10838812957001287
0.5461885425619118,-0.259423115099758
0.7078296814480445,1.0667065489991558
0.6526490956454021,-0.22451266841854278
0.6263953556970063,-0.35556426693988147
0.4973633661928578,-0.5261138282275568
0.7230741850827477,0.3996151771707209
0.6359961167647581,0.7676038842112745
0.6445664948944824,-0.3096321545169864
0.7453862988577041,-0.46707524759129954
0.7162029298998526,-0.2351063060455587
0.7230741850827477,0.3998282286847429
0.7368159207279799,-0.4197011219425346
0.6373814974246783,0.5955748951895004
0.7078296814480445,-0.7871670878779864
0.7424566698482483,0.5741274464548686
0.7197786573736981,-0.38884954121126786
0.7453862988577041,0.4919374385702723
0.6246962327501772,-0.2647712459278213
0.7424566698482483,0.22544599362864592
0.8408346221808188,-0.6502767438628523
0.5461885425619118,-0.40671890377229925
0.7283490355034223,-0.21862643983850238
0.628811119294954,0.18965106034298118
0.6299710831708518,-0.7416293883394902
0.5280174033644358,-0.6178892676485931
0.6445664948944824,0.5093237554863878
0.4973633661928578,0.06157550697608194
0.7230741850827477,-0.406668221936157
0.587170940395704,0.14609006397407942
0.7424566698482483,-0.1931638667638378
0.5280174033644358,0.04660758093346762
0.7453862988577041,0.31895409370723116
0.7510270479779726,-0.4620735091824212
0.6359961167647581,-0.08696240776512398
0.4973633661928578,-0.3499792422412291
0.5957413185254283,-0.6473657203509997
0.7078296814480445,-0.1738114182739574
0.8181566097062686,-1.3255383371753462
0.617824977567282,-0.21052242526534742
0.6180221072451982,-0.04218111979923067
0.4973633661928578,-0.07124893051618092
0.7078296814480445,-0.6780500298237697
0.6445664948944824,-0.28650869753409414
0.6180221072451982,-0.25599449443314354
0.7078296814480445,0.8149018620125024
0.8351938730605504,0.6970634037239269
0.5957413185254283,-0.1727637198234352
0.6359961167647581,-0.4130677885949292
0.5957413185254283,0.5473378021601454
0.7510270479779726,-0.43510685081579575
0.7271890716275246,-0.49269031535415875
0.5461885425619118,-0.8687373219572514
0.4973633661928578,-0.7669722798496145
0.7078296814480445,-0.7909151385907003
0.6180221072451982,0.05871516423609213
0.6299710831708518,0.39941677148732246
0.5390035450921078,-0.36986635467859086
0.6180221072451982,-0.47939663652021636
0.6299710831708518,-0.4299114470684292
0.7162029298998526,0.43089782664010945
0.7230741850827477,-0.2790921370567505
0.6470083465251336,-0.6466037283975103
0.7343740690973286,-0.9953347590342927
0.5196441549126277,-0.5045486672659247
0.6299710831708518,-0.18010166867038785
0.5196441549126277,-0.3410019419435103
0.7230741850827477,-0.28861399345113375
0.7230741850827477,-0.20275893064606498
0.6332666108799014,0.11893831752536199
0.609451729115474,-0.23078484050428227
0.5280174033644358,-0.17398538888931447
0.7078296814480445,0.2933357329758577
0.7453862988577041,-0.7790688400403076
0.6526490956454021,0.531301729928668
0.6445664948944824,-0.050585940685694664
0.7453862988577041,0.9515453242251511
0.7424566698482483,-0.33157147695653527
0.5390035450921078,0.41455715230447654
0.6855488927282746,-0.17682696015271582
0.4973633661928578,-0.2378581850103872
0.6855488927282746,0.4644659860175725
0.5957413185254283,-0.4030088933763498
0.5196441549126277,0.16209712496643136
0.7343740690973286,-0.5206701310889539
0.7343740690973286,-0.3786419994891241
0.8351938730605504,0.14826256338065957
0.5196441549126277,-0.09239792051227769
0.6445664948944824,0.4051133244793689
0.5196441549126277,-0.08345490442243203
0.6246962327501772,-0.23119480492653277
0.6445664948944824,-0.10860958402490584
0.7271890716275246,0.23512988042459582
0.7078296814480445,-0.253579298082644
0.7510270479779726,-0.2657553831615919
0.587170940395704,0.07061949227791553
0.8181566097062686,-0.09241780338274252
0.7424566698482483,-0.6082242480101091
0.5461885425619118,0.4956572201763588
0.6445664948944824,-0.9190470257558272
0.7162029298998526,0.33326319623822964
0.6526490956454021,0.21316497672084977
0.7271890716275246,-0.786317082674792
0.6359961167647581,0.6445809706221726
0.7230741850827477,-0.6813997539898133
0.7162029298998526,-0.6956967266428661
0.8351938730605504,0.3065222846734037
0.6373814974246783,-0.633909432026415
0.7197786573736981,1.304283027601239
0.7162029298998526,1.0776868851957877
0.6246962327501772,0.06716226781812373
0.5390035450921078,-0.534792324737594
0.617824977567282,0.3164451911931906
0.5280174033644358,0.06334751859982757
0.5390035450921078,-0.607275426555198
0.628811119294954,-0.38945537859384727
0.587170940395704,-0.28430985427098676
0.5957413185254283,-0.8113452394199803
0.6526490956454021,-0.45373955007931505
0.7510270479779726,0.7139364317228847
0.6180221072451982,-0.3052657389614349
0.7162029298998526,-0.8609067884514556
0.5280174033644358,-0.3049760172690111
0.5957413185254283,0.628764934226899
0.6526490956454021,0.5749816007737585
0.7283490355034223,-0.21159535742409408
0.587170940395704,-0.5123742768722488
0.7283490355034223,-0.3256896597752275
0.8181566097062686,-0.22119439145173958
0.7368159207279799,-0.1878512840169868
0.8181566097062686,0.12421987120886069
0.6263953556970063,-0.6550324098792378
0.7510270479779726,-0.25937494703060043
0.4973633661928578,-0.37805216544209796
0.617824977567282,1.0623709063126405
0.6359961167647581,0.6513116774122734
0.5390035450921078,-0.35214819814146114
0.4973633661928578,0.17549635856074897
0.6470083465251336,0.02828525312447827
0.6332666108799014,0.6443053676130484
0.6332666108799014,0.8355306752492586
0.6359961167647581,0.1763969400895764
0.7453862988577041,-0.4609560578835551
0.6263953556970063,-0.44130679724416766
0.5461885425619118,-0.6613549794973534
0.7078296814480445,0.2104241622606856
0.609451729115474,-0.33311173555080237
0.6359961167647581,0.5605130336623692
0.7424566698482483,-0.3888539303004356
0.6526490956454021,0.4389017865498124
0.6855488927282746,-0.704428699953157
0.8181566097062686,-0.8129225314239575
0.6299710831708518,0.9661452091953471
0.7283490355034223,0.8728867512711778
0.5390035450921078,0.617820543153343
0.5280174033644358,-0.3920338946354809
0.8181566097062686,0.8460628730005862
0.5196441549126277,0.22831071481378107
0.7283490355034223,0.16448271355245092
0.6526490956454021,-0.11489441564665681
0.5957413185254283,0.2518057536624304
0.6855488927282746,-0.44993185973098615
0.5348886585473309,0.05199654462503034
0.6445664948944824,-0.8096490606404403
0.6470083465251336,-0.1699655504479604
0.5196441549126277,0.15752510582397927
0.5196441549126277,0.048485005495417344
0.6246962327501772,-0.6460092501125614
0.609451729115474,-0.6126958857053416
0.5461885425619118,-0.1556182129667928
0.6180221072451982,-0.08418231283139255
0.7230741850827477,0.8142404612832964
0.7230741850827477,1.234711583125157
0.6855488927282746,-0.02107257124852835
0.8408346221808188,0.6578362970089161
0.7197786573736981,-0.5017313498783715
0.6526490956454021,0.08557321401949503
0.6180221072451982,0.8964906732448689
0.5957413185254283,-0.17186258655875275
0.8181566097062686,-0.350945312895882
0.6855488927282746,0.23018212253379322
0.5348886585473309,-0.645625713032424
0.6332666108799014,-0.13471664562570962
0.5280174033644358,-0.013229420123422098
0.8408346221808188,1.227547640489933
0.8408346221808188,-0.6209024618673997
0.6855488927282746,-0.600893455423883
0.6470083465251336,-0.24717258684179
0.4973633661928578,-0.37203191386970275
0.6332666108799014,0.08320712769026439
0.617824977567282,1.0385873563346393
0.6299710831708518,-0.2658155884413226
0.7230741850827477,-0.592841414439466
0.5957413185254283,0.478462355554498
0.5348886585473309,-0.46698686205768475
0.7078296814480445,0.0007718628614333811
0.6470083465251336,-0.7622275216890919
0.587170940395704,0.29033966925055954
0.628811119294954,-0.2059870207359077
0.6526490956454021,-0.7954301058307067
0.6445664948944824,-0.1508360241447263
0.5461885425619118,-0.2102898274992273
0.6263953556970063,-0.32056474378660266
0.609451729115474,0.5869970304434107
0.7271890716275246,-0.752994998722664
0.7453862988577041,-0.12913209575035967
0.7510270479779726,-0.44008025995443545
0.6359961167647581,0.4201623953578899
0.5280174033644358,0.017948214890156966
0.5390035450921078,-0.12515996788413036
0.7368159207279799,-0.5204403405476319
0.7343740690973286,-0.3916903778505364
0.8408346221808188,1.1793228229954673
0.7162029298998527,0.39230074399200965
0.6246962327501772,0.9684844033959851
0.7343740690973286,-0.7199780902428002
0.8408346221808188,0.661183366580972
0.6470083465251336,-0.14745258982345033
0.6299710831708518,-0.38155066071229515
0.6855488927282746,-0.8095496182174279
0.8351938730605504,0.7132999040186356
0.6180221072451982,0.1785005500921525
0.5461885425619118,-0.21536803261679188
0.6332666108799014,2.5024371657000586
0.6373814974246783,0.18809345167762048
0.7230741850827477,-0.32610741914087976
0.8181566097062686,-1.028842950265965
0.5957413185254283,-0.14509827678989096
0.7343740690973286,-0.2677401108031555
0.7343740690973286,-0.9315985650880494
0.8351938730605504,-0.364610411913547
0.6246962327501772,-0.1075955384857763
0.7230741850827477,0.13240734044135027
0.8181566097062686,-0.7415488717218975
0.7343740690973286,1.2160222733500454
0.7162029298998526,-0.6107485586480401
0.8351938730605504,-0.31908391601515995
0.6359961167647581,-0.6452299173793461
0.7510270479779726,0.015172851723318392
0.8181566097062686,-0.2794425488586838
0.7283490355034223,-0.1882804846374153
0.6470083465251336,-0.5391822728524095
0.6470083465251336,-0.7293400720090571
0.6373814974246783,0.19231782744432513
0.6470083465251336,-0.298164525937196
0.5196441549126277,0.1906724833069915
0.6526490956454021,-0.24997247168608921
0.6299710831708518,0.8822237225579874
0.5461885425619118,-0.6101432341845903
0.7453862988577041,2.2178205619142854
0.8181566097062686,-1.1494834068354118
0.5280174033644358,0.363416255396278
0.6445664948944824,1.059897247823646
0.6855488927282746,-0.5749333489519091
0.8181566097062686,0.31775345471188887
0.7283490355034223,0.759036603528318
0.6855488927282746,-0.8053047481147491
0.7453862988577041,-0.4175004629679797
0.6445664948944824,-0.4253249464928078
0.7078296814480445,-0.488666280433543
0.5390035450921078,-0.7294667150632899
0.587170940395704,0.4943659227768967
0.587170940395704,0.2968429743963007
0.5196441549126277,-0.3406487068147479
0.6373814974246783,-0.27614752168254936
0.6855488927282746,-0.5780954687246992
0.8351938730605504,-0.8652923208840598
0.6246962327501772,0.2845112319131563
0.5348886585473309,-0.2700493825246592
0.7368159207279799,0.8120894943982051
0.7510270479779726,0.42190474046970783
0.6299710831708518,0.18179784789165498
0.5957413185254283,-0.18737415876807118
0.5196441549126277,0.2818070997844807
0.5957413185254283,0.5832749663897845
0.5348886585473309,-0.6198799318727132
0.5390035450921078,-0.9854309700651983
0.5348886585473309,-0.8105478299322543
0.5957413185254283,0.44728531886262024
0.6373814974246783,0.8849392724258243
0.6470083465251336,-0.11150733958553716
0.6445664948944824,-0.6319012389349441
0.7424566698482483,0.024973571077614443
0.6526490956454021,-0.35046200643055875
0.6263953556970063,-0.2648969732634955
0.5196441549126277,-0.2837958122969835
0.7162029298998526,0.17586986071326827
0.7368159207279799,-0.617679401453023
0.5390035450921078,0.6072716376926883
0.7453862988577041,0.362345084215007
0.7343740690973286,-0.9485732409030397
0.6445664948944824,-0.25823711251832715
0.5348886585473309,-0.5440068027637937
0.6470083465251336,-0.36282350727478857
0.6373814974246783,-0.5168350834180058
0.6526490956454021,0.043811639025334026
0.6299710831708518,-0.5939814497227555
0.609451729115474,0.7235519494259646
0.6526490956454021,-0.4939463635761535
0.6332666108799014,-0.5586106317669506
0.7283490355034223,-0.15923608868792916
0.4973633661928578,-0.4455331609674173
0.5280174033644358,-0.3904529171070065
0.6470083465251336,0.27435537594054904
0.5348886585473309,-0.6033405335418771
0.5461885425619118,1.007444503102529
0.7230741850827477,0.49084224710643987
0.6526490956454021,-0.27454038485786564
0.6470083465251336,0.8584913050317092
0.7424566698482483,1.0787890261742517
0.7230741850827477,-0.31254445716140067
0.6470083465251336,-0.42544179801099874
0.6445664948944824,-0.31892123039784176
0.5957413185254283,0.1020974891164872
0.7162029298998526,0.8386906407892217
0.6526490956454021,-1.0385518994498917
0.5196441549126277,-0.3622342492796534
0.6246962327501772,-0.46594657302428755
0.7197786573736981,-0.3568568159888634
0.5348886585473309,-0.20428891703522922
0.7197786573736981,-0.7535289446281948
0.617824977567282,-0.21014705287062724
0.7510270479779726,0.3814989800695632
0.6855488927282746,-0.539636425408726
0.6180221072451982,0.45249402166832386
0.8351938730605504,-0.6067601792563269
0.7230741850827477,-0.3385468162577511
0.6180221072451982,0.019202977289330958
0.7453862988577041,-0.18979379347850112
0.6445664948944824,-0.33735256709205025
0.6470083465251336,0.2686462230410471
0.5196441549126277,-0.6012627536449989
0.6180221072451982,-0.06446388654132784
0.5957413185254283,-0.2027658826913984
0.8408346221808188,-0.4854977330337145
0.6855488927282746,-0.7696253081987462
0.7510270479779726,0.8037256556031593
0.4973633661928578,-0.5766194749829376
0.5280174033644358,-0.4402206515030749
0.5390035450921078,1.127222708269464
0.5196441549126277,0.4596555163850079
0.7230741850827477,-0.6893067757369381
0.8408346221808188,-0.2663055633433119
0.6470083465251336,0.030432380951848303
0.6855488927282746,-0.1495147504615736
0.7197786573736981,0.3087322885374423
0.6180221072451982,0.17258711801436322
0.7197786573736981,0.3500609389897701
0.628811119294954,0.4744541607316294
0.8351938730605504,-0.3735207841136321
0.6526490956454021,-0.563343818324466
0.7453862988577041,0.36777825674346787
0.587170940395704,0.5717070350977141
0.4973633661928578,-0.2776572360529639
0.5348886585473309,0.9789254268966039
0.7368159207279799,0.06648692534817657
0.7343740690973286,1.160360387683816
0.7078296814480445,0.23480467008340666
0.7230741850827477,0.24013761289870073
0.6263953556970063,0.46224326084664313
0.609451729115474,-0.21043033722626764
0.7197786573736981,0.4939956053383351
0.7230741850827477,0.259910954834808
0.6445664948944824,-0.14374908665723762
0.7230741850827477,-0.43965619090471264
0.5957413185254283,-0.42508781952330754
0.7510270479779726,0.45242036835230115
0.6855488927282746,-0.9676414158621935
0.5461885425619118,-0.1562155533541631
0.7343740690973286,-0.508037062293004
0.7424566698482483,0.9583820270132258
0.5461885425619118,-0.36121500537575635
0.6373814974246783,-0.30975570402675223
0.7078296814480445,-0.8468590172342292
0.6373814974246783,0.2715348302457187
0.8408346221808188,-0.3311493283439849
0.5461885425619118,-0.7637120409997392
0.7453862988577041,0.03971429751618005
0.5390035450921078,-0.41484991151917433
0.6180221072451982,1.3417846635003317
0.587170940395704,0.7314591662351905
0.7197786573736981,-0.3841207522273798
0.6332666108799014,-0.6492997576038215
0.6246962327501772,0.581229213939061
0.5390035450921078,-0.37324938959177645
0.609451729115474,-0.5281824816411745
0.6373814974246783,-0.3053596491058213
0.6246962327501772,0.2846283718958613
0.7343740690973286,0.6364734768780069
0.5348886585473309,0.16002780588635712
0.6470083465251336,-0.2513801963944948
0.8351938730605504,-0.4257731985307612
0.7078296814480445,0.9698215667138597
0.7453862988577041,0.37739374923525937
0.4973633661928578,-0.17066531308032562
0.5348886585473309,0.062060513211099066
0.7343740690973286,0.4424871963950112
0.5348886585473309,-0.7173164609326389
0.5461885425619118,-0.5715936364087206
0.6470083465251336,-0.25214214221458925
0.8351938730605504,-0.26844370969453357
0.8351938730605504,-0.43097674334311975
0.7343740690973286,0.5532424530183537
0.5461885425619118,-0.06364209191516451
0.7078296814480445,1.091136887465692
0.6855488927282746,-0.25553511734775614
0.6855488927282746,-0.09119136331423427
0.6180221072451982,0.7712653949488367
0.587170940395704,0.0916910408331959
0.6180221072451982,-0.35617328328620035
0.617824977567282,0.03583780307701623
0.5957413185254283,0.9125967885200132
0.7424566698482483,-0.06775674851161417
0.8351938730605504,-0.8604081992168369
0.7453862988577041,-0.7497386566477086
0.5957413185254283,0.45281711785528356
0.5957413185254283,-0.3596842270419325
0.8181566097062686,0.25128852301676596
0.6299710831708518,0.01050996636828272
0.5957413185254283,-0.12150067810234838
0.6445664948944824,-0.47148945389926045
0.6445664948944824,0.7042884775638084
0.5280174033644358,-0.17637052897880795
0.7283490355034223,-0.35540491524647266
0.5196441549126277,-0.38829769752094223
0.7078296814480445,-1.0640223131464688
0.6246962327501772,-0.8407796406315317
0.8351938730605504,-0.45213785012237895
0.6180221072451982,-0.4889432875868397
0.5957413185254283,-0.30890510371648744
0.5280174033644358,0.06303043811622999
0.8181566097062686,-0.28506639177712534
0.628811119294954,-0.7714454179369725
0.6299710831708518,-0.25483364479438386
0.6263953556970063,0.01493070699802701
0.7283490355034223,-0.09047780643457248
0.7078296814480445,-0.6432495049346592
0.7283490355034223,-0.4561796906192492
0.8351938730605504,0.11182371647434175
0.7424566698482483,-1.0956277594507817
0.6470083465251336,-0.18064909997497525
0.5196441549126277,-0.3249774473673065
0.6180221072451982,-0.439272254733332
0.617824977567282,0.626310538397355
0.7162029298998526,0.7037192496008592
0.4973633661928578,-0.2252086465632327
0.6180221072451982,0.07713155897501922
0.6855488927282746,-0.26484134310561874
0.6373814974246783,-0.00622419522018014
0.7368159207279799,-0.5337149263018622
0.6526490956454021,0.6118080853639449
0.7162029298998526,1.0638349592387537
0.5196441549126277,0.1529905764858489
0.7424566698482483,1.1046100147003144
0.6373814974246783,-0.23433745107534582
0.7271890716275246,0.7533590933552411
0.5957413185254283,0.7733638512956875
0.8351938730605504,-0.38733054131797273
0.4973633661928578,1.546161655469135
0.7368159207279799,-0.5604105802693995
0.5348886585473309,-0.4846298590277886
0.7271890716275246,-0.16916941397337748
0.7162029298998526,-0.4948691752881157
0.8181566097062686,-0.12146845579659782
0.4973633661928578,0.6272764160736286
0.8181566097062686,-0.9653176077067094
0.7424566698482483,-0.9192913471262083
0.6332666108799014,0.7050966657064526
0.7368159207279799,-0.5772515215595798
0.7343740690973286,-0.01479739495488297
0.7271890716275246,0.574637221006811
0.7078296814480445,0.43478472378966515
0.587170940395704,-0.5352634496292021
0.8408346221808188,-0.8829815565415076
0.628811119294954,-0.334165920767738
0.5957413185254283,-0.749652693655535
0.8351938730605504,-0.13359976842945165
0.628811119294954,0.6309732839914263
0.6470083465251336,0.8943569779738468
0.6263953556970063,-0.15606452998581805
0.7510270479779726,-0.5797152939191017
0.8351938730605504,-0.7841181323375465
0.5348886585473309,0.4774738902867379
0.8351938730605504,0.024575902930715987
0.5196441549126277,-0.5189598890760956
0.4973633661928578,-0.6072361579846848
0.5348886585473309,-0.8610116735815915
0.5461885425619118,-0.5617739667735793
0.7368159207279799,-0.8525808191908048
0.5390035450921078,-0.11162418452902412
0.7283490355034223,0.05943509830829352
0.6445664948944824,0.5067975607412493
0.6373814974246783,-0.02352511980149008
0.7368159207279799,-0.3907799201781973
0.5196441549126277,1.87385202879336
0.6299710831708518,-0.1286140251251533
0.5957413185254283,0.009454097563630137
0.617824977567282,-0.33150210338872693
0.7343740690973286,-0.5497725301292449
0.7078296814480445,-0.5504459193877564
0.6332666108799014,-0.5337334513517965
0.8351938730605504,-0.3258004343949361
0.5280174033644358,-0.5476276331311445
0.6332666108799014,0.07565322478967995
0.5196441549126277,-0.43106009024610376
0.6445664948944824,-0.6013091322957798
0.7424566698482483,0.9834439225020443
0.5390035450921078,0.26322765526341896
0.6332666108799014,-0.3786198963744056
0.617824977567282,-0.3974900066304693
0.6470083465251336,1.1613346526919517
0.6470083465251336,0.21953076513735503
0.617824977567282,-0.7441735428478795
0.6526490956454021,0.5185691472360001
0.6299710831708518,-0.39136206114382016
0.8181566097062686,-0.21656155429865198
0.609451729115474,-0.033754964531215625
0.5348886585473309,0.4432652313699419
0.7197786573736981,-0.13892961335574427
0.6470083465251336,-0.12150254574713504
0.6445664948944824,-0.0894606902380427
0.4973633661928578,-0.4978668929417018
0.7368159207279799,0.04877697734225561
0.4973633661928578,-0.6229863415198704
0.5390035450921078,-0.31484970430218273
0.5461885425619118,0.45971427485851357
0.609451729115474,0.33312998605425903
0.6359961167647581,-0.06973922982873937
0.6445664948944824,0.42479599211938834
0.7078296814480445,0.29213756626747767
0.6263953556970063,-0.5407092481364563
0.4973633661928578,0.2741619065674803
0.6470083465251336,-0.7422194312125411
0.5196441549126277,-0.6789122564347732
0.6445664948944824,0.7466260753859636
0.7453862988577041,-0.38000359774476805
0.7078296814480445,-0.22231275801780048
0.5196441549126277,-0.035658604882303824
0.7343740690973286,-0.40751186124590955
0.6263953556970063,-0.28181295270571205
0.7424566698482483,-0.5597198659468259
0.609451729115474,0.1436475648280373
0.7283490355034223,0.3284676250949472
0.6526490956454021,-0.19975678352293486
0.5280174033644358,-0.4244816014779106
0.5461885425619118,-0.24952170427349146
0.6180221072451982,-0.37895166490115306
0.6180221072451982,0.9735398175307844
0.7424566698482483,-0.42586991679180053
0.7162029298998526,1.4041555537914907
0.7271890716275246,-0.5864699353300669
0.7368159207279799,-0.39596777238914316
0.7343740690973286,0.07481004580635164
0.8351938730605504,-0.9288432327904464
0.4973633661928578,0.10890855538509425
0.6373814974246783,0.3340258585956549
0.6332666108799014,-0.6259156951899946
0.7078296814480445,-0.458261788583543
0.628811119294954,0.49848343870523226
0.587170940395704,-0.13961136770087146
0.5280174033644358,0.9616076371821749
0.8181566097062686,-0.6465797375139437
0.6332666108799014,0.8450718066044132
0.6526490956454021,-0.11260740796022695
0.7368159207279799,-0.631763802604483
0.6299710831708518,0.8522948753319157
0.5461885425619118,-0.5889200673914056
0.6855488927282746,-0.19194764042007056
0.6855488927282746,-0.13326701801834362
0.7343740690973286,0.08025662523031518
0.587170940395704,-0.19481613125182068
0.4973633661928578,-0.6163580731212428
0.6526490956454021,0.08827721435090885
0.6445664948944824,0.2924901648582747
0.7078296814480445,-0.43636152193788025
0.5390035450921078,0.828182025471006
0.7453862988577041,-0.7339573587163531
0.587170940395704,0.6180680419893082
0.5196441549126277,-0.06591441753156085
0.7343740690973286,-0.605946202334327
0.5957413185254283,-0.37040154068312336
0.8351938730605504,-0.3992772221631815
0.8181566097062686,-0.5538239760513244
0.7162029298998526,-0.3505511585059055
0.7343740690973286,0.01576771744215244
0.6263953556970063,0.3957754608382751
0.8351938730605504,-0.738040120946279
0.5280174033644358,-0.5188705635381523
0.7368159207279799,-0.05334732694735811
0.5280174033644358,-0.8375363066810788
0.6526490956454021,-0.9105993063971551
0.5957413185254283,0.05865921249541983
0.6445664948944824,-0.3828660661042227
0.7197786573736981,-0.12951727931616697
0.5280174033644358,-0.06424816763530095
0.8351938730605504,0.45050869506290314
0.617824977567282,-0.9366063248665344
0.5280174033644358,-0.9359349662828674
0.5390035450921078,-0.746152814594597
0.8351938730605504,-0.45420938501430336
0.7510270479779726,0.1489302567602554
0.6470083465251336,-0.17071367246416191
0.7078296814480445,0.06850191260889793
0.7368159207279799,-0.3840529586483305
0.609451729115474,-0.6537980517577618
0.6246962327501772,-0.3236036100445902
0.7230741850827477,0.16685597993062873
0.6470083465251336,0.035452134125668944
0.5957413185254283,-0.052649241128369106
0.5390035450921078,-0.11252706340872592
0.587170940395704,0.10179531225288274
0.6332666108799014,-0.481158587281207
0.6373814974246783,0.36834462779805066
0.6373814974246783,-0.18195174052052404
0.609451729115474,-0.41902039561431514
0.7283490355034223,-0.7327640674313252
0.7162029298998526,-0.4742654166727692
0.8351938730605504,0.17124530339337674
0.7197786573736981,0.7868628492659978
0.6263953556970063,-0.29964486534211526
0.6470083465251336,-0.31391645969615595
0.6263953556970063,0.7639164745747116
0.7453862988577041,0.14938988602158443
0.6470083465251336,-0.21390556839705183
0.8181566097062686,0.4965513320830758
0.6470083465251336,-0.5472297106102821
0.6445664948944824,0.16209189896466814
0.8181566097062686,-0.7127149273424931
0.587170940395704,-0.08528384650808118
0.7453862988577041,-0.07770811720888238
0.8351938730605504,-0.21448298578208835
0.6359961167647581,0.11417693551839436
0.6373814974246783,-0.35209669613213107
0.6246962327501772,-1.0801912231724686
0.6359961167647581,1.3338209704631132
0.5390035450921078,0.014155442499755866
0.7197786573736981,0.694047866361554
0.587170940395704,-0.5012064778978138
0.7453862988577041,-0.05462380941603617
0.8408346221808188,0.48793946551790734
0.7271890716275246,-0.4419458457254751
0.6855488927282746,0.17317386850772287
0.7078296814480445,-0.19003233670399644
0.4973633661928578,-0.20665148825825824
0.5348886585473309,0.24288212136293774
0.7162029298998526,0.515714938398632
0.7453862988577041,-0.3085606469163298
0.4973633661928578,-0.3185494539716077
0.609451729115474,0.8361414341337527
0.628811119294954,0.4373946375289245
0.5390035450921078,-0.014492909703819778
0.6445664948944824,-0.13755318878351275
0.6373814974246783,0.5162698664256056
0.8181566097062686,0.28474450210681124
0.5280174033644358,-0.03052118268113274
0.8351938730605504,-0.4044201470089972
0.5280174033644358,-0.4104334986600816
0.7162029298998526,-0.5909522907683087
0.8351938730605504,0.5481072628269483
0.6855488927282746,-0.45000202159943126
0.5957413185254283,0.49703038038070213
0.609451729115474,-0.5867411770768755
0.5390035450921078,-0.23136422495537246
0.6373814974246783,0.8363343274290318
0.6299710831708518,0.046568654046929336
0.609451729115474,-0.7871519010270057
0.587170940395704,-0.534765130065185
0.5196441549126277,0.6130659395077095
0.7510270479779726,-0.52287239326571
0.7078296814480445,-0.3726381216861679
0.6359961167647581,-0.2322165617354538
0.609451729115474,-0.504258367410478
0.6526490956454021,0.4187364188223215
0.7283490355034223,-0.05221119709554478
0.5196441549126277,-0.6166482385391614
0.7424566698482483,0.34754612997391143
0.7197786573736981,0.392714741354793
0.6526490956454021,-0.46533253468056024
0.7424566698482483,-0.4950568938356716
0.5390035450921078,0.4136139086876408
0.6359961167647581,0.6645139142354473
0.7453862988577041,-0.3455549640184099
0.5390035450921078,0.20898015023025518
0.6373814974246783,0.07280665742907322
0.7424566698482483,0.5493099827393372
0.628811119294954,0.7090337421222345
0.7271890716275246,0.4445753777999214
0.8408346221808188,0.29821331438701437
0.7283490355034223,-0.6717230800979693
0.6332666108799014,0.8763047331590814
0.6373814974246783,-0.4303623687011407
0.609451729115474,0.1224343658590874
0.7453862988577041,-0.6574088470020223
0.6246962327501772,-0.004759142945280348
0.8408346221808188,0.17449413244512846
0.7453862988577041,-0.7081696117515989
0.6470083465251336,-0.418906706881073
0.6263953556970063,-0.31885477514881927
0.7078296814480445,0.14522587157173006
0.7078296814480445,-0.67434722758126
0.5957413185254283,-0.11159184027103858
0.5348886585473309,0.8688841359265289
0.7230741850827477,-0.4341414699840403
0.5348886585473309,1.5152896740738617
0.7510270479779726,-0.652544541699791
0.6332666108799014,0.014816046679417272
0.8181566097062686,0.6799271052392949
0.5461885425619118,-0.3047796233519055
0.6332666108799014,-0.35207364723127804
0.7343740690973286,-0.640275441114504
0.7368159207279799,0.30528442744466777
0.8351938730605504,0.24657021168849158
0.6470083465251336,0.4096140088995738
0.7343740690973286,-0.7380993995277175
0.6263953556970063,0.02209284309639603
0.7271890716275246,0.041899417356716206
0.6526490956454021,0.02314269768071664
0.5348886585473309,-0.7582191023071647
0.5280174033644358,0.7103917546066025
0.6373814974246783,-0.251626292909323
0.8408346221808188,-0.8870193035734842
0.7343740690973286,0.6428334060437075
0.8181566097062686,0.9659838417079746
0.6299710831708518,0.791133872153319
0.6299710831708518,-0.797143056606783
0.7230741850827477,0.01836270110901328
0.7368159207279799,-0.39016134340536746
0.7424566698482483,-0.8706518113383414
0.5390035450921078,-0.4206865187017382
0.7510270479779726,-0.3478651234923372
0.5461885425619118,0.025716169147258827
0.5196441549126277,-0.17475274491993698
0.7162029298998526,0.5152730993901667
0.5957413185254283,1.113948018358217
0.6526490956454021,0.3411669255554225
0.6332666108799014,-0.20496368245823493
0.628811119294954,-0.10116690428431308
0.628811119294954,0.028079877552508625
0.6526490956454021,-0.056012099606690624
0.6263953556970063,-0.07195217982689339
0.8181566097062686,0.15441320282537319
0.5461885425619118,-0.28596140629213584
0.7078296814480445,0.2088166272083759
0.617824977567282,-0.06482151725050123
0.6445664948944824,-0.08203114446081816
0.7453862988577041,-0.37724687394278905
0.7283490355034223,0.1345510883700718
0.5280174033644358,0.8455697369213222
0.6855488927282746,-0.6156267331464704
0.7271890716275246,-0.48828217720540545
0.5348886585473309,0.03656625524025525
0.7343740690973286,-0.1500103112450457
0.5348886585473309,0.458843221422195
0.8181566097062686,-1.0988012365116369
0.6299710831708518,-0.2029670129197823
0.5390035450921078,0.08938231622144022
0.6332666108799014,-0.23965305579639
0.5348886585473309,-0.3323000398395292
0.7510270479779726,-0.38905263104406923
0.6246962327501772,-0.4664075832845334
0.5348886585473309,-0.3785937934148407
0.7283490355034223,-0.22424644073599398
0.6855488927282746,-0.02609335484114561
0.7510270479779726,0.5138880406432909
0.6526490956454021,0.48392282287444344
0.7453862988577041,0.8860466592942556
0.6180221072451982,0.388063111843432
0.6470083465251336,0.7455880400523306
0.5280174033644358,0.4053540587242723
0.5280174033644358,-0.4191134929513899
0.7078296814480445,-0.32223570298183474
0.5196441549126277,0.8233699321769207
0.7510270479779726,1.9031139560341297
0.7510270479779726,-0.3545845884864507
0.6299710831708518,1.174090520204389
0.7343740690973286,-0.7424663232449221
0.587170940395704,-0.26677306398771095
0.5280174033644358,-0.8186684120821665
0.8408346221808188,-0.9447977812608558
0.7271890716275246,-0.5159344746837295
0.7343740690973286,-0.6505018725653852
0.5461885425619118,-0.9900613743332851
0.7453862988577041,0.19351116435141302
0.7271890716275246,-0.27491773429851857
0.7343740690973286,-0.7548912135926789
0.6299710831708518,0.7610634505584792
0.7271890716275246,0.1417953546157782
0.5957413185254283,-0.5119843480466816
0.5390035450921078,0.023510040165117263
0.7162029298998526,0.8049488442908176
0.7424566698482483,-0.3307810867251527
0.6299710831708518,-0.052115232646472
0.6246962327501772,-0.8052036361139492
0.6373814974246783,0.37983919367913077
0.6246962327501772,-0.37628696481025425
0.7510270479779726,-0.11945313592021412
0.6526490956454021,0.2759342119818695
0.5196441549126277,-0.15185163091823817
0.7230741850827477,-0.23472039215690588
0.7343740690973286,0.15433767460473713
0.6180221072451982,-0.41294045437364524
0.7230741850827477,1.0830202130065039
0.7453862988577041,-0.2874753041836334
0.587170940395704,-0.03407366616578511
0.6373814974246783,-0.2719399526679153
0.6359961167647581,1.207234981781548
0.5280174033644358,-0.5534019828111144
0.6470083465251336,-0.03776579208854747
0.7271890716275246,-0.7108659220802755
0.8351938730605504,0.1901241994371241
0.7271890716275246,-0.610704834600701
0.609451729115474,0.029297606078373395
0.609451729115474,1.8739651531865056
0.7453862988577041,-0.4089146336945232
0.628811119294954,0.14768563370421905
0.7230741850827477,-0.7874468533023026
0.6299710831708518,1.3017785487663838
0.6332666108799014,0.41912786729222606
0.5348886585473309,-0.21896860719919187
0.5957413185254283,-0.21579909925155605
0.5390035450921078,-0.8006558830502208
0.7283490355034223,0.10361477120876683
0.609451729115474,0.02891598214170532
0.6855488927282746,-0.336971646824579
0.7343740690973286,-0.09904230048778451
0.628811119294954,0.6907664833928452
0.7078296814480445,-0.31995837389129506
0.8351938730605504,-0.9341737881129818
0.6332666108799014,-0.43734766895458066
0.6526490956454021,0.15219490373836742
0.7162029298998526,-0.9508369950406232
0.6263953556970063,-0.41567084234984286
0.6373814974246783,-0.1511173523465627
0.6855488927282746,-0.38662306880300235
0.6526490956454021,0.4761802575285996
0.5348886585473309,-0.7293207325115983
0.6526490956454021,0.595653023740315
0.5390035450921078,1.0738294973537172
0.6332666108799014,1.1599359332809693
0.5461885425619118,-0.2561709495551494
0.4973633661928578,-0.5404159716742905
0.7343740690973286,0.03017567731082249
0.7510270479779726,-0.30864863029231426
0.587170940395704,-0.03862465105042212
0.6373814974246783,-0.22045848255604683
0.5280174033644358,-0.09149409986765639
0.7197786573736981,0.474602857236167
0.5390035450921078,-0.5669489046232143
0.6299710831708518,-0.16655233675680386
0.587170940395704,-0.5341089610087932
0.6332666108799014,-0.025203792462793917
0.7162029298998526,-0.36463970858605405
0.4973633661928578,-0.3805280683856435
0.6855488927282746,-0.42878164702067795
0.5957413185254283,0.1289083566057122
0.5196441549126277,0.9276431131397381
0.8351938730605504,-0.8436283434241274
0.5280174033644358,0.02798580993116906
0.8351938730605504,0.6748745637563611
0.7453862988577041,0.4239105850798389
0.7078296814480445,0.21616974196957073
0.7453862988577041,0.9970590214490954
0.6470083465251336,-0.30801308113141795
0.5461885425619118,0.05015298051917305
0.609451729115474,0.2803271283144996
0.7197786573736981,0.07734670888321127
0.6470083465251336,0.8777418870300991
0.7453862988577041,-0.16931088820542672
0.4973633661928578,-0.6215648183903328
0.5957413185254283,-0.03805275792945373
0.5348886585473309,0.7310943390120723
0.7230741850827477,-1.039604392353029
0.7271890716275246,0.9051127775112183
0.6470083465251336,-0.2660591116311824
0.7510270479779726,-0.38118607779449726
0.6180221072451982,-0.623346054369758
0.6299710831708518,-0.5945773952858048
0.617824977567282,0.7391144630240992
0.6526490956454021,-0.5020631619825677
0.7162029298998526,-0.2417051022096912
0.5957413185254283,0.289725190801185
0.5196441549126277,-0.5216267188999701
0.7453862988577041,-0.7541159919637302
0.7283490355034223,0.10761307448865598
0.6470083465251336,0.1931516857838852
0.5390035450921078,0.95245591259042
0.4973633661928578,0.48144887902576117
0.5196441549126277,0.9212669106944978
0.609451729115474,-0.11929283867742307
0.7453862988577041,-0.7339574575852188
0.7283490355034223,-0.5979414042470312
0.7283490355034223,0.4089805062699321
0.6246962327501772,0.951701887620494
0.6180221072451982,0.6369080255268557
0.7230741850827477,0.04033731165917198
0.5348886585473309,0.7788298484342127
0.8351938730605504,-0.13271838674805436
0.587170940395704,0.4150922923566115
0.6526490956454021,-0.46369938703712876
0.6445664948944824,0.13322771562018287
0.7162029298998526,0.0969930286909696
0.5196441549126277,-0.005753253913162393
0.6526490956454021,0.27329580440872714
0.7197786573736981,-0.2494067834496399
0.628811119294954,-0.6181568778286509
0.4973633661928578,0.2898091236283048
0.6359961167647581,-0.5636028996830283
0.5348886585473309,-0.07550364528445802
0.7368159207279799,0.9909995705865848
0.6470083465251336,0.3474971957286601
0.6180221072451982,0.6452383691018168
0.7230741850827477,0.14331903573858296
0.628811119294954,1.0724989789000605
0.6180221072451982,0.28623361354288723
0.7230741850827477,-0.7877491421966737
0.7162029298998526,0.1770873888060126
0.7368159207279799,-0.5423765817207645
0.6332666108799014,1.0377631918811085
0.7368159207279799,0.49654923509720406
0.6180221072451982,-0.4667286482345019
0.6445664948944824,-0.34135488237519385
0.7271890716275246,-0.5534590667450547
0.609451729115474,-0.3509871354055239
0.6332666108799014,-0.3059563602182451
0.7510270479779726,0.6340433644213561
0.6299710831708518,0.6843941803207889
0.5957413185254283,1.2943403806358933
0.5957413185254283,0.13212081447766766
0.5957413185254283,0.5309141584018668
0.7453862988577041,0.7158448337214541
0.5390035450921078,-0.9320233186631444
0.7368159207279799,-0.9954827690703079
0.7271890716275246,0.0609596047351294
0.6470083465251336,0.660937966010866
0.5348886585473309,-0.10497161724662163
0.6299710831708518,-0.017361245096000677
0.6180221072451982,0.37001594978944696
0.6263953556970063,0.4492629272935771
0.7343740690973286,0.14382780483768753
0.6299710831708518,-0.49055241709870967
0.7078296814480445,-0.31565557535951655
0.7510270479779726,0.49406054000520205
0.6299710831708518,0.31040345161595373
0.6445664948944824,0.41041997637979033
0.5957413185254283,1.0458579095850336
0.617824977567282,0.8448859709453965
0.7078296814480445,-0.5514475788190665
0.6246962327501772,0.5536246462419593
0.7197786573736981,0.33981476710204184
0.609451729115474,0.04069953314193786
0.6180221072451982,1.087032338061816
0.7424566698482483,-0.594471328147635
0.5461885425619118,-0.45446734089533836
0.6526490956454021,-0.5194367288883316
0.609451729115474,-0.4271005060957702
0.5390035450921078,-0.5486957632752459
0.6855488927282746,1.4247978138581372
0.6445664948944824,0.6867954054664512
0.8408346221808188,0.4445266577131278
0.7271890716275246,-1.022423995183913
0.5280174033644358,-0.674417529850182
0.609451729115474,-0.7296846257306858
0.7230741850827477,-0.2364350095429555
0.4973633661928578,-0.11509987941411198
0.7078296814480445,0.36933701898907545
0.617824977567282,-0.5593507131477761
0.6180221072451982,0.9238125177771822
0.5348886585473309,-0.8333663950055137
0.6526490956454021,-0.6826772620224245
0.6246962327501772,0.7295843368557894
0.7424566698482483,-0.07996247843807613
0.7271890716275246,0.1540201575266178
0.5461885425619118,-0.10790980543896322
0.5280174033644358,0.4478998806635559
0.5390035450921078,0.29859815913697263
0.6332666108799014,0.5375737149237401
0.6332666108799014,-0.36847099684603035
0.5461885425619118,-0.13886529519950402
0.7424566698482483,0.9388750595918861
0.7343740690973286,0.09945167708851588
0.8351938730605504,-0.3683884777170886
0.6263953556970063,-0.3560756658621283
0.8351938730605504,-0.6207039768471427
0.6180221072451982,0.8831719366627856
0.7453862988577041,-0.44435073248689544
0.7424566698482483,-0.39192459475261954
0.8351938730605504,-0.7873852380497741
0.8181566097062686,0.5612549189850052
0.6526490956454021,0.2984085613582932
0.7162029298998526,-0.5271983377506719
0.7453862988577041,0.4626117034784102
0.7453862988577041,0.18359247827537273
0.7368159207279799,0.26994040211763215
0.8351938730605504,0.6258636062774601
0.4973633661928578,0.16878618601754036
0.6263953556970063,0.019284308098044822
0.6526490956454021,-0.3418888838962167
0.5461885425619118,0.8250058100902459
0.6526490956454021,0.9471055246765574
0.7162029298998526,-0.3681176013221827
0.5957413185254283,-0.2177910283307844
0.6855488927282746,-0.3536931528976163
0.6246962327501772,0.567948237620212
0.4973633661928578,-0.5538413410240451
0.5390035450921078,-0.30689470236785643
0.4973633661928578,-0.3484742469879989
0.4973633661928578,0.05455844169999979
0.7510270479779726,-0.3041845795732532
0.7162029298998526,-0.7851686231690093
0.617824977567282,0.20680203009362752
0.8408346221808188,-0.33557497978976725
0.6299710831708518,-0.42661481527064216
0.5390035450921078,-0.40108138102153995
0.5957413185254283,-0.05294353516403394
0.6470083465251336,-0.5592929340468654
0.7078296814480445,-0.6431559507052677
0.6373814974246783,-0.44718643485090914
0.6470083465251336,0.3841946375813391
0.6470083465251336,-0.8376609906527117
0.6526490956454021,0.13218219848029056
0.5196441549126277,-0.2784732767033503
0.5957413185254283,0.7684906735035244
0.7230741850827477,0.05584588502339216
0.6526490956454021,-0.4616506257126653
0.6470083465251336,1.0643342089118493
0.6373814974246783,-0.5669427916576009
0.5390035450921078,-0.6658980393059107
0.8408346221808188,-0.07031102380385379
0.5196441549126277,0.07985718005282427
0.7230741850827477,-0.2924218225078057
0.8351938730605504,-0.021236687192539128
0.8408346221808188,0.052475383990097546
0.6470083465251336,-0.6753806609155237
0.7453862988577041,0.8448960924617975
0.6855488927282746,-0.4681061200434731
0.6299710831708518,0.4221582526643193
0.6263953556970063,-0.41642790925745676
0.5461885425619118,-0.8420782053216096
0.4973633661928578,-0.5027152620871376
0.6299710831708518,-0.5988864553035251
0.7162029298998526,1.2296362594947037
0.6470083465251336,0.03600788887154549
0.7510270479779726,-0.1331327562770135
0.5390035450921078,-0.1981925914730221
0.5390035450921078,0.01289724434385231
0.7510270479779726,-0.24031883110144459
0.8351938730605504,0.09563474971779207
0.6246962327501772,0.03207431840528685
0.5196441549126277,-0.5628226738405047
0.6246962327501772,0.4059617163986088
0.617824977567282,-0.21338899883447776
0.6332666108799014,-0.6815492838445921
0.6373814974246783,-0.006149934157245851
0.8181566097062686,0.19356491287794875
0.7510270479779726,1.4678161429178143
0.7283490355034223,-0.34931182137705985
0.6445664948944824,0.09860351834270176
0.5461885425619118,-0.5146525699884787
0.4973633661928578,-0.6225179425171437
0.7271890716275246,0.24974687479562052
0.7343740690973286,-0.31253055565675586
0.609451729115474,-0.022205432421295246
0.4973633661928578,-0.3977783365898375
0.4973633661928578,-0.1796835344635263
0.6526490956454021,-0.47238114605997983
0.6263953556970063,-0.5147319848212772
0.5957413185254283,-0.1555300444167651
0.7453862988577041,-0.2797444809955895
0.7453862988577041,-0.26499666635911756
0.7343740690973286,1.2139017509776744
0.7162029298998526,0.21908355481523223
0.6299710831708518,-0.10767859590010453
0.6246962327501772,0.13545873031316324
0.617824977567282,-0.28310334378307944
0.5390035450921078,1.7217762471799414
0.6332666108799014,-0.27070559389769133
0.8351938730605504,-0.1322955398996002
0.7197786573736981,-0.09004471132382441
0.6855488927282746,0.11955536327401395
0.7453862988577041,-0.08502830612339207
0.5390035450921078,-0.3413361732884751
0.7453862988577041,-0.15118193815683467
0.5461885425619118,-0.33060574180790714
0.6373814974246783,1.2898463913480909
0.7271890716275246,-0.1382859746095303
0.6470083465251336,-0.6820281438859106
0.4973633661928578,-0.10982064214680992
0.6526490956454021,-0.5701150938193422
0.7453862988577041,0.6256760164271681
0.7343740690973286,-0.6731996690249876
0.6299710831708518,0.9243029802508103
0.5196441549126277,-0.6735914554211244
0.5957413185254283,0.7200908242889275
0.6470083465251336,-0.2615488903443149
0.6180221072451982,-0.015985840760389336
0.7162029298998526,-0.334355127730978
0.7368159207279799,0.6940556711781491
0.7510270479779726,0.6082426904049159
0.7368159207279799,-0.3086291166168615
0.6526490956454021,0.6442991378030876
0.7230741850827477,0.6167342026841619
0.5390035450921078,0.5501029732275213
0.7368159207279799,-0.10737923087841339
0.6526490956454021,0.3450884899355007
0.5957413185254283,-0.18869279800946898
0.7283490355034223,-0.41576010511867456
0.6359961167647581,-0.3223280733494956
0.7343740690973286,2.5285052745911343
0.7424566698482483,0.21217481120133608
0.7197786573736981,0.28872732448856253
0.5348886585473309,0.5420252129494543
0.6263953556970063,-0.11165064161435745
0.6299710831708518,-0.6065994402154874
0.7271890716275246,0.048425996552071915
0.6470083465251336,-0.2450142554295321
0.5461885425619118,-1.068560738778857
0.7230741850827477,-0.3462852701651723
0.617824977567282,-0.2942928180694243
0.5461885425619118,0.23955983365055422
0.6180221072451982,-0.23992915517545838
0.6526490956454021,-0.19497029352231204
0.5280174033644358,-0.2946715133577791
0.6359961167647581,-0.22407171486152505
0.6299710831708518,-0.4634623933625506
0.6526490956454021,0.19812962807119583
0.7197786573736981,0.2733767406257783
0.609451729115474,0.29166790136867327
0.5280174033644358,-0.3907483918435468
0.5461885425619118,-0.15834776795531968
0.7510270479779726,0.3422783842042525
0.7424566698482483,0.7893809980024259
0.8181566097062686,-0.4357058449330502
0.7510270479779726,0.46822106254438833
0.5348886585473309,-0.41889931953045184
0.6470083465251336,0.9032681143816662
0.7283490355034223,-0.4364738414758189
0.7162029298998526,0.11378218315006494
0.5196441549126277,-0.32646302727374465
0.7343740690973286,0.6663251175606324
0.6263953556970063,1.0654674033248737
0.8351938730605504,0.46773303662395094
0.6180221072451982,0.7474015939355226
0.6855488927282746,0.039541720311839
0.7283490355034223,0.18372517934399546
0.5957413185254283,-0.7331702394965217
0.6526490956454021,-0.5573595523842833
0.5957413185254283,-0.44046281777748975
0.4973633661928578,-0.37193240616221607
0.6526490956454021,-0.4228876509859577
0.6332666108799014,0.414628638376374
0.6180221072451982,-0.42104891184892834
0.609451729115474,0.0550380218359231
0.6373814974246783,-0.06902091405573474
0.4973633661928578,-0.5464661142116228
0.8408346221808188,-0.526724565722984
0.7510270479779726,0.20151109654974242
0.5390035450921078,-0.6430468175467421
0.6526490956454021,0.6909973862908438
0.7424566698482483,-0.6256168344206009
0.7283490355034223,1.0809751502689176
0.7230741850827477,-0.831121640667372
0.5957413185254283,0.3186279685560436
0.6526490956454021,-0.3534297838259116
0.5957413185254283,0.9502767641341796
0.5348886585473309,0.5410792368295525
0.7343740690973286,1.17822761837875
0.6299710831708518,-0.8626428844726379
0.6299710831708518,-0.32554502689533144
0.7197786573736981,0.5371389258910145
0.7197786573736981,1.7136105325431674
0.7368159207279799,-0.544304375380723
0.8408346221808188,0.02397104954968332
0.7343740690973286,0.34366564794484655
0.7162029298998526,-0.6853579648353958
0.7453862988577041,1.4631719644829406
0.6359961167647581,0.07773118288978964
0.587170940395704,0.5462554756458858
0.617824977567282,-0.4326716839222622
0.7283490355034223,-0.3075535077747168
0.7230741850827477,0.4455534432850049
0.7230741850827477,-0.6764245960247735
0.7453862988577041,-0.21150657486283853
0.5390035450921078,-0.22617476804046976
0.5957413185254283,-0.3020684766256855
0.4973633661928578,-0.189271938745192
0.5280174033644358,0.2787668078087594
0.7162029298998526,1.0223149271473813
0.6470083465251336,-0.7645322032692858
0.5957413185254283,-0.24267832985188476
0.7343740690973286,0.27570670593107827
0.5461885425619118,-0.8210170438996934
0.5390035450921078,1.1437815716142554
0.6373814974246783,-0.5443187502973794
0.5348886585473309,-0.13505128983347803
0.5957413185254283,-0.5235929508587821
0.5280174033644358,0.2849667465299842
0.6445664948944824,-0.057928711929049914
0.8181566097062686,0.7385495215801078
0.7368159207279799,-0.4948476318548468
0.7510270479779726,0.1503456817688391
0.617824977567282,-0.36686153309722036
0.5348886585473309,0.20171946343310787
0.5461885425619118,-0.030375078777797326
0.7510270479779726,0.8491206234951347
0.6263953556970063,0.10560001671393082
0.7368159207279799,-0.07133736043012151
0.5196441549126277,0.010818553035660816
0.6470083465251336,1.4106156515243735
0.7162029298998526,-0.135647458273515
0.7510270479779726,-0.0918525078287088
0.8181566097062686,-1.355657885985427
0.6373814974246783,-0.29688799977530406
0.5957413185254283,-0.06789086314436854
0.7078296814480445,-0.2564941595779935
0.587170940395704,-0.5310418672806532
0.6855488927282746,-0.11863840450143892
0.617824977567282,1.640207378667279
0.7424566698482483,0.25843355943671786
0.6470083465251336,0.21096901302625426
0.5348886585473309,0.7792149644268083
0.7343740690973286,0.47189085631028416
0.5957413185254283,-0.202882334771466
0.6373814974246783,2.4124431870814367
0.7230741850827477,-0.37116971176183305
0.617824977567282,0.07035870521034471
0.6445664948944824,-0.42372463042747477
0.5348886585473309,-0.5911385323094273
0.6373814974246783,0.8263099671578824
0.5390035450921078,0.21452130914421963
0.5390035450921078,-0.5432177122412578
0.6263953556970063,-0.14585889202496755
0.5957413185254283,1.3566988208030946
0.5957413185254283,-0.4808049976040637
0.6445664948944824,-0.3313960777506969
0.5957413185254283,-0.33374250545766687
0.5280174033644358,0.07552689970861792
0.617824977567282,-0.2702494681963356
0.7368159207279799,0.12342978197411236
0.5957413185254283,-0.5164184390969392
0.7510270479779726,0.32951053966914134
0.6526490956454021,0.20204644855957177
0.587170940395704,-0.18601262656070477
0.5390035450921078,-0.5695694593018716
0.6299710831708518,-0.7638995831666108
0.5957413185254283,-0.25284057483816286
0.4973633661928578,0.028062375245090254
0.609451729115474,1.2382332127119935
0.6246962327501772,-0.2868700559547981
0.5348886585473309,0.6229723096825983
0.6373814974246783,0.32147948549533467
0.7368159207279799,0.7101451083832413
0.5461885425619118,0.20249291419741167
0.7368159207279799,-0.20593052628020758
0.7197786573736981,-0.04596058623714372
0.5461885425619118,-0.4401390542851208
0.7424566698482483,0.688377167386972
0.4973633661928578,-0.37765924367302683
0.5390035450921078,0.9462736298146481
0.5348886585473309,0.02611565066137056
0.628811119294954,0.4939759243212306
0.628811119294954,-0.25783642588209205
0.8181566097062686,-0.703498718899542
0.6526490956454021,-0.6110279965165661
0.7271890716275246,0.19234818457885916
0.5196441549126277,0.3399057135849539
0.7230741850827477,-0.0808446852525736
0.5196441549126277,0.2304461968797139
0.8181566097062686,-0.20437330477851923
0.7368159207279799,0.041503588456692886
0.5390035450921078,0.04553496136798374
0.5280174033644358,-0.7046817921656968
0.7368159207279799,0.34481431908384774
0.617824977567282,0.5397612536489239
0.6180221072451982,-0.3082554543230687
0.8408346221808188,-0.16315728497471427
0.5957413185254283,-0.7719306757463247
0.7283490355034223,0.8009113251660231
0.6246962327501772,0.6255039975925051
0.6263953556970063,-0.4505205345469383
0.7283490355034223,-0.710690076767552
0.6263953556970063,-0.1859602224883749
0.7271890716275246,-0.571818964181469
0.5390035450921078,-0.41535375256103213
0.6470083465251336,-0.5212342138058921
0.587170940395704,0.5095138251119179
0.7230741850827477,-0.5587437523372196
0.6855488927282746,0.20370074202272181
0.587170940395704,0.5698591446797704
0.6470083465251336,-0.39283972866650796
0.7197786573736981,-0.37474120715592313
0.5957413185254283,1.2143270485612156
0.5390035450921078,0.6411883926255968
0.8408346221808188,-0.5938383816547884
0.7271890716275246,-0.5323031118967342
0.8408346221808188,-0.15638414858809035
0.5196441549126277,0.6144433155155594
0.5390035450921078,-0.14346965535695583
0.6470083465251336,-0.32623897126603296
0.6470083465251336,-0.4904882189289219
0.609451729115474,-0.7463648332859371
0.6299710831708518,-0.6600156343604868
0.6526490956454021,-0.45341421229503975
0.609451729115474,0.37798535650408394
0.4973633661928578,-0.309215399297059
0.5280174033644358,0.357305826916657
0.7343740690973286,-0.4824622415167925
0.617824977567282,0.18768336682937914
0.7343740690973286,-0.6365704550390631
0.6373814974246783,-0.18298350518783774
0.5348886585473309,0.24939527790944038
0.6246962327501772,-0.10337278448497667
0.5957413185254283,0.8906802609047013
0.5196441549126277,-0.4372654086842415
0.7078296814480445,-0.39145614883964197
0.628811119294954,-0.29156917897239293
0.5280174033644358,-0.6219906672562846
0.4973633661928578,-0.5746786300576742
0.6263953556970063,1.5362855097998251
0.7162029298998526,0.23995722774497585
0.7271890716275246,-0.14216065162537983
0.5348886585473309,0.6324700045607303
0.7230741850827477,-0.5827570055656824
0.5957413185254283,-0.08304524514214362
0.6359961167647581,-0.4644382815080532
0.6373814974246783,0.15276248524704283
0.6180221072451982,-0.3595524168055556
0.4973633661928578,0.10503004336358046
0.5348886585473309,-0.062381790013785854
0.8181566097062686,0.2387072484920304
0.4973633661928578,-0.25956035175491027
0.5348886585473309,-0.2635009206411846
0.8408346221808188,0.6563696755391367
0.609451729115474,-0.3891074520975379
0.6332666108799014,1.709998927415641
0.8408346221808188,0.2758536078475352
0.5957413185254283,0.4921582263784925
0.7368159207279799,-0.6832447277181742
0.5280174033644358,-0.5280020034821665
0.7230741850827477,0.04496393241474683
0.7343740690973286,-0.3872407924265323
0.7271890716275246,1.1082481026949442
0.6359961167647581,1.0926424393790541
0.6526490956454021,-0.4588213232636636
0.7271890716275246,0.3320734715630359
0.6445664948944824,-0.45885327961557343
0.5461885425619118,0.28692247303507845
0.7453862988577041,-0.48956609241198723
0.6180221072451982,-0.12787944896005465
0.6299710831708518,0.2673107591150824
0.6470083465251336,0.5060352760640782
0.6373814974246783,0.5831855870811613
0.7343740690973286,1.1412992820545287
0.6470083465251336,-0.17115113296747447
0.6526490956454021,0.16981229143871945
0.6332666108799014,-0.23898588207963617
0.7078296814480445,0.08502938626467826
0.6855488927282746,-1.1594010379320951
0.6263953556970063,-0.17550656907550127
0.6373814974246783,-0.4530705042148219
0.8181566097062686,-0.3278978820392421
0.5348886585473309,0.46457595988081646
0.5390035450921078,0.10364013437554442
0.6180221072451982,-0.1507300886015241
0.7343740690973286,0.4902125922144096
0.6299710831708518,0.5881301925950919
0.5390035450921078,-0.03394634674794894
0.7162029298998526,-0.36153250366495876
0.5280174033644358,-0.47187925427233246
0.5196441549126277,-0.2178947677309293
0.7230741850827477,-0.4342608777182381
0.6526490956454021,-0.4683257936809493
0.609451729115474,-0.10546457447824231
0.5461885425619118,-0.4615441312946689
0.6470083465251336,0.46445441994082837
0.7453862988577041,-0.40889634808088815
0.7078296814480445,0.7156128620014621
0.7453862988577041,-0.41493608685508815
0.6263953556970063,-0.6143029642600363
0.8181566097062686,-0.36149509190120843
0.4973633661928578,-0.3663958073736898
0.7078296814480445,0.35672597454584043
0.6470083465251336,-0.24081750182909067
0.6359961167647581,-0.94961211858863
0.7078296814480445,0.3631261693354557
0.5280174033644358,0.7263883863890872
0.7343740690973286,-0.3726225627346108
0.6855488927282746,0.12461792106951386
0.6470083465251336,-0.4459833774616153
0.587170940395704,2.59144262493763
0.5196441549126277,-0.4088692634652988
0.6180221072451982,-0.06613104981259554
0.5348886585473309,-0.17326886060084312
0.5957413185254283,0.03501489991700535
0.6180221072451982,-0.1613033321867819
0.7510270479779726,0.046536047238276534
0.7230741850827477,0.22351542462457163
0.6299710831708518,-0.42646672451238876
0.7271890716275246,-0.378733847214011
0.6332666108799014,-0.3307904624260514
0.5196441549126277,0.09676559950840535
0.6855488927282746,-0.8055004529353469
0.8408346221808188,-0.048205249502549896
0.7283490355034223,0.8713874095084015
0.5196441549126277,0.09739824581471634
0.8408346221808188,-0.5779361927163631
0.7510270479779726,0.5941332647289614
0.6526490956454021,-0.5028094951997575
0.7368159207279799,0.32758852798813476
0.6359961167647581,0.9811756521570405
0.7343740690973286,-1.1231397421641012
0.7162029298998526,-0.7027741015814869
0.7343740690973286,0.020769544856580224
0.6359961167647581,-0.4307913883193893
0.5957413185254283,-0.047019050105810756
0.6180221072451982,-0.6806127666903456
0.6180221072451982,0.39045750187185024
0.7453862988577041,0.18642008041111813
0.7230741850827477,0.43328822936401734
0.5196441549126277,0.43645269565361133
0.6246962327501772,0.5249844800291027
0.5461885425619118,0.3109551453395957
0.6299710831708518,-0.21243275061270678
0.5280174033644358,1.0412596501177513
0.587170940395704,-0.6810759878601537
0.6445664948944824,0.10992297930077377
0.617824977567282,-0.897590072157149
0.6180221072451982,0.5857782322119008
0.6263953556970063,-0.301138057782308
0.6299710831708518,-0.32157415256767063
0.8408346221808188,-0.4634124677937362
0.8351938730605504,2.0151413398709286
0.6299710831708518,0.9362755719201068
0.5196441549126277,-0.03860031864107172
0.7283490355034223,-0.03717590209204935
0.8351938730605504,-0.4515439280529255
0.587170940395704,-0.10524244582523135
0.7230741850827477,-0.019566361826178547
0.5461885425619118,-0.37725656074667185
0.6299710831708518,-0.06543541770267514
0.7162029298998526,-0.201335644662186
0.5280174033644358,-0.2299687748169511
0.7230741850827477,-0.6324158994885226
0.617824977567282,-0.0392287489730091
0.6855488927282746,-0.40138580464558216
0.628811119294954,-0.435470743279043
0.5196441549126277,-0.7994900770044324
0.5461885425619118,0.06515637905162497
0.6470083465251336,-0.447722582367708
0.617824977567282,-0.6542003106547889
0.5957413185254283,-0.26113317541844694
0.6299710831708518,-0.3367032899439649
0.7343740690973286,-0.6934301300106777
0.609451729115474,1.0384976835006283
0.5348886585473309,-0.6880819134912272
0.6263953556970063,-0.30523315035020915
0.587170940395704,0.4717317903205994
0.5348886585473309,-0.4175212648217403
0.7453862988577041,-0.5590354538928121
0.6470083465251336,-0.522703336318172
0.5390035450921078,0.5685601928699371
0.5461885425619118,1.550132055471357
0.628811119294954,-0.6317862405601116
0.6180221072451982,-0.6058501865445681
0.5348886585473309,-0.32409408293082254
0.7343740690973286,0.3446257801901771
0.6359961167647581,-0.6661706225131035
0.7197786573736981,0.08386565879444774
0.6359961167647581,0.14499965688829775
0.5196441549126277,0.32580350920240886
0.6470083465251336,-0.20236015417678055
0.6359961167647581,-0.631555092769919
0.6263953556970063,0.1494058891997757
0.5957413185254283,2.9163162816658943
0.6526490956454021,-0.2257306319396281
0.6855488927282746,0.3012724344011173
0.7230741850827477,-0.5313757291380415
0.5280174033644358,-0.5722144620131008
0.7283490355034223,0.12175817496324337
0.6180221072451982,-0.4664592873154019
0.6263953556970063,-0.1128151293344154
0.7510270479779726,0.3564040405186992
0.5957413185254283,0.40472396702393
0.6299710831708518,0.03272302389409043
0.7078296814480445,1.2505681001266382
0.7078296814480445,-0.039745367014099475
0.7230741850827477,-0.3613604969637063
0.5348886585473309,-0.2477733966806056
0.7510270479779726,-0.6602991690930287
0.5196441549126277,-0.29063925491280174
0.617824977567282,0.1611712672565283
0.4973633661928578,-0.2676580305507378
0.628811119294954,0.7075872339357053
0.5280174033644358,-0.36615555969615166
0.8351938730605504,-0.41525475400089024
0.5390035450921078,-0.3463634909091644
0.7197786573736981,-0.4448514839029208
0.609451729115474,-0.2226614484868783
0.7271890716275246,-0.7133628952836315
0.6373814974246783,-0.4173682804988804
0.5348886585473309,-0.17832980137464421
0.7343740690973286,-0.8208703060699215
0.6526490956454021,-0.06056412617779727
0.7271890716275246,-0.24096311377284907
0.8181566097062686,-0.49587827439349047
0.5957413185254283,0.1108091848393501
0.6445664948944824,0.6502019047259854
0.4973633661928578,-0.0338008741126552
0.6373814974246783,-0.4491041284103895
0.5461885425619118,-0.3303810343286538
0.5390035450921078,-0.6233813022027533
0.7271890716275246,0.44707003076374263
0.6373814974246783,0.6061913135068129
0.7197786573736981,0.8534385749009806
0.6263953556970063,0.15022126993327578
0.5280174033644358,-0.0754586169260264
0.8181566097062686,-0.027612791147020865
0.5390035450921078,-0.171559358158124
0.5280174033644358,-0.7525624362954257
0.6855488927282746,-0.37048198133036475
0.8181566097062686,-0.20315769075249568
0.7230741850827477,-0.5645895674866669
0.7230741850827477,-0.8556290261285908
0.7162029298998526,-0.28901449120797684
0.7453862988577041,-0.4219393817394147
0.6526490956454021,-0.4864252478202241
0.6180221072451982,-0.5622831893248896
0.6332666108799014,-0.26198895738366645
0.6180221072451982,-0.10056313287606056
0.8351938730605504,-0.2818012374029809
0.5390035450921078,-0.34158321726519103
0.5461885425619118,-0.262080775334678
0.5196441549126277,-0.13777375897477923
0.7510270479779726,-0.566178769376717
0.6470083465251336,-0.21837862188615187
0.6180221072451982,0.34244232072003955
0.7078296814480445,0.6679484524787336
0.7343740690973286,0.14420598973275833
0.7453862988577041,-0.2528262394746018
0.6299710831708518,-0.1341984696112406
0.8408346221808188,0.6411095656022358
0.6470083465251336,-0.41998959351805937
0.6470083465251336,-0.6182766823801565
0.609451729115474,-0.5407731336634296
0.5196441549126277,0.30850675261984417
0.7424566698482483,-0.1668578087305712
0.6263953556970063,-0.7372651306000528
0.7343740690973286,0.2468133697557786
0.609451729115474,0.06534067850107994
0.6855488927282746,-0.2882704037274035
0.5196441549126277,-0.22992830199546332
0.5280174033644358,-0.42309763482136953
0.6359961167647581,0.9452244856316463
0.6526490956454021,-0.3663091735011279
0.5957413185254283,-0.7058130255468896
0.5348886585473309,-0.3387521360119228
0.8351938730605504,-0.22070929046390797
0.6470083465251336,-0.07895386473287236
0.7271890716275246,0.041566847235817495
0.8181566097062686,0.29590344544492975
0.5196441549126277,-0.3204359829595892
0.5196441549126277,-0.33026133757456294
0.6299710831708518,-0.2307557979368376
0.6445664948944824,-0.41177966976547975
0.7271890716275246,-0.952378088480609
0.5348886585473309,0.19576728985380676
0.6470083465251336,-0.5474459475168482
0.6263953556970063,-0.33813200218902917
0.4973633661928578,0.5326171286491204
0.7271890716275246,-0.3617751440818792
0.5280174033644358,-0.20884603889179487
0.8351938730605504,0.022332186215826333
0.609451729115474,-0.5344863817500175
0.5280174033644358,-0.33733778931314706
0.7078296814480445,-0.5193107017462572
0.8351938730605504,-0.22783015096342207
0.6332666108799014,0.7582554121733227
0.7283490355034223,-0.04747364630202067
0.7283490355034223,1.976753151144804
0.4973633661928578,-0.26700041755127435
0.6299710831708518,-0.30999073611369865
0.6246962327501772,0.021845176108457598
0.7343740690973286,-0.41709768531076785
0.7424566698482483,-0.18890264590682238
0.6526490956454021,-0.19842404604772051
0.5461885425619118,-0.4591069430378076
0.7510270479779726,-0.519590062445521
0.6445664948944824,0.9724009989596073
0.5957413185254283,0.6078105772280118
0.5280174033644358,0.43314917505721917
0.6470083465251336,-0.7285926585268
0.609451729115474,1.2705162627360234
0.6263953556970063,0.11977980631070295
0.8351938730605504,-0.3759901029148497
0.6526490956454021,-0.48371458011503743
0.8351938730605504,-0.6483162940473719
0.7271890716275246,-0.9775896176220489
0.5390035450921078,-0.6622041417686703
0.7162029298998526,1.1071596421483405
0.7283490355034223,-0.31532166021826785
0.617824977567282,0.6189962801185985
0.7162029298998526,-0.611240483460394
0.6470083465251336,0.3829284488576413
0.7510270479779726,0.46608428660345225
0.5196441549126277,-0.8692389367419402
0.7283490355034223,0.5347722145722511
0.5348886585473309,-0.5261056424031952
0.6470083465251336,1.7677459741502428
0.8408346221808188,0.7082831233357753
0.7078296814480445,-0.04918916664285855
0.587170940395704,0.5735617293145431
0.7162029298998526,-0.19384982359865333
0.6445664948944824,1.1244527475108246
0.8181566097062686,-0.414545953366673
0.609451729115474,0.4474318693835819
0.5348886585473309,-0.23544932436263372
0.5957413185254283,0.41565357193251273
0.5196441549126277,-0.1837157804429107
0.6470083465251336,-0.5896736482236775
0.5348886585473309,0.4875287793858927
0.6299710831708518,1.1709473147236937
0.5390035450921078,0.49450394658340824
0.6263953556970063,-0.4650380205883753
0.6445664948944824,0.17729856188546977
0.6299710831708518,-0.37167044869070326
0.587170940395704,0.2981163534457649
0.5348886585473309,0.6120730940220249
0.7078296814480445,-0.07494819025345778
0.7343740690973286,-0.312098649344587
0.6526490956454021,0.5956430650877869
0.8408346221808188,1.2255375739480519
0.6526490956454021,1.4661093805187924
0.5390035450921078,0.17971644593478453
0.6332666108799014,-0.4175976448047712
0.628811119294954,0.465358481902186
0.7510270479779726,0.08891170044671004
0.6373814974246783,1.4406139992358447
0.6299710831708518,0.06462344946804521
0.6246962327501772,1.3147969860596667
0.5196441549126277,1.172413204087099
0.7271890716275246,-0.6586569729503703
0.609451729115474,-0.293396143972317
0.6526490956454021,-0.5270075965429282
0.6445664948944824,0.6931224037475975
0.7510270479779726,0.8041745277749526
0.7424566698482483,0.7755613258854585
0.6526490956454021,-0.5459987322140266
0.7162029298998526,-0.03408145970152998
0.7230741850827477,0.7884642642513183
0.6332666108799014,-0.7285127827328642
0.5461885425619118,-0.11286367996920071
0.6299710831708518,-0.2928861771004291
0.5390035450921078,0.40181502482267106
0.4973633661928578,0.17412443437621072
0.5280174033644358,0.5690595405982517
0.5280174033644358,0.13636207645085552
0.7453862988577041,-0.43679970642057864
0.5280174033644358,-0.2616804251997885
0.5196441549126277,-0.5122934377450142
0.6373814974246783,-0.34137886207859675
0.5390035450921078,-0.1986869930516541
0.6263953556970063,-0.34371253367641186
0.587170940395704,-0.12895400208070806
0.8181566097062686,-0.17889423652673886
0.6180221072451982,-0.3841617070538883
0.7510270479779726,-0.6199194904665364
0.6180221072451982,0.8956154672741071
0.7368159207279799,-0.2574662273215197
0.8181566097062686,0.0835162802160877
0.617824977567282,0.13331541273718206
0.7271890716275246,-0.29694901284933994
0.7197786573736981,-0.8712593215486486
0.7197786573736981,-0.8013867312607919
0.4973633661928578,-0.12361069039071726
0.7453862988577041,0.18129197521749996
0.5280174033644358,-0.51448794067468
0.6299710831708518,0.6750004992501784
0.6332666108799014,0.21385511971044036
0.7510270479779726,-0.37610534333856005
0.6526490956454021,-0.6231186433253524
0.5957413185254283,0.4500633718901361
0.609451729115474,0.01939743471666755
0.5957413185254283,-0.2527930964364441
0.7271890716275246,0.48373635709402973
0.7453862988577041,-0.38547205709984755
0.6263953556970063,0.10444661477208683
0.7271890716275246,0.1553499042482045
0.4973633661928578,0.8571947868582539
0.7197786573736981,0.8697637454429977
0.7197786573736981,0.4102281262641717
0.7078296814480445,0.7208251940619304
0.7197786573736981,0.36805808304026255
0.5957413185254283,0.7397350036778141
0.4973633661928578,-0.5811720228260593
0.7510270479779726,0.28153172363719703
0.7453862988577041,0.2531803253065096
0.7424566698482483,0.8457700473268411
0.628811119294954,0.12859257389162781
0.6470083465251336,-0.2834686887513883
0.5390035450921078,0.33698922160028644
0.5461885425619118,-0.23069037483537308
0.6332666108799014,0.47704194235996433
0.7343740690973286,-0.8770261288406094
0.6263953556970063,-0.0515860334290037
0.7162029298998526,0.748354009250448
0.8351938730605504,1.231155526817881
0.7510270479779726,-0.5327264046346346
0.7453862988577041,-0.015537970817222968
0.6373814974246783,0.6037030573718145
0.6180221072451982,-0.5058858289979492
0.5461885425619118,-0.3182717612623109
0.609451729115474,-0.4259792515528861
0.5390035450921078,-0.6178384407969835
0.8351938730605504,-1.4766793970984504
0.7162029298998526,0.6806777231739497
0.5390035450921078,-0.3671350146561057
0.6359961167647581,0.3556127889573285
0.6526490956454021,-0.31191758547882986
0.5348886585473309,-0.7000846976973273
0.5348886585473309,0.001919282367447539
0.4973633661928578,-1.0179996238708722
0.6299710831708518,-0.3906146340532893
0.5957413185254283,-0.11340671668175223
0.6180221072451982,-0.30800957574362814
0.5461885425619118,0.029638557660263132
0.609451729115474,-0.9794907182952917
0.7197786573736981,1.8608656187292372
0.5390035450921078,-0.3160932209794345
0.5196441549126277,-0.3087086596019397
0.5390035450921078,-0.48741558408794267
0.7197786573736981,-0.43889433739061356
0.7162029298998526,-0.19677969176918975
0.5461885425619118,0.0015958727564732156
0.5390035450921078,-0.008462533136123773
0.6180221072451982,-0.1862955365390121
0.7271890716275246,-0.4963781101922294
0.6263953556970063,-0.0069908447906502635
0.7453862988577041,-0.5448487486256914
0.6359961167647581,-0.1624760524302768
0.7271890716275246,-0.16884780986092973
0.7283490355034223,-0.9268898562813199
0.6180221072451982,0.7077116768832213
0.8351938730605504,0.24710531083744902
0.6299710831708518,-0.6019250751224124
0.7424566698482483,-0.6314612402085497
0.7368159207279799,0.9587744766332889
0.4973633661928578,1.6951792567690727
0.587170940395704,-0.004448633310474848
0.6180221072451982,-0.47028914841700753
0.6246962327501772,0.12236894215410132
0.6470083465251336,-0.45249269089779404
0.4973633661928578,0.3707443451647844
0.7283490355034223,0.20691982699737832
0.7343740690973286,-0.49400658501936673
0.5390035450921078,0.23809137014488801
0.6470083465251336,-0.48065527674717246
0.7368159207279799,0.8958692676141307
0.6180221072451982,0.24698695122922265
0.7368159207279799,0.3889577030833833
0.6299710831708518,-0.153745040853566
0.5196441549126277,-0.5797304154065266
0.7510270479779726,-0.2517513080692744
0.5280174033644358,0.5883537588906087
0.5348886585473309,0.2745461289530037
0.6246962327501772,0.4888837785831671
0.7230741850827477,-0.2651375702820642
0.5280174033644358,-0.2891498841063847
0.6180221072451982,1.4756891239079493
0.5390035450921078,-0.6200269585004579
0.5280174033644358,0.5652712733333367
0.6299710831708518,-0.35603366214432974
0.609451729115474,-0.7406358216629668
0.5196441549126277,-0.6015152747393154
0.617824977567282,0.11581792029042104
0.6526490956454021,-0.15213202288574001
0.6470083465251336,-0.30861552683346144
0.5196441549126277,0.3616837174705879
0.5390035450921078,-0.3750596613421045
0.5196441549126277,0.37422050183261735
0.7510270479779726,-1.0378051291530137
0.8408346221808188,-0.08112144595061532
0.7453862988577041,-0.33718859440203963
0.7230741850827477,0.4949813899028278
0.7510270479779726,-0.6466346908366816
0.7230741850827477,-0.0965940827649715
0.5390035450921078,-0.17876909370751642
0.5280174033644358,0.03686074261647987
0.6526490956454021,0.5031706890019274
0.6359961167647581,0.6198930457972678
0.6332666108799014,0.40506687118269324
0.6246962327501772,0.6786187211539417
0.609451729115474,0.37876397676016627
0.4973633661928578,0.039622105458229306
0.6526490956454021,-0.10473580127549886
0.587170940395704,-0.3769631767858713
0.7230741850827477,-0.5685538592973497
0.7510270479779726,0.5350222191542775
0.6180221072451982,0.45768846089355886
0.587170940395704,0.5462053501527929
0.628811119294954,1.2576433253918515
0.5390035450921078,-0.3848736654566153
0.5196441549126277,0.8826784154202131
0.7453862988577041,-0.8141668715243756
0.5196441549126277,-0.1519225209458555
0.7283490355034223,0.15044890390223453
0.587170940395704,-0.308639457173241
0.6299710831708518,0.010711169549671773
0.5390035450921078,0.16216666472400987
0.7510270479779726,0.6125974577731521
0.8408346221808188,-0.030341034618853402
0.6263953556970063,-0.34263011904170765
0.7510270479779726,-0.004796930395416066
0.7453862988577041,-0.16493900133634143
0.6855488927282746,-0.24055670814482533
0.7197786573736981,0.038949781741953515
0.5957413185254283,-0.2628759359313439
0.8408346221808188,-0.8985660707623433
0.5957413185254283,-0.27578297445704386
0.4973633661928578,-0.31263562326071115
0.7230741850827477,-0.390318847583075
0.6180221072451982,-0.05265153844204362
0.5957413185254283,-0.25042247167554255
0.4973633661928578,0.2387409039491487
0.609451729115474,-0.29116732142162455
0.5461885425619118,-0.12342727907104784
0.6299710831708518,1.2314336735633407
0.7078296814480445,-0.6686953181826578
0.8181566097062686,-0.1871764711200412
0.6246962327501772,0.38436498391509966
0.7343740690973286,-0.008491147823491252
0.5461885425619118,1.0112901064058306
0.5957413185254283,0.1735815485569977
0.8408346221808188,0.006343559611755145
0.8181566097062686,-0.4174027822724941
0.7078296814480445,-0.07273320681976225
0.7078296814480445,-0.673420138784564
0.6263953556970063,-0.15540490102368704
0.609451729115474,0.002240843332916964
0.7343740690973286,-0.41922331407630864
0.6332666108799014,0.10793136534751846
0.7424566698482483,0.06267878912856262
0.7453862988577041,-0.29979768011242214
0.4973633661928578,1.4088803258080094
0.7271890716275246,-0.9597724128930298
0.5196441549126277,-0.43376503535806016
0.5461885425619118,0.20463534249482884
0.7078296814480445,-0.07284777437547418
0.6299710831708518,1.07534455705635
0.8408346221808188,1.0941937776671686
0.6263953556970063,-0.22313587821717967
0.7230741850827477,-0.02044906246195899
0.7271890716275246,-0.5020352223203213
0.6332666108799014,-0.16650874341198768
0.7453862988577041,0.17832793054488216
0.8408346221808188,-0.7950964439205311
0.6526490956454021,-0.4240094754168461
0.7453862988577041,0.7922976408983168
0.5957413185254283,-0.4053318902533043
0.7424566698482483,0.18998131067415824
0.7078296814480445,0.6233120000602201
0.5390035450921078,0.04844261738942446
0.6263953556970063,0.23455533632220604
0.7453862988577041,-0.4730610410228853
0.7510270479779726,0.05958885217957233
0.6299710831708518,0.06859250214756207
0.6359961167647581,0.7270179745636083
0.7283490355034223,-0.40695287394427004
0.5196441549126277,0.07443522479418074
0.5390035450921078,-0.10965805663032052
0.5280174033644358,-0.02797644561398005
0.7162029298998526,-1.0339010090952265
0.609451729115474,0.7704123268359455
0.8351938730605504,0.6877766089635484
0.6855488927282746,-0.3622941232361185
0.6332666108799014,0.022330819690132953
0.4973633661928578,0.6443118602056122
0.5957413185254283,-0.8099613035630351
0.4973633661928578,1.2467298370566258
0.609451729115474,-0.20490837902082615
0.587170940395704,-0.15054507761123925
0.6470083465251336,-0.5132572155442603
0.6373814974246783,0.44289080377006274
0.7368159207279799,0.2993528596183541
0.6526490956454021,-0.28356599230499163
0.6299710831708518,0.42527761580301404
0.6855488927282746,0.002985364639239485
0.7510270479779726,-0.5470244821012333
0.6373814974246783,-0.3048691622777484
0.6526490956454021,-0.7038072412714187
0.5461885425619118,-0.44361381360674934
0.4973633661928578,-0.08869226942945163
0.587170940395704,0.6759549188069068
0.5957413185254283,1.262424754012624
0.7424566698482483,-0.3038084614762277
0.6180221072451982,0.46960725594808184
0.5196441549126277,-0.5602892900387118
0.6299710831708518,-0.5756449375123708
0.6470083465251336,-0.7255233383956433
0.7197786573736981,-0.25569470240511555
0.7230741850827477,-0.7613278139934928
0.7078296814480445,0.3993249175749014
0.5348886585473309,0.06817849607791238
0.5390035450921078,-0.6980460537556559
0.6359961167647581,-0.09857335369570741
0.6263953556970063,-0.06568976181592845
0.8181566097062686,-0.6761064178051348
0.6263953556970063,1.0034811386342393
0.6299710831708518,-0.11280617519544878
0.7078296814480445,0.14955243293163467
0.7283490355034223,0.8889642049685458
0.6470083465251336,0.24493739633887346
0.8351938730605504,-0.4771149651383177
0.7283490355034223,1.1178291879425937
0.7283490355034223,0.03786443556767194
0.5390035450921078,-0.19632141554477173
0.8181566097062686,-0.8702584413977634
0.628811119294954,1.23559706621542
0.4973633661928578,-0.24701492654615909
0.7197786573736981,0.47415187167228334
0.7368159207279799,0.6769531063073744
0.5461885425619118,-0.5021646715417092
0.5196441549126277,-0.7512185208787581
0.8351938730605504,0.5334098015528288
0.7283490355034223,-0.4227681321041733
0.7271890716275246,-1.0174773372419046
0.6180221072451982,-0.0734391482088741
0.7230741850827477,0.5812377236899734
0.7078296814480445,-0.15712283196102972
0.6526490956454021,0.2693627991190263
0.7271890716275246,1.852133115467487
0.7510270479779726,0.11585576895355987
0.7283490355034223,-0.3639455339546914
0.5280174033644358,0.1826344721517884
0.6180221072451982,-0.021851574276397057
0.6373814974246783,-0.17724917966732517
0.7283490355034223,-0.6512123616383136
0.7453862988577041,0.5393827384043414
0.6470083465251336,-0.8226604337709623
0.5390035450921078,-0.12725024915130656
0.7343740690973286,-0.2962554700394986
0.5280174033644358,-0.27229994931335694
0.6180221072451982,0.6687031301284901
0.5280174033644358,-0.7632432778662123
0.6445664948944824,0.5555307491515181
0.5390035450921078,0.11358931345220424
0.6470083465251336,-0.23041709745295091
0.7510270479779726,1.092836975642568
0.6526490956454021,-0.4051966151074186
0.8408346221808188,-0.7645794783020543
0.7271890716275246,-0.23971733943884588
0.628811119294954,0.48895119815231347
0.628811119294954,0.025772452171496263
0.7343740690973286,1.2185628769512176
0.7271890716275246,0.07405787939386732
0.7368159207279799,-0.27424522240223315
0.7283490355034223,-0.6471361205211948
0.7078296814480445,0.4244196194648817
0.6180221072451982,-0.32999856810405664
0.7271890716275246,0.39942880720163865
0.8351938730605504,0.2893534105919655
0.7368159207279799,2.7241014792103257
0.6359961167647581,0.12075533615822287
0.6445664948944824,0.553539422851904
0.6299710831708518,-1.093805461439453
0.8181566097062686,0.3180823659198756
0.617824977567282,0.5274883103556341
0.8351938730605504,1.3160290569107147
0.6332666108799014,-0.10862199077372359
0.6180221072451982,0.14703025324514318
0.6332666108799014,-0.10899179432404937
0.8408346221808188,-0.45286839702013654
0.6299710831708518,0.15429874898402085
0.5280174033644358,-0.3720606982627104
0.8181566097062686,0.6272772474461242
0.6359961167647581,0.1322085814220504
0.6526490956454021,-0.30149009659745274
0.7162029298998526,0.19642401850857505
0.5348886585473309,-0.5541589435633588
0.609451729115474,1.723188926209571
0.8408346221808188,-1.3377520810942731
0.8181566097062686,-0.9794932971419255
0.6246962327501772,-0.04011464306917312
0.7510270479779726,0.40933359168586714
0.6526490956454021,-0.3276519467284604
0.4973633661928578,-0.0003339337297019185
0.5461885425619118,-0.6551448486779472
0.5280174033644358,-0.231554916837253
0.5280174033644358,0.17901290901075362
0.7343740690973286,0.18211132383304862
0.5390035450921078,0.10585650225961296
0.617824977567282,-0.19573785048916187
0.5196441549126277,0.90297478248333
0.6855488927282746,-0.6917337797718878
0.4973633661928578,-0.25669098641012883
0.7162029298998526,-0.23841027651475027
0.6263953556970063,-0.10178535450181336
0.8181566097062686,-0.4775953161215918
0.8181566097062686,-0.8627858425693192
0.6299710831708518,0.08430240705442027
0.7343740690973286,-0.3386101995512036
0.8351938730605504,0.6763083800130134
0.5461885425619118,0.3996988160812396
0.6263953556970063,1.044015466130628
0.6263953556970063,0.13067532879257604
0.6373814974246783,1.149549902081893
0.7271890716275246,-0.24756164998006147
0.7078296814480445,-0.7641628123984643
0.587170940395704,-0.2199890383712173
0.5957413185254283,0.4890495934504684
0.5390035450921078,0.23808557739109804
0.7453862988577041,-0.3459545549162365
0.8181566097062686,-0.7125280299807403
0.6180221072451982,0.29471989534223886
0.7510270479779726,-0.30671084629781686
0.7510270479779726,0.10068834074016797
0.7078296814480445,-0.05759736098929624
0.5461885425619118,1.1853498806937197
0.6470083465251336,0.752657590268199
0.6299710831708518,-0.12671300112204886
0.6180221072451982,0.58803663000674
0.5196441549126277,-0.3320905591521408
0.8408346221808188,-0.9192133317339253
0.7510270479779726,-0.5301281740979248
0.8408346221808188,-0.05630291164886225
0.7510270479779726,-0.40039897959673404
0.7283490355034223,0.7234665278139145
0.7162029298998526,-0.9207626110181318
0.6373814974246783,-0.6458862606142877
0.7343740690973286,0.31046606586593617
0.5390035450921078,-0.41273563027281923
0.587170940395704,-0.100893943583925
0.5348886585473309,-0.37142403137302493
0.8351938730605504,-0.6029365387170572
0.8181566097062686,-0.5325209296545141
0.7368159207279799,-0.42193014721230565
0.6299710831708518,0.7338496010663413
0.5957413185254283,-0.0025744860627071597
0.4973633661928578,0.07245573331604138
0.7368159207279799,0.528468807990693
0.7230741850827477,-0.27728826404033197
0.6470083465251336,0.816854672015301
0.7343740690973286,-0.12303940306477223
0.6470083465251336,0.16239844319793506
0.6359961167647581,0.2107851244755483
0.6526490956454021,-0.6662053681227219
0.6332666108799014,0.42622761269134934
0.6373814974246783,-0.2636977075259945
0.5957413185254283,-0.7416571975855565
0.4973633661928578,-0.3296669878415832
0.8181566097062686,-0.4685354855447216
0.6299710831708518,-0.3150361174626734
0.6180221072451982,1.306158878506015
0.5461885425619118,-0.3713436162471394
0.5280174033644358,-0.28123373460207557
0.6373814974246783,-0.23646632458249478
0.5957413185254283,0.7632712816816101
0.4973633661928578,-0.710955923794974
0.7424566698482483,-0.43398216600281686
0.6526490956454021,1.1429058117732747
0.6445664948944824,0.5199859259470393
0.7510270479779726,0.4326161021979109
0.5196441549126277,0.5113402231425944
0.7271890716275246,-0.44381386039164766
0.6299710831708518,-0.24734119201591587
0.6359961167647581,0.5722822054990366
0.5461885425619118,0.491334451767628
0.7078296814480445,-0.080235402992897
0.6299710831708518,-0.6223726247115017
0.5196441549126277,-0.6353569599192918
0.5196441549126277,1.0237230124634538
0.8408346221808188,-0.022541401723603638
0.7283490355034223,0.37752717356754517
0.6470083465251336,-0.23712707070413735
0.7368159207279799,0.5411576028569827
0.5390035450921078,-0.16156877524939955
0.6373814974246783,0.7538812010449532
0.6526490956454021,-0.5068958328094402
0.6332666108799014,0.04245970373679442
0.5196441549126277,-0.33455459924005604
0.5280174033644358,0.6836274851152395
0.5348886585473309,0.17518048456743773
0.6470083465251336,-0.5459183565953034
0.7162029298998526,0.7151670621879186
0.7510270479779726,-0.5993600785750569
0.6526490956454021,-0.3431688882421054
0.8351938730605504,-0.9775231682591223
0.7078296814480445,-0.5224556216134597
0.7197786573736981,1.1085599943637394
0.609451729115474,0.3977614249638981
0.7162029298998526,0.15773484446401576
0.6470083465251336,-0.8807958442036871
0.7368159207279799,-0.33037322395179747
0.5196441549126277,-0.4475061146606807
0.5461885425619118,-0.5360508035280878
0.5196441549126277,-0.17770311378601578
0.5348886585473309,-0.3146226032570997
0.6299710831708518,-0.4267876563321232
0.8181566097062686,-0.12663154406519672
0.8181566097062686,-0.5798282927134623
0.7197786573736981,-0.15376946515631518
0.6526490956454021,-0.33316571297966985
0.7424566698482483,-0.5345640246482765
0.6470083465251336,-0.7578108652514435
0.7162029298998526,-0.720726646494331
0.7230741850827477,-0.47373663173922737
0.7230741850827477,-0.6794093233634865
0.6470083465251336,-0.49860015183308126
0.8351938730605504,0.7069480131621109
0.7283490355034223,-0.2796155836048898
0.7368159207279799,-0.45832667310924435
0.4973633661928578,0.45097305363902596
0.7343740690973286,-0.3990045116292873
0.5280174033644358,-0.48809097774296073
0.8351938730605504,0.1982590795750483
0.6299710831708518,0.7506916751995998
0.7343740690973286,1.2844853147071027
0.8181566097062686,0.5606151524751993
0.6299710831708518,-0.4203512059266964
0.7510270479779726,-0.2837166046070731
0.6470083465251336,0.8761515054464614
0.7230741850827477,-0.05146739183159654
0.4973633661928578,-0.3325331447992079
0.7230741850827477,-0.6941379066659349
0.6263953556970063,0.8506008787293713
0.5390035450921078,0.8565456575588963
0.6445664948944824,1.4822140513894997
0.5196441549126277,0.7805789780475575
0.5461885425619118,-0.30874697676539126
0.5280174033644358,-0.14790743727050448
0.5348886585473309,-0.5811018260182969
0.6470083465251336,-0.4212700045890515
0.6263953556970063,-0.6284452553068862
0.6470083465251336,-0.3526145481837092
0.6332666108799014,-0.25860296812683436
0.4973633661928578,0.6255059605424755
0.609451729115474,-0.550241094737756
0.6470083465251336,0.1370510387272893
0.617824977567282,-0.29297097197500793
0.7230741850827477,-0.580729493922669
0.7453862988577041,-0.12373205878311755
0.5280174033644358,-0.06664876104001755
0.5957413185254283,-0.6583006794799192
0.6299710831708518,0.890531085502837
0.6470083465251336,-0.1705282350193621
0.6526490956454021,-0.5319909969348239
0.5280174033644358,0.18225268982391296
0.6373814974246783,0.33269277759161897
0.7271890716275246,-0.28220323126647123
0.7510270479779726,0.8667555703517067
0.8408346221808188,-0.9032894490629625
0.7197786573736981,1.11300835324908
0.7424566698482483,0.12297865070277392
0.5957413185254283,-0.05375981900768356
0.609451729115474,0.9311896711239895
0.5957413185254283,0.17986210096607558
0.6359961167647581,0.17873300778732326
0.4973633661928578,0.24836227008836242
0.5196441549126277,0.06106418431040794
0.6332666108799014,0.004043811470352376
0.7453862988577041,0.0546344920545353
0.6470083465251336,0.22799048877311467
0.7283490355034223,0.8539372449238452
0.6526490956454021,-0.6416329962916337
0.587170940395704,0.012345604138969901
0.5957413185254283,0.6119918567351659
0.8408346221808188,0.04311153840437254
0.7197786573736981,0.7264435181425907
0.6332666108799014,-0.12034837814817112
0.7343740690973286,-0.837218530453943
0.7230741850827477,-0.6697953481907897
0.7162029298998526,-0.9672225587792245
0.6246962327501772,-0.030186606570861363
0.5957413185254283,0.15617596529410493
0.6332666108799014,0.7865733277300451
0.7368159207279799,-0.334107742794388
0.8181566097062686,0.40092972762443
0.6470083465251336,1.8255102370458713
0.5390035450921078,-0.6876236302350107
0.7453862988577041,-0.7684395958153992
0.5390035450921078,-0.10443242334894443
0.7510270479779726,0.3858988438228368
0.6526490956454021,-0.4362479030331995
0.5957413185254283,0.3127201243070816
0.6373814974246783,0.5425938576239289
0.5196441549126277,-0.19709264930881837
0.628811119294954,0.4370178542838844
0.6470083465251336,-0.37510952688875027
0.6526490956454021,0.14283023469814926
0.5280174033644358,-0.4001103225453797
0.609451729115474,0.11275442004642056
0.6526490956454021,-0.5590466459091692
0.5957413185254283,0.672968899657806
0.6526490956454021,0.19404852749693458
0.6526490956454021,-0.7243209452470812
0.5348886585473309,-0.03820548951789132
0.5196441549126277,0.896874563616827
0.6332666108799014,0.7881948740757894
0.6180221072451982,-0.5890955436589951
0.5196441549126277,0.14844303057950015
0.7283490355034223,-0.5413653632412033
0.7283490355034223,1.2179381281876582
0.5390035450921078,0.20784329972355886
0.6299710831708518,-0.45039412267158785
0.7424566698482483,0.4507369876565891
0.8351938730605504,-0.05737724318851334
0.7271890716275246,0.9309558205624876
0.628811119294954,0.03373983409230996
0.7510270479779726,-0.21165233541480366
0.5280174033644358,-0.6166465609830413
0.8408346221808188,0.7905251214296732
0.617824977567282,0.4555322361926014
0.7271890716275246,0.8118759031899568
0.7283490355034223,0.5887351090769521
0.7343740690973286,-0.23650111008264435
0.7197786573736981,1.8729751562980628
0.5196441549126277,-0.7291349555895834
0.8408346221808188,-0.623551167740613
0.6263953556970063,-0.0069908447906502635
0.617824977567282,0.9006941009750472
0.7424566698482483,-0.6732150692770459
0.6246962327501772,1.8203900214467517
0.7197786573736981,-0.20965483979134447
0.8408346221808188,0.7404809789643404
0.7368159207279799,0.8796827259508067
0.7368159207279799,-0.7250764981846851
0.7283490355034223,0.005955779266432648
0.7283490355034223,-0.3373179315724501
0.8351938730605504,-1.1720843971580162
0.7368159207279799,1.1220069107912698
0.8181566097062686,-0.2998111310591769
0.8408346221808188,1.2625915010065105
0.5348886585473309,0.08536933760146026
0.6180221072451982,-0.7310324752084576
0.6180221072451982,-0.4503270818820074
0.7271890716275246,0.04688949852517432
0.7343740690973286,0.4066366668447765
0.6332666108799014,0.9747956157321978
0.6263953556970063,-0.8568276555166369
0.6299710831708518,-0.2548269790560375
0.4973633661928578,1.3851044987337153
0.6332666108799014,-0.4765069944330181
0.7510270479779726,-0.5212752989694573
0.7230741850827477,0.2539251180289358
0.6180221072451982,0.06882854170135955
0.6445664948944824,0.40982389418312104
0.6855488927282746,0.5272715455949982
0.6299710831708518,0.9524878268685226
0.7271890716275246,0.7046055478529839
0.6359961167647581,-0.064529344260151
0.587170940395704,-0.46834009830998835
0.7162029298998526,0.09289957262043225
0.8181566097062686,0.8122377151382131
0.5957413185254283,-0.08224594172291544
0.8351938730605504,-0.28385026257999746
0.7283490355034223,-0.04978725666029493
0.6445664948944824,-0.5364898812545305
0.5196441549126277,-0.44755235672849014
0.6470083465251336,0.5858704936386031
0.6855488927282746,0.7681813116723238
0.7453862988577041,-0.6723186605214111
0.6855488927282746,0.6670550409819099
0.6180221072451982,-0.37282779093410073
0.5461885425619118,0.40825979911446686
0.6373814974246783,-0.05693677429320354
0.6373814974246783,-0.24623602773957703
0.6332666108799014,-0.6275117021785847
0.609451729115474,1.0774938898173092
0.5390035450921078,-0.39266060939802705
0.5196441549126277,-0.719858721076836
0.5390035450921078,1.0487306156529501
0.7424566698482483,-0.46016783985446913
0.7424566698482483,1.3337865250690975
0.617824977567282,-0.22523689023070448
0.5461885425619118,-1.0013863214022005
0.6332666108799014,0.6049222116639972
0.5390035450921078,0.07385105488435295
0.6180221072451982,-0.024338695713672864
0.5280174033644358,-0.3544616542402809
0.6445664948944824,-0.42131766912197954
0.5957413185254283,-0.056705451906754356
0.8408346221808188,-0.5504540439747723
0.7510270479779726,-0.6024857571133801
0.6359961167647581,-0.5287639237795458
0.6332666108799014,0.7419044146856975
0.7453862988577041,-0.02798767619324627
0.6373814974246783,0.017881608281743677
0.6526490956454021,-0.7531754259444532
0.7453862988577041,-0.6111759118251459
0.7343740690973286,0.5250080870289491
0.5348886585473309,0.7001191297722344
0.5957413185254283,-0.21612639940700423
0.6445664948944824,0.5044555346094842
0.5280174033644358,-0.32017154740684856
0.6373814974246783,-0.7491076754324903
0.6299710831708518,-0.23452735510667316
0.6470083465251336,0.5568715634859901
0.8181566097062686,0.572635695478194
0.7197786573736981,-0.2332485950184333
0.4973633661928578,0.8285125081178524
0.6526490956454021,-0.8460665043500954
0.5390035450921078,0.03146406256774992
0.7197786573736981,0.6465745948601717
0.587170940395704,-0.5477236183062753
0.7424566698482483,-1.2537123861053594
0.5957413185254283,0.824580872962563
0.7453862988577041,-0.7648121651782128
0.6246962327501772,0.4007580580336342
0.8181566097062686,0.16684249985866728
0.6299710831708518,0.2805891004308837
0.8408346221808188,0.2978132078345833
0.7230741850827477,-0.6466247562792872
0.7078296814480445,-0.5948052388284846
0.6526490956454021,-0.12100212836135671
0.609451729115474,-0.1328073237080563
0.7453862988577041,1.2553510472727818
0.6373814974246783,-0.16017543061622175
0.6246962327501772,-0.8487904858396924
0.5348886585473309,0.2747291412719073
0.7424566698482483,-0.07369147887607697
0.6299710831708518,1.708402368025963
0.6470083465251336,-0.42069255211971734
0.7230741850827477,1.0713037197193076
0.7283490355034223,-0.43591198589477376
0.6246962327501772,0.316488652369429
0.7283490355034223,-0.5527595046995022
0.6246962327501772,-1.094532995905412
0.8351938730605504,-0.7412941420169626
0.6299710831708518,-0.5457341681653117
0.6180221072451982,-0.4172283829876006
0.8181566097062686,1.2685512432752857
0.609451729115474,0.8923298342516965
0.7453862988577041,-0.7599296424635092
0.5280174033644358,-0.3475201763151141
0.6263953556970063,-0.028337729280897506
0.6470083465251336,0.46519864728519733
0.7368159207279799,0.13908097495251948
0.5390035450921078,-0.09907839685712316
0.7230741850827477,-0.8362604645374956
0.5957413185254283,-0.2978156166530278
0.7271890716275246,0.06012936768797428
0.587170940395704,-0.4924806799743821
0.5196441549126277,0.44709874970559316
0.8181566097062686,-0.5762898369741912
0.7078296814480445,1.5295879780174726
0.6263953556970063,0.4769144158374701
0.6526490956454021,-0.5022230866573595
0.7510270479779726,1.146523604157381
0.6373814974246783,-0.405339732905657
0.6470083465251336,0.22782214552735247
0.6359961167647581,-0.39450456423943203
0.587170940395704,-0.24387383199508622
0.7271890716275246,-1.1603366274255573
0.6526490956454021,0.0175826197618969
0.4973633661928578,-0.113901701401244
0.7271890716275246,0.13273344705775525
0.7424566698482483,0.13415487259808423
0.8351938730605504,-0.4447854162441316
0.7078296814480445,-0.3624683558320806
0.7230741850827477,2.3063788391357005
0.7230741850827477,0.12540316514877903
0.7283490355034223,-0.3833826904668278
0.6470083465251336,0.4863328836591648
0.6526490956454021,-0.5463874661049143
0.8408346221808188,-0.7974883922351772
0.7197786573736981,-0.4361654515439856
0.6373814974246783,-0.11575077949865975
0.8181566097062686,-0.5094251139715138
0.587170940395704,-0.461004036671035
0.6332666108799014,-0.2707310638552079
0.7510270479779726,-0.3968501114734721
0.6263953556970063,0.09202641441093706
0.5461885425619118,-0.4149388134519242
0.7283490355034223,-0.2383045720204695
0.5957413185254283,-0.3170173755716848
0.609451729115474,-0.2931977976115627
0.5348886585473309,-0.7040157267206983
0.5461885425619118,-1.0816470807000502
0.7368159207279799,-0.011180011058350758
0.5348886585473309,-1.044619881384068
0.5348886585473309,0.3762965020512292
0.5957413185254283,-0.34742480173742263
0.5348886585473309,0.7417310890031421
0.5461885425619118,-0.7988172913266824
0.5461885425619118,-0.6134480956851057
0.7271890716275246,-0.4584581940449541
0.6299710831708518,0.4570227721338549
0.7283490355034223,-0.5049612740138263
0.7271890716275246,-0.48425857942455175
0.5280174033644358,-0.4519459244026788
0.5390035450921078,-0.19464952295500615
0.7368159207279799,0.8290230617281376
0.609451729115474,-0.3126124620473484
0.7283490355034223,-0.5376636366921128
0.6180221072451982,0.28237352419048733
0.6373814974246783,-0.06370502585336857
0.6263953556970063,0.04233935053755433
0.8181566097062686,-0.37594532199037917
0.6373814974246783,-0.24654486565116668
0.5280174033644358,0.44313761730380197
0.5348886585473309,0.48098775466686194
0.7197786573736981,-0.23854210430847428
0.6180221072451982,0.06986219864366827
0.5390035450921078,-0.46011778332034137
0.6359961167647581,0.1101904728481532
0.6359961167647581,0.6185719358748134
0.7197786573736981,-0.05656546142715346
0.6470083465251336,0.8045342603744102
0.7197786573736981,0.7071876470077122
0.6332666108799014,-0.2941880593653558
0.5461885425619118,-0.26570103906768167
0.6299710831708518,0.6819158455762628
0.6445664948944824,-0.13512564949312844
0.6299710831708518,-0.3648209336566424
0.8181566097062686,0.6974051881604323
0.6526490956454021,-0.12063750771569104
0.7368159207279799,0.7501267334476047
0.5280174033644358,0.9861543182893449
0.8181566097062686,0.19676094129289556
0.6332666108799014,0.035493610365846084
0.7424566698482483,-0.00449976036603017
0.6299710831708518,-0.41091531547452087
0.587170940395704,0.3010396075273445
0.6470083465251336,-0.5457041666853165
0.7078296814480445,-0.014057196441843
0.5957413185254283,-0.454830123743256
0.7283490355034223,-0.9189720341077092
0.609451729115474,0.4516592260896546
0.5390035450921078,-0.25639617718070473
0.7343740690973286,0.11969851947907761
0.6180221072451982,-0.4158661426203706
0.5348886585473309,-0.4842887044860971
0.5196441549126277,0.735169224338868
0.617824977567282,-0.072772493037216
0.8181566097062686,0.599753756549891
0.7271890716275246,-0.2670417945355085
0.5280174033644358,1.0126356730853738
0.4973633661928578,-0.8060225954308038
0.7368159207279799,0.1145759904307142
0.5348886585473309,0.5091627221994124
0.8181566097062686,-0.42570237714420694
0.8181566097062686,-0.3972360218894536
0.6359961167647581,0.028270918213229246
0.6359961167647581,-0.09011866914063149
0.5957413185254283,-0.351469039181426
0.7283490355034223,0.9929307610649549
0.5348886585473309,0.048342255775381315
0.6299710831708518,-0.30533591474432775
0.617824977567282,-0.7205510774605659
0.6526490956454021,-0.3453202904001432
0.8351938730605504,1.0299337709337346
0.8351938730605504,-0.30097431375652794
0.8408346221808188,0.15654465797716455
0.8181566097062686,-0.1148240269306986
0.8351938730605504,-1.2472013861070037
0.7230741850827477,-0.5431290330317995
0.5461885425619118,-0.0251316571172282
0.6470083465251336,0.4666392105516116
0.7424566698482483,0.7449608520086138
0.6332666108799014,-0.600554920142971
0.5390035450921078,-0.8030075031356112
0.7283490355034223,-0.44966671459290647
0.5280174033644358,-0.8786296199698982
0.7283490355034223,0.4107736151325523
0.6359961167647581,0.3590297113086266
0.7271890716275246,-0.8798675190407035
0.5390035450921078,0.6685685539943744
0.5390035450921078,-0.39172850554592276
0.7271890716275246,-0.29759040147748567
0.6299710831708518,-0.4373368024498527
0.7197786573736981,-0.29708154344371435
0.7230741850827477,0.4795056394988547
0.5461885425619118,-0.09645886042069568
0.7368159207279799,-0.19465431754000384
0.6263953556970063,-0.6917352645261532
0.6263953556970063,-0.359859113745222
0.7230741850827477,0.1544799180502746
0.5461885425619118,-0.03514200319651406
0.5461885425619118,-0.6156720701154932
0.6445664948944824,0.3615296935607263
0.628811119294954,0.5991723578357547
0.7230741850827477,0.35039269099197623
0.628811119294954,-0.18707862917908918
0.5348886585473309,0.3951702554259965
0.8408346221808188,0.3152708335558966
0.6299710831708518,1.4427353535172016
0.7078296814480445,-0.8353022089788974
0.5348886585473309,-0.3457101643713213
0.7230741850827477,1.654152084315283
0.6526490956454021,0.7247918645241294
0.6445664948944824,0.5820918360006521
0.6299710831708518,-0.35698755701135065
0.7368159207279799,-0.31521870428685816
0.7283490355034223,0.3907142323378452
0.7453862988577041,-0.1390336642723876
0.7424566698482483,0.7533728957773861
0.5280174033644358,0.113761374724204
0.6246962327501772,0.08241075473998027
0.6855488927282746,-0.26675586392996053
0.5390035450921078,0.8603577209484246
0.5280174033644358,-0.07014651657557464
0.7283490355034223,-0.678098509609682
0.8181566097062686,-0.8293251463234687
0.6332666108799014,-0.7538990397020147
0.7230741850827477,-0.6369960350806417
0.7510270479779726,0.3879757181320951
0.6299710831708518,0.10323107781181007
0.6470083465251336,0.15094969361959532
0.5348886585473309,-0.4934364945939863
0.5348886585473309,-0.25050815528178744
0.609451729115474,0.4642065828095814
0.6445664948944824,0.572990909515107
0.609451729115474,-0.3210543625414064
0.6445664948944824,-0.11051909579088215
0.6263953556970063,0.9630536020881544
0.7271890716275246,-0.025016839638797528
0.7271890716275246,-0.22836690193036063
0.5348886585473309,-0.12969578748890154
0.7271890716275246,-0.07161925925213297
0.5196441549126277,-0.7224211448290966
0.6470083465251336,-0.7150596970999135
0.6526490956454021,-0.3063993153703364
0.8351938730605504,-0.724814980578985
0.5390035450921078,-0.7797754416966429
0.5280174033644358,-0.1770819790025866
0.6470083465251336,1.1576065201898778
0.7162029298998526,0.3878533798247509
0.7453862988577041,-0.40014009487617924
0.7343740690973286,0.5675932906884307
0.6180221072451982,-0.36013917666423534
0.5957413185254283,-0.7239082684144699
0.7453862988577041,0.9632506401855624
0.6246962327501772,0.483166703105509
0.5280174033644358,0.35408437003915405
0.628811119294954,1.924191240765588
0.8181566097062686,0.711249468324968
0.5390035450921078,-0.8679453467408463
0.6180221072451982,-0.8519219253300183
0.5196441549126277,1.2722526548818927
0.6526490956454021,-0.6340987227188197
0.7162029298998526,0.25865983396286474
0.6373814974246783,-0.3356496370914458
0.6470083465251336,-0.37034996226290035
0.628811119294954,-0.4423918031284505
0.6470083465251336,-0.3189290897723749
0.7197786573736981,1.2775478913488416
0.4973633661928578,-0.0929417356511289
0.8408346221808188,0.946955931310644
0.6855488927282746,0.08041924285223567
0.5280174033644358,-0.5533200319783309
0.6246962327501772,-0.3278272395804002
0.6470083465251336,-0.7969063152940681
0.6855488927282746,-0.20650345164134964
0.6332666108799014,0.02206826026169395
0.5348886585473309,-0.30084868942981147
0.6526490956454021,0.9145981569070161
0.7343740690973286,-0.6156393974951582
0.5280174033644358,-0.2860633245650678
0.617824977567282,-0.005130059352247973
0.6263953556970063,-0.49559887453543083
0.7510270479779726,2.53039488323689
0.7424566698482483,0.6771730668552628
0.7162029298998526,0.9360352621575164
0.609451729115474,-0.41859974344031714
0.7368159207279799,-0.08546673166080054
0.6180221072451982,-0.07663453407757936
0.617824977567282,-0.3244349515209563
0.587170940395704,-0.3524308891566498
0.7424566698482483,-0.07200310247525132
0.7271890716275246,-0.05695408204685526
0.8351938730605504,0.7138760096306624
0.609451729115474,-0.39488283533332097
0.7271890716275246,-0.5462865211449928
0.5390035450921078,-0.787974906255034
0.6445664948944824,0.25379600231146326
0.4973633661928578,0.9919756184757049
0.6263953556970063,-0.08208031517122172
0.6855488927282746,-0.08944381088846554
0.4973633661928578,-0.7848546568663883
0.6470083465251336,1.0717864095999805
0.7271890716275246,-0.553059225440523
0.6332666108799014,0.05082347777232232
0.6180221072451982,0.8229463830518081
0.7424566698482483,-0.6867093344311181
0.6263953556970063,0.8563058336883844
0.6332666108799014,0.2774146170954277
0.609451729115474,-0.32637333735000806
0.5280174033644358,-0.38617493115534807
0.5461885425619118,0.036201643075754575
0.7424566698482483,3.4588973497797313
0.7283490355034223,-0.18584691165284206
0.6332666108799014,0.3032305882942192
0.7197786573736981,-0.6659711961433631
0.5461885425619118,0.3640829499811912
0.7162029298998526,-0.5152523099838353
0.617824977567282,-0.4261607827796291
0.4973633661928578,-1.0268885758290485
0.7283490355034223,1.0310318596627497
0.6373814974246783,-0.07416334864096641
0.7510270479779726,-0.5805255739286509
0.6445664948944824,0.23783912655089967
0.6855488927282746,-0.5250814911871496
0.6332666108799014,0.00017361105546975786
0.7271890716275246,-0.2564924325794366
0.8351938730605504,-0.2677371344582723
0.6470083465251336,-0.7893061665254516
0.6180221072451982,0.17610659515857785
0.6263953556970063,0.08701718822199034
0.6855488927282746,0.5089657337174552
0.5461885425619118,-0.2545057586592896
0.6855488927282746,-0.5588621463417589
0.7453862988577041,-0.3201472566753575
0.617824977567282,0.8549783551876232
0.609451729115474,1.509226859718144
0.609451729115474,-0.2692288207964405
0.7162029298998526,0.6475211018675285
0.6246962327501772,-0.18039907675159877
0.6470083465251336,-0.46426304619064596
0.5390035450921078,-0.1387659432839185
0.6263953556970063,1.7028449885052857
0.7283490355034223,0.043754509024219734
0.7510270479779726,0.0420164617259966
0.7510270479779726,0.9882794898309071
0.617824977567282,-0.5154286908982443
0.7343740690973286,-0.5496174794048999
0.6299710831708518,-0.2657140857829135
0.8181566097062686,-0.2847181345534606
0.6180221072451982,0.748787757967874
0.6246962327501772,0.5767916667576977
0.5196441549126277,-0.5872662520550221
0.6246962327501772,-0.10904576727641824
0.8181566097062686,-0.7025338613468647
0.6526490956454021,0.68811949113403
0.5280174033644358,-0.29480352839562346
0.6445664948944824,0.5254874024327639
0.4973633661928578,-0.5222084653994046
0.6445664948944824,-0.4684619738799334
0.6332666108799014,0.6031695113592859
0.587170940395704,0.9573283068499073
0.6332666108799014,-0.517711121029082
0.6263953556970063,0.31095611368705967
0.6855488927282746,-0.5562197923788815
0.5280174033644358,-0.5859658468503366
0.5390035450921078,-0.2283638276527737
0.7283490355034223,0.41799434878651387
0.6470083465251336,-0.836426545023086
0.7197786573736981,0.36717233524112725
0.7368159207279799,-0.2597002049333291
0.7510270479779726,-0.32161379945032187
0.5461885425619118,0.5232939295030591
0.7368159207279799,0.2705383138305879
0.6359961167647581,-0.6742289659597586
0.8181566097062686,-0.40304372474958067
0.6263953556970063,0.09122451082731886
0.4973633661928578,-0.26057414200742074
0.6470083465251336,-0.5052626340372155
0.7162029298998526,-0.6473795394407988
0.628811119294954,-0.2798893436525676
0.7283490355034223,0.12420042535807818
0.7230741850827477,-0.8813251763764529
0.5348886585473309,-1.1351289084302039
0.5957413185254283,-0.33907959034616414
0.7078296814480445,-0.5185277111939658
0.5348886585473309,0.8638260003553744
0.7197786573736981,1.8930879265828673
0.6332666108799014,-0.1575487763473718
0.7162029298998526,-0.02179344636603686
0.7453862988577041,-0.42480095034887383
0.7271890716275246,-0.7175667153393879
0.7078296814480445,1.34025228619914
0.7510270479779726,0.45939759839530137
0.6299710831708518,-0.447530533450505
0.5957413185254283,0.5500720310880955
0.5348886585473309,-0.4990372690404448
0.6470083465251336,0.006975567229426827
0.6299710831708518,-0.32867971372410376
0.5280174033644358,-0.4792140011808282
0.5390035450921078,-0.420404486916278
0.6299710831708518,-0.46776227173213397
0.6299710831708518,-0.2730495796321578
0.628811119294954,1.758946127856595
0.6180221072451982,0.010693213160424042
0.5196441549126277,0.7526627799835987
0.7283490355034223,2.0395021385056378
0.6526490956454021,-0.22772154881769524
0.7510270479779726,-1.0382613540257546
0.7271890716275246,0.026583295458878498
0.7368159207279799,0.06572547418276753
0.7283490355034223,-0.36580165807685233
0.6263953556970063,-0.37580326599257896
0.7453862988577041,0.29622129356706484
0.7453862988577041,0.15422510315516036
0.7510270479779726,0.282568774247856
0.5196441549126277,-0.03043084373576349
0.6526490956454021,-0.8482052041103563
0.6470083465251336,-0.5530754784132552
0.5348886585473309,-0.3758057052467483
0.8181566097062686,-0.13936883368895836
0.609451729115474,-0.5263700131391629
0.7271890716275246,-0.6660143893587444
0.6526490956454021,-0.5941720959695574
0.7283490355034223,0.288607943168518
0.6246962327501772,0.5190076108794582
0.628811119294954,-0.36570021055866725
0.5348886585473309,1.4917254388506502
0.6359961167647581,-0.14439178410378695
0.7453862988577041,0.23779022216377022
0.7424566698482483,-1.2520147639215364
0.4973633661928578,-0.5523325663482054
0.7424566698482483,-0.13011745636485594
0.6180221072451982,-0.3248724592587684
0.6263953556970063,-0.10636453010303559
0.8181566097062686,2.19646223934403
0.617824977567282,0.8377985984698416
0.6263953556970063,1.4158372268972623
0.8181566097062686,-0.25212527404916196
0.7510270479779726,2.1477273935123327
0.7197786573736981,1.6684081219628206
0.5348886585473309,0.3111605797896656
0.7078296814480445,-0.052966053312510364
0.7078296814480445,-0.9325367043249209
0.8351938730605504,-0.8257413888761742
0.6445664948944824,-0.13973743464270716
0.6526490956454021,0.7993309408777878
0.5196441549126277,-0.23181624309493382
0.6263953556970063,1.5309624767415932
0.7424566698482483,0.36973490160894384
0.6373814974246783,0.5804463411015621
0.5196441549126277,-0.23264191350249164
0.5196441549126277,-0.3945933712114853
0.6445664948944824,0.9980751030989293
0.7510270479779726,-0.31828697338320555
0.5461885425619118,-0.19895717919634942
0.7453862988577041,-0.35141735244676564
0.6180221072451982,0.813709135402917
0.617824977567282,0.7281622564675133
0.6246962327501772,0.5051502823312036
0.5390035450921078,-0.5075580771261389
0.5280174033644358,0.5618147188757767
0.8408346221808188,-0.9405675579625729
0.7283490355034223,-0.36741738420439995
0.6246962327501772,0.6404265518378619
0.7271890716275246,-0.8297270189266635
0.6180221072451982,-0.7001216036515585
0.6526490956454021,-0.9092977255177443
0.6299710831708518,-0.2091087891256665
0.6299710831708518,-0.7116726910695798
0.5196441549126277,-0.16305386455973642
0.6180221072451982,0.06835717263334307
0.7197786573736981,-0.04536174829139794
0.7197786573736981,-0.10910892940260164
0.5280174033644358,-0.09547572978714947
0.5461885425619118,-0.18122221732625976
0.5196441549126277,-0.5983084297409358
0.7343740690973286,-0.869834406643577
0.6470083465251336,0.6772072125311189
0.7271890716275246,0.6108142732351806
0.7162029298998526,0.4401865422419019
0.6180221072451982,-0.4287945352944129
0.8408346221808188,-0.7503562787373207
0.7368159207279799,0.05907582687794599
0.617824977567282,0.31307413049582355
0.6180221072451982,-0.5494258611018557
0.5390035450921078,0.4422266275526624
0.6263953556970063,-0.13583442076509245
0.7078296814480445,-0.6082291728104383
0.8408346221808188,0.9330250132856007
0.6332666108799014,-0.3534591368891418
0.7078296814480445,0.19088550135652704
0.7283490355034223,1.3642880236317934
0.5461885425619118,-0.5931639094742496
0.5280174033644358,0.09493781209041519
0.8181566097062686,-0.3915539487242414
0.6246962327501772,-0.1147516569929169
0.4973633661928578,-0.21930800720141908
0.7368159207279799,0.9253702551099114
0.7283490355034223,-0.08284518698375598
0.8181566097062686,-0.20437877190987896
0.6855488927282746,-0.35158336671569823
0.8408346221808188,-0.37399430342853485
0.6263953556970063,0.25951863952354925
0.8351938730605504,1.362190180446091
0.5196441549126277,0.026469806507747884
0.6470083465251336,-0.43961815030119705
0.5280174033644358,0.3467480033780076
0.8351938730605504,-0.5745163380139711
0.6470083465251336,1.1930120833770692
0.587170940395704,-0.7161032109188685
0.6526490956454021,0.06759750613310445
0.6470083465251336,0.004914466907065984
0.6526490956454021,0.3056925329394695
0.5348886585473309,-0.11306908344189359
0.5957413185254283,1.4001624471304153
0.5280174033644358,-0.5722144620131008
0.6299710831708518,-0.32657273590588226
0.6445664948944824,-0.04793803412926312
0.5348886585473309,-0.044207907036684535
0.6526490956454021,-0.324811890975867
0.7283490355034223,0.4772596101083162
0.7162029298998526,-0.32416354483016463
0.6332666108799014,-0.11950091336954138
0.7197786573736981,0.8641275780494307
0.617824977567282,-0.40568801715250136
0.8351938730605504,-0.7084600818712922
0.6526490956454021,-1.0422753040094979
0.628811119294954,0.2322783974691639
0.7283490355034223,0.25815822954496925
0.7197786573736981,-0.4631881056879932
0.5461885425619118,1.0276651757651867
0.8408346221808188,-0.8155578875402711
0.5957413185254283,-0.14698750073005834
0.7230741850827477,-0.9943111558645181
0.5280174033644358,-0.521813686267997
0.609451729115474,-0.3557625228524188
0.7453862988577041,-0.5182800494130233
0.6359961167647581,0.2588915958684913
0.587170940395704,1.1554154938770105
0.7453862988577041,-0.27234410323407393
0.628811119294954,-0.7284026409733584
0.5280174033644358,-0.4300135819449547
0.6180221072451982,0.39697760378366953
0.5957413185254283,-0.27721602632590825
0.7343740690973286,0.8557267408729277
0.6445664948944824,-0.6372845725599329
0.5957413185254283,-0.17454952555945036
0.6373814974246783,-0.5897855698814326
0.7230741850827477,-0.569735777929299
0.7510270479779726,0.6053799524371433
0.6470083465251336,-0.031379292244527845
0.7343740690973286,-0.23976307479883502
0.6359961167647581,0.5844620541216465
0.6299710831708518,-0.5071616786968832
0.7162029298998526,0.04495265105227908
0.6445664948944824,-0.5148569964119931
0.6359961167647581,-0.05835614477127138
0.7230741850827477,-0.05749354413816776
0.6299710831708518,-0.6110216628895528
0.7271890716275246,0.1951028172180017
0.6180221072451982,-0.5245020742667001
0.6855488927282746,-0.40496470070663987
0.6470083465251336,0.5293938372118564
0.8351938730605504,-0.10200059891354873
0.7510270479779726,-0.45777767672953745
0.4973633661928578,-0.06592224177096823
0.8351938730605504,-0.5969214228212879
0.7230741850827477,0.28971841625060024
0.7453862988577041,-0.32421229085560155
0.6263953556970063,-0.4026232819533342
0.5390035450921078,-0.388875344598515
0.7271890716275246,0.5437364404627755
0.7368159207279799,-0.3622686819748482
0.6299710831708518,-0.5572710517244421
0.7283490355034223,1.3332266453868067
0.6470083465251336,1.3184668946155447
0.5390035450921078,-0.5776803421952872
0.7271890716275246,-0.577762848811959
0.6332666108799014,-0.580421536132036
0.7368159207279799,-0.3193972750178666
0.5196441549126277,-0.08992737694308706
0.7510270479779726,0.34363002914020657
0.6526490956454021,1.4690037070777517
0.6246962327501772,-0.16945154534448664
0.587170940395704,-0.5745734233712053
0.7453862988577041,-0.026962871181065773
0.8351938730605504,0.29272012977981676
0.8408346221808188,-0.119434734668034
0.8351938730605504,-0.35992027950066774
0.7283490355034223,0.23859142571812453
0.7283490355034223,-0.17051866903517454
0.5196441549126277,-0.08142625692370214
0.7230741850827477,-1.014890391283712
0.6373814974246783,-0.2398190667102701
0.8181566097062686,-0.8871335527484544
0.5461885425619118,-0.37349569335004024
0.6299710831708518,-0.044371363433449496
0.609451729115474,1.189093630450648
0.7343740690973286,0.7174382630328691
0.8408346221808188,-0.40624899555972216
0.609451729115474,0.08028689891609808
0.617824977567282,0.41410448369024244
0.5957413185254283,0.14815206429379757
0.617824977567282,1.319423726378826
0.5196441549126277,-0.2386932359301029
0.7283490355034223,0.7938085910626038
0.609451729115474,1.2280081995519765
0.6359961167647581,0.17686073120914203
0.6445664948944824,-0.45320855612924743
0.7271890716275246,-0.4843643905960693
0.617824977567282,0.7466310280619112
0.6180221072451982,1.0313020852646093
0.7453862988577041,1.0076697980397356
0.617824977567282,0.20145900413707307
0.5280174033644358,0.32069235981879185
0.5280174033644358,-0.6383856590679905
0.5280174033644358,-0.7314523268753204
0.628811119294954,0.7547631206469633
0.5461885425619118,-0.08273733358868746
0.6470083465251336,-0.3923473686375434
0.7343740690973286,0.7861673597423204
0.7230741850827477,-0.832302058228116
0.6180221072451982,1.396854312942521
0.7510270479779726,0.7698075155042401
0.6373814974246783,0.9218325485798591
0.6526490956454021,-0.036786658607495304
0.7453862988577041,0.40381225431174916
0.5390035450921078,-0.1797689897553586
0.6332666108799014,0.15030236623294968
0.7162029298998526,-0.5432135325634674
0.5280174033644358,-0.9491714416344023
0.8408346221808188,1.9813996601777566
0.4973633661928578,-0.41172930393213686
0.6445664948944824,-0.269288603772608
0.8408346221808188,-0.3120554325164835
0.6299710831708518,0.5069563484894697
0.6299710831708518,-0.7920752751392577
0.7283490355034223,0.624003281739951
0.609451729115474,0.41810291503700503
0.7510270479779726,-0.42096596178961976
0.6526490956454021,-0.6348414962884713
0.5390035450921078,-0.07659373856513585
0.8181566097062686,-0.08070225094538386
0.587170940395704,-0.3967777966620921
0.7078296814480445,-0.1816860595550157
0.7510270479779726,-0.22868343169361072
0.5390035450921078,0.3743341508524023
0.7230741850827477,-0.4425480806051394
0.7271890716275246,0.4611500815365043
0.5348886585473309,-0.20984548556927457
0.7424566698482483,1.9959402883496726
0.5196441549126277,0.4357447056765279
0.6332666108799014,0.35055431261971126
0.5196441549126277,-0.16027324834908974
0.5348886585473309,-0.1207071819116588
0.5957413185254283,-0.14836604017483407
0.7078296814480445,-0.04626992188583423
0.6332666108799014,0.5991604052712669
0.5196441549126277,0.8517069345926142
0.7424566698482483,-0.8436936987827373
0.7162029298998526,-0.15314063089109076
0.6246962327501772,0.7314771884053958
0.5280174033644358,-0.4500995053471172
0.5390035450921078,-0.39767092379134417
0.7453862988577041,-0.628283227659909
0.6470083465251336,0.6797457281118614
0.7271890716275246,-0.32329472986030333
0.6263953556970063,-0.6406253231642483
0.6373814974246783,-0.4912489341017019
0.617824977567282,-0.2015353333732366
0.6180221072451982,-0.11195749915423636
0.587170940395704,0.3824439662312221
0.8351938730605504,1.755896196207006
0.6526490956454021,-0.5142693254158741
0.587170940395704,0.46144654381563266
0.5390035450921078,-0.5260347052174955
0.7424566698482483,0.32904033309105996
0.4973633661928578,0.13153895677213678
0.6359961167647581,-0.748146408668488
0.6526490956454021,0.034237276896245006
0.7162029298998526,0.804379287654272
0.6299710831708518,-0.3079964305050231
0.5280174033644358,-0.2734485985381989
0.6445664948944824,0.24982948671631455
0.6299710831708518,-0.4791170599027128
0.7271890716275246,-0.43558412869650776
0.6855488927282746,0.08636307161553114
0.7368159207279799,0.8949623570048428
0.8181566097062686,-0.3224906552708204
0.6299710831708518,0.19681494048914983
0.6855488927282746,0.15746100175217226
0.7510270479779726,-0.07913409678208583
0.4973633661928578,-0.6898641156237184
0.6299710831708518,-0.6091222386449422
0.587170940395704,-0.31974887281625375
0.6180221072451982,-0.1345006938241734
0.617824977567282,-0.36937897037546624
0.7078296814480445,0.17736423765333498
0.5196441549126277,0.3553510119912441
0.5196441549126277,-0.17172235824355925
0.8181566097062686,-0.3572438651386114
0.8181566097062686,0.2196625971153544
0.7283490355034223,-0.4208759534670909
0.7368159207279799,0.15400347342812337
0.5196441549126277,-0.05341062356329235
0.628811119294954,1.1666794307859583
0.6470083465251336,-0.37301176972526584
0.6445664948944824,0.06419578295857353
0.7078296814480445,0.20144352509138153
0.617824977567282,0.15464023277517247
0.6373814974246783,-0.17532933497081343
0.8181566097062686,-0.022661075499649352
0.617824977567282,-0.06071186156868502
0.8181566097062686,-0.9032304104492616
0.6359961167647581,0.17560987106574422
0.7368159207279799,0.46176344511903245
0.5348886585473309,0.7146845136647668
0.6359961167647581,-0.10389636067285668
0.6180221072451982,-0.1934285205966273
0.7197786573736981,0.2908566610032314
0.7078296814480445,0.29116932232432113
0.609451729115474,0.4171510353983019
0.6299710831708518,-0.6981371893534614
0.6299710831708518,-0.4861238448064708
0.8351938730605504,-0.4599954823765675
0.6445664948944824,0.7074832815884798
0.8408346221808188,-0.48851659583612855
0.609451729115474,-0.47089320621292097
0.6526490956454021,-0.7687378424156144
0.6299710831708518,-0.10464847038640768
0.7343740690973286,-0.6982682984691083
0.5196441549126277,-0.07510802433531638
0.6263953556970063,1.3196320293460422
0.4973633661928578,-0.21606412071100967
0.6526490956454021,-0.9831600360971309
0.7197786573736981,-0.27765425477487626
0.609451729115474,0.018418097463384187
0.7510270479779726,-0.23447487226166397
0.5957413185254283,-0.14130257101673432
0.7162029298998526,-0.4810457520576426
0.7230741850827477,-0.3814893259315066
0.609451729115474,-0.20204617155920246
0.8351938730605504,0.7541885048960111
0.7230741850827477,0.596030463590255
0.6470083465251336,-0.6374057989157024
0.609451729115474,-0.16281422389881572
0.5957413185254283,0.5476256056834619
0.7230741850827477,-0.6201734321612555
0.6470083465251336,-0.37756756439044076
0.5390035450921078,-0.6116482191656308
0.6299710831708518,-0.40521331542067673
0.7343740690973286,0.1972024377702768
0.4973633661928578,-0.45989842427458155
0.6470083465251336,-0.553931021322688
0.5957413185254283,-0.27734337078236093
0.5957413185254283,0.11747776679804944
0.628811119294954,0.8273765178264608
0.6246962327501772,0.8147918682658962
0.6373814974246783,0.8208395174342378
0.6373814974246783,0.6468863396583548
0.5461885425619118,0.6893153120134342
0.7078296814480445,0.6549415423548282
0.7343740690973286,-0.47721038113074155
0.6526490956454021,-0.3204824720067362
0.6299710831708518,2.1056369616611934
0.6246962327501772,-0.28475501999250485
0.6470083465251336,0.09949351725553812
0.7510270479779726,0.608154510502023
0.5390035450921078,-0.16512556556730912
0.7283490355034223,-0.16170906073900992
0.5461885425619118,1.5005436588860412
0.6299710831708518,-0.6703546321559734
0.587170940395704,-0.5217651079872481
0.6263953556970063,-0.20063349402696673
0.8408346221808188,-0.6734688476372025
0.6263953556970063,-0.7604660937234213
0.7271890716275246,-0.28127688729524375
0.7343740690973286,1.112725715933153
0.6526490956454021,0.8954714700988387
0.7230741850827477,-0.3062576159470938
0.4973633661928578,0.056208594556393154
0.7078296814480445,0.7720838851288843
0.6373814974246783,-0.4941949041273882
0.6359961167647581,-0.4020511909057921
0.7453862988577041,0.42271601327220665
0.4973633661928578,-0.5823414662382095
0.6470083465251336,0.5676374779464378
0.7283490355034223,0.16106176634475844
0.7271890716275246,0.049862397251832724
0.6263953556970063,-0.12988448081559945
0.5280174033644358,-0.5307043098679616
0.6373814974246783,0.67420219457146
0.7510270479779726,-0.29672631641375
0.5390035450921078,-0.9216255059143037
0.7510270479779726,-0.7495107980951189
0.7271890716275246,-0.417837145675034
0.5957413185254283,0.1250635865175439
0.7343740690973286,-0.1559294051253003
0.609451729115474,-0.6033568407407086
0.7453862988577041,0.17024509570145807
0.7368159207279799,0.7498090874430268
0.7271890716275246,1.3535086307551474
0.617824977567282,-0.13291931227254927
0.5461885425619118,0.37238913225841475
0.7453862988577041,0.8078906809097591
0.5348886585473309,-0.0819662105926367
0.8181566097062686,0.4362876303644124
0.6246962327501772,0.6950404501054291
0.6246962327501772,-0.1681910490047286
0.6526490956454021,-0.15476051571512905
0.8408346221808188,1.8558160572314986
0.6299710831708518,0.11560401783836882
0.7283490355034223,-0.5033278081268694
0.6526490956454021,-0.534635242186454
0.8408346221808188,-0.14067354660553077
0.8408346221808188,-0.6194666462720004
0.5280174033644358,0.3561550548140576
0.6526490956454021,-0.7819641324612732
0.6246962327501772,0.43144297688527977
0.6263953556970063,0.04620512981668168
0.5461885425619118,-0.6876032700214838
0.5957413185254283,0.5829683840167543
0.6470083465251336,-0.13004986722159628
0.8408346221808188,0.3342439556187057
0.609451729115474,-0.2879502108565875
0.4973633661928578,-0.007525921416427994
0.6332666108799014,0.9398169165545338
0.5280174033644358,-0.3078251628814948
0.7230741850827477,-0.13711635813433676
0.7283490355034223,-0.420543137348895
0.7197786573736981,-0.08143550557137491
0.6470083465251336,-0.508426491484866
0.7230741850827477,-0.9350718334125729
0.6263953556970063,-0.004295459049542316
0.7368159207279799,-1.0394597643497347
0.7343740690973286,-0.5465601231364241
0.7230741850827477,-0.3780991995029978
0.6299710831708518,-0.1677127464134569
0.5196441549126277,0.9338597585266276
0.6332666108799014,0.0876465521813049
0.7343740690973286,0.6214929139281626
0.8351938730605504,0.7395545359700357
0.6332666108799014,0.9617383863089837
0.5390035450921078,-0.6685669349420512
0.6470083465251336,-0.5075886366177667
0.7271890716275246,0.11162938285263146
0.7283490355034223,0.49980544114874714
0.7283490355034223,-0.05752144415717264
0.5461885425619118,-0.4652352957125563
0.6373814974246783,-0.26280029178389297
0.5348886585473309,-0.9429426148319908
0.7343740690973286,0.14464498342337284
0.6855488927282746,0.09151650674980794
0.6359961167647581,-1.1083780920553064
0.7271890716275246,0.0765228888853492
0.6299710831708518,0.599343625348459
0.6332666108799014,0.3576343270042517
0.6263953556970063,-0.34660111052183584
0.5461885425619118,-0.5902413756251647
0.5390035450921078,0.4468777995862999
0.7283490355034223,-0.3142086004347861
0.7510270479779726,-0.8688181711704346
0.8351938730605504,-0.6123974219785631
0.5461885425619118,0.15424209909713216
0.4973633661928578,-0.26818255589424295
0.7197786573736981,0.6871440439698037
0.8181566097062686,2.10488766843427
0.8408346221808188,-0.6393255782336588
0.587170940395704,-0.20112897959523673
0.6526490956454021,-0.06250498947073968
0.5461885425619118,-0.3287731257294194
0.6470083465251336,-0.41655056956885544
0.5461885425619118,0.25659193232213895
0.6470083465251336,1.2233155074252653
0.5280174033644358,-0.35979739096272295
0.6180221072451982,0.3155547548676938
0.5461885425619118,-0.2875070512015426
0.5196441549126277,-0.7544203538843388
0.6526490956454021,-0.33904455741064576
0.6526490956454021,-0.24662467732220145
0.6180221072451982,0.9938460297994741
0.5461885425619118,-0.241763740116491
0.7343740690973286,1.593069710499217
0.7453862988577041,-0.205830662806204
0.7230741850827477,-0.4115254019890845
0.617824977567282,-0.432894327422734
0.7230741850827477,-0.2059114830788985
0.7162029298998526,0.29492255969144276
0.5348886585473309,1.237705201447701
0.7343740690973286,-0.22926388739742376
0.5957413185254283,-0.05479827187601782
0.5348886585473309,-0.3510470908891707
0.5461885425619118,-0.3927659849149908
0.6246962327501772,-0.18045390727395305
0.7368159207279799,-0.16516298509895655
0.6359961167647581,0.2782991855649388
0.6180221072451982,-0.25269575489425644
0.5280174033644358,-0.5239416207053184
0.617824977567282,0.5485105057780292
0.7343740690973286,-0.5739420156069487
0.6180221072451982,0.02394761431386494
0.7424566698482483,-0.7961506330124188
0.6373814974246783,1.0846086561046973
0.628811119294954,-0.6482340287115682
0.7283490355034223,0.7840646289504039
0.7453862988577041,-0.4132724031668225
0.6263953556970063,-0.10784855708196239
0.6246962327501772,0.8926936692094493
0.7453862988577041,-0.564913032418082
0.7343740690973286,-0.15761431101682188
0.6445664948944824,0.5388375759487268
0.6299710831708518,-0.39494923893511646
0.8408346221808188,-0.8657584564794202
0.7343740690973286,0.13347034348596942
0.5390035450921078,-0.5889948453371243
0.617824977567282,-0.2662799793277425
0.628811119294954,0.5828756854781157
0.5957413185254283,-0.30929588539606856
0.4973633661928578,-0.1008355435709149
0.6526490956454021,0.3574672600794977
0.5390035450921078,-0.9785014031521756
0.8351938730605504,-0.7118241608719222
0.5390035450921078,0.07539897663130435
0.7271890716275246,-0.19247154599850858
0.6299710831708518,-0.55077882934588
0.5348886585473309,-0.14427421100710824
0.6299710831708518,-0.4531794549533855
0.6332666108799014,1.6720831668526943
0.5390035450921078,-0.5781235512993476
0.7368159207279799,-0.5001713595895941
0.7271890716275246,0.3243063820735431
0.5957413185254283,-0.11270504680370391
0.6445664948944824,-0.13645148153390396
0.7368159207279799,0.771397665763988
0.609451729115474,0.4111396649724057
0.7271890716275246,-0.5803763920428795
0.7424566698482483,-0.21527800884501913
0.6299710831708518,0.5325772639406232
0.5348886585473309,-0.46006749790081347
0.7271890716275246,-0.07911677043814613
0.5196441549126277,-0.5889477175161149
0.6332666108799014,0.8051774315613014
0.7078296814480445,-0.8994039528636597
0.6263953556970063,-0.008762874730063541
0.5957413185254283,0.05639671458649742
0.5280174033644358,-0.22127577373766188
0.7510270479779726,-0.2863271461462281
0.7453862988577041,-0.049299393525691015
0.7162029298998526,0.5505817589095409
0.7078296814480445,-0.5142345772325663
0.5957413185254283,-0.16861635458981217
0.5390035450921078,-0.6472179068830803
0.6526490956454021,-0.5741352792168182
0.5280174033644358,-0.5396167160770198
0.5390035450921078,-0.3621939848452592
0.4973633661928578,0.399952353415327
0.5390035450921078,-0.6063370084625875
0.5390035450921078,-0.6549503426918635
0.5348886585473309,-0.28058773871707754
0.617824977567282,0.5446423487109885
0.587170940395704,-0.4144488951665469
0.6299710831708518,-1.0234549538300073
0.7197786573736981,-0.7139831836160445
0.8408346221808188,-0.778488753179214
0.6526490956454021,-0.16126069674306293
0.7453862988577041,0.2641525974184592
0.6263953556970063,1.267716363893421
0.7078296814480445,-0.5492882266129818
0.6470083465251336,-0.4724736118454596
0.5390035450921078,0.08420056268094156
0.6855488927282746,0.7055833469714169
0.6855488927282746,0.028660415740581313
0.7510270479779726,-0.649511795879663
0.7510270479779726,-0.5092875579074245
0.7424566698482483,0.9709975231673539
0.8351938730605504,-0.8931861874425533
0.6180221072451982,0.05957484275002378
0.7510270479779726,0.09592831090032727
0.7162029298998526,0.36129106235775243
0.5390035450921078,0.5613673962353376
0.7162029298998526,0.83370198218323
0.6332666108799014,0.5841676698463427
0.6445664948944824,1.046530184839011
0.6373814974246783,0.3310205061987189
0.7283490355034223,-0.3035476179522493
0.6299710831708518,0.7569841345376391
0.5390035450921078,-0.3403627083997943
0.5390035450921078,0.08675166043474347
0.7510270479779726,-0.1950289388156955
0.8408346221808188,0.30977882864169726
0.6180221072451982,0.9089348774710936
0.7078296814480445,-1.1871878078903222
0.6445664948944824,-0.4607106157756692
0.5390035450921078,0.59142357512096
0.6445664948944824,-0.4865457420185819
0.7162029298998526,-0.6988026958362676
0.609451729115474,-0.7280677115755464
0.7510270479779726,-0.7263177526001388
0.4973633661928578,-0.08707716492739809
0.6373814974246783,-0.5044285095441116
0.7510270479779726,-0.3778008056148174
0.6180221072451982,0.7254869531218172
0.609451729115474,-0.24707152119072756
0.6373814974246783,-0.18817628861417418
0.4973633661928578,0.030755326789588366
0.5390035450921078,0.26622980810350805
0.7271890716275246,-0.12717601021019853
0.8351938730605504,-0.2725366008466974
0.587170940395704,-0.11989678277058324
0.6180221072451982,-0.43697352700905456
0.5196441549126277,-0.6670936711136389
0.7283490355034223,0.4399383718675134
0.7510270479779726,0.13307266841945498
0.6373814974246783,0.5811783566880986
0.5390035450921078,0.212801430224013
0.4973633661928578,-0.19099134406833107
0.7343740690973286,-0.6057993404711854
0.5348886585473309,-0.3970252999483901
0.6332666108799014,0.019559335174114123
0.5196441549126277,-0.08332619547459097
0.609451729115474,1.134322389492361
0.7368159207279799,0.7573033020531668
0.7230741850827477,-0.6728257513582423
0.5280174033644358,0.2379304165907813
0.587170940395704,-0.3602494146253761
0.6526490956454021,0.7721462244745607
0.7343740690973286,-0.6055579885682323
0.7343740690973286,0.17091387349226062
0.7510270479779726,-0.3357161689567759
0.6526490956454021,0.09420741582815961
0.7453862988577041,0.16457146203053463
0.5957413185254283,-0.28029413891963584
0.4973633661928578,0.5522470709015705
0.5461885425619118,0.6880733312767945
0.8408346221808188,0.5133637803366188
0.6180221072451982,-0.3740274588468321
0.6855488927282746,0.8545170335102062
0.7343740690973286,-0.9566587393756344
0.6470083465251336,0.4291509838315165
0.7162029298998526,-0.13929331734675543
0.5957413185254283,0.51704139376592
0.6299710831708518,-0.15216143780500035
0.7197786573736981,0.36819753469107963
0.7271890716275246,0.8623031004703511
0.8181566097062686,0.6961768137677192
0.6373814974246783,-0.09395740462263413
0.4973633661928578,1.8434663772217386
0.5390035450921078,-0.5258060168256283
0.5461885425619118,-0.8219676044216663
0.7078296814480445,-0.6247623218800031
0.5196441549126277,-0.27694075087163555
0.6445664948944824,-0.2874029503404752
0.6526490956454021,-0.5606184695238792
0.8408346221808188,-0.10876081016714778
0.8351938730605504,1.9928899551448649
0.6263953556970063,0.42315325639620305
0.7453862988577041,0.33156987987603126
0.6263953556970063,0.35074092417092306
0.609451729115474,-0.09794669620006768
0.7078296814480445,0.4978201458922007
0.7453862988577041,0.5691607937674618
0.8351938730605504,-0.32245611858361
0.6332666108799014,0.6079075806815339
0.587170940395704,1.2067826865644489
0.6373814974246783,0.5081195934118015
0.7424566698482483,1.0572033741519369
0.6445664948944824,1.1953403446557207
0.587170940395704,-0.26096233798798585
0.587170940395704,0.1489684380892491
0.587170940395704,0.6130118007021416
0.7271890716275246,1.745452038028684
0.7368159207279799,0.7802779705007359
0.6855488927282746,-0.4745568731330062
0.7510270479779726,1.0463833910682332
0.7078296814480445,-0.1320291192787295
0.8351938730605504,-0.672489310793692
0.617824977567282,0.18353267865373168
0.8181566097062686,-0.5645522941274415
0.5348886585473309,-0.21864799263938595
0.6180221072451982,0.022480445257408888
0.6180221072451982,-0.320891488232157
0.4973633661928578,-0.16304315781087447
0.4973633661928578,-0.1521871196085316
0.617824977567282,-0.5599664366509716
0.7368159207279799,-0.0001704581022483609
0.6373814974246783,0.22971331797527494
0.7197786573736981,0.08553604355103617
0.7343740690973286,-0.5569093711038828
0.628811119294954,0.0013667083407158387
0.5280174033644358,-0.33013447192504486
0.6526490956454021,0.08051156067146048
0.5280174033644358,-0.22396195916330042
0.6855488927282746,-0.36261148288227096
0.5280174033644358,-0.4415404858335026
0.8408346221808188,0.8747444211517336
0.609451729115474,0.8853417495955982
0.617824977567282,0.7242808954156826
0.4973633661928578,-0.21571342551643685
0.7162029298998526,-0.3200541509937686
0.628811119294954,0.749118202235244
0.5390035450921078,-0.23928969563389602
0.7162029298998526,0.9037663920536493
0.7453862988577041,0.266210030999542
0.7078296814480445,1.6283601054973849
0.7453862988577041,-0.1698410328607195
0.7453862988577041,-0.18221005686672653
0.6445664948944824,-0.056470933261429934
0.8181566097062686,-0.12329754525553471
0.6263953556970063,-0.6995273888115201
0.7453862988577041,-0.8697325755374818
0.6332666108799014,0.8635519262323861
0.609451729115474,-0.1837315470611552
0.7271890716275246,-0.5790903250129251
0.6332666108799014,0.3440953254306437
0.7283490355034223,-0.5582956762357822
0.5957413185254283,-0.3001668233409748
0.7078296814480445,0.7916678213857138
0.6180221072451982,-0.33062299982421073
0.6855488927282746,0.8983013086330952
0.5390035450921078,0.5720043660918035
0.7197786573736981,-0.5835058383734311
0.7078296814480445,0.2726381312542645
0.8351938730605504,-0.9092355397207221
0.8408346221808188,-0.4970212548590343
0.7230741850827477,0.28797854000204304
0.5390035450921078,-0.005409285228807903
0.7424566698482483,0.11539741984907148
0.8408346221808188,-0.3296394466986161
0.6526490956454021,-0.3358878505264085
0.5461885425619118,-0.03938045832882053
0.6299710831708518,-0.9182588056507708
0.5348886585473309,-0.5551383057323693
0.6332666108799014,-0.11208733163996798
0.7510270479779726,-0.6160806819162846
0.6263953556970063,0.09085885139164906
0.4973633661928578,-0.21760873301600436
0.5461885425619118,0.7330625545363304
0.5348886585473309,-0.13197119293673226
0.4973633661928578,-0.4148875593685458
0.7230741850827477,-0.5427949624378253
0.8351938730605504,-0.20081485423261747
0.6180221072451982,-0.36739444809081695
0.6373814974246783,1.5257595806508855
0.6359961167647581,-0.22214209419843234
0.6470083465251336,-0.10616247359859621
0.5390035450921078,0.15063272944511874
0.6332666108799014,-0.21220870477711828
0.609451729115474,-0.5583479576886101
0.6299710831708518,-0.4936914579281173
0.6299710831708518,-0.6689510253175903
0.5280174033644358,1.130346892531531
0.4973633661928578,-0.5123164077352279
0.5280174033644358,-0.34286228159428433
0.5196441549126277,-0.029959229260492715
0.7343740690973286,0.23404965251756216
0.5196441549126277,0.5411728388797202
0.6855488927282746,-0.7160062445461489
0.7283490355034223,-0.5904630255051072
0.5280174033644358,-0.39347383564158533
0.5461885425619118,-0.5300995670645213
0.6445664948944824,-0.1840539513458616
0.6263953556970063,-0.9112185852029279
0.5957413185254283,1.0838897101469178
0.6299710831708518,-0.01686690611783681
0.6332666108799014,0.25793004182927626
0.6299710831708518,0.8165872229646518
0.5280174033644358,0.5746444746373847
0.7368159207279799,0.28124787959313147
0.5461885425619118,-0.7677372413051899
0.7078296814480445,0.8199989852665055
0.6855488927282746,-0.014734390321391566
0.8181566097062686,0.4136474472538335
0.8408346221808188,1.8895686699722964
0.6855488927282746,-0.6559550425572644
0.6332666108799014,0.9044857652407419
0.8408346221808188,-0.5353663658590933
0.6470083465251336,-0.8728491571819489
0.5348886585473309,1.6193776162088809
0.7343740690973286,0.005044821275415279
0.6373814974246783,-0.6006206341450437
0.7078296814480445,-0.5774066021279596
0.7453862988577041,-0.40531518878554473
0.4973633661928578,-0.4689782621501932
0.5348886585473309,-0.275853776479495
0.5196441549126277,-0.061356199455477656
0.7453862988577041,0.21039137996081003
0.6180221072451982,0.827877532808084
0.6855488927282746,-0.4657254067364285
0.617824977567282,0.8658285536507883
0.7368159207279799,0.3350056809228421
0.8181566097062686,0.058661633321757
0.5280174033644358,-0.7435662426528479
0.5196441549126277,-0.12857585192236803
0.7283490355034223,-0.35792426511997816
0.7271890716275246,-0.7537091405084521
0.5461885425619118,-0.1407766358471514
0.6470083465251336,1.0088317955160186
0.6332666108799014,0.32801278288872626
0.6470083465251336,0.1716924007649805
0.5461885425619118,-0.32626256208335475
0.8181566097062686,-0.7237926956520642
0.7271890716275246,-1.1903850456310188
0.6373814974246783,0.07980237333817197
0.5461885425619118,0.7177895859865856
0.5348886585473309,0.9037653931561236
0.5390035450921078,-0.3834856004235331
0.7368159207279799,0.028130157409512524
0.587170940395704,-0.9366478524344662
0.587170940395704,0.9170894840712317
0.628811119294954,0.04409717982262462
0.6299710831708518,0.7699866573925611
0.7230741850827477,-0.17764883542114307
0.8408346221808188,1.1798162477767549
0.7283490355034223,0.05683625018710636
0.7510270479779726,-0.3597766924402343
0.6299710831708518,-0.20536245381410245
0.8181566097062686,0.035717082430075986
0.5348886585473309,-0.3904523537365321
0.5957413185254283,0.5245943007273568
0.5390035450921078,0.099775777348452
0.5280174033644358,0.8879895831168951
0.7368159207279799,-0.2762665928843668
0.6526490956454021,-0.4800928984451139
0.6263953556970063,-0.2799469045566148
0.8408346221808188,-0.1772466933614305
0.6299710831708518,-0.5626874582731843
0.7271890716275246,-0.7272400729280536
0.7368159207279799,0.1257116480921291
0.609451729115474,0.8486664957807091
0.5280174033644358,-0.42824410717447836
0.8181566097062686,-0.48407465610799943
0.7453862988577041,-0.3892161322981332
0.7343740690973286,-0.375145518396436
0.6373814974246783,-0.2399753086832621
0.8408346221808188,-0.40000835477751384
0.609451729115474,0.0030323722194336433
0.5280174033644358,-0.26318687492491927
0.6180221072451982,0.09520477005508965
0.8351938730605504,-0.5795921926314698
0.7510270479779726,-0.3619656141584601
0.6263953556970063,0.8398772264005241
0.628811119294954,0.3001557695449154
0.7271890716275246,-0.23490188777845478
0.6359961167647581,-0.14939554439784736
0.7343740690973286,0.2758307776293487
0.8408346221808188,-1.0954976077590735
0.7424566698482483,0.02738795229371438
0.4973633661928578,-0.37193240616221607
0.6373814974246783,-0.5808151699403875
0.6180221072451982,-0.13555429220226728
0.6855488927282746,0.1909938926289081
0.6855488927282746,-0.373931494375388
0.628811119294954,-0.05641325696095001
0.6373814974246783,-0.23588438474419293
0.5390035450921078,-0.36438079821387476
0.7283490355034223,-0.46861985520663396
0.617824977567282,-0.015067984845613225
0.5461885425619118,0.308845913043875
0.609451729115474,-0.6171315435603015
0.6180221072451982,-0.3499194160107484
0.617824977567282,1.474794958858444
0.6445664948944824,0.713718233399912
0.7271890716275246,0.20621148873576534
0.587170940395704,0.6630753782718438
0.5348886585473309,-0.6359601629267414
0.7162029298998526,-0.2672485396478989
0.6373814974246783,0.5562544754663441
0.8351938730605504,0.4982954462941962
0.7283490355034223,-0.6263429596877792
0.5280174033644358,1.3480686308577319
0.7343740690973286,1.1945141685993892
0.6526490956454021,-0.3892375335870229
0.6470083465251336,0.779472030925514
0.6180221072451982,0.7230305850947668
0.6470083465251336,-0.5302913010590651
0.6180221072451982,0.3243782230641944
0.7368159207279799,0.6081344085811904
0.6359961167647581,-0.2382955414289623
0.6470083465251336,0.037936688210440606
0.5196441549126277,-0.19189060152306564
0.6855488927282746,-0.07482535618504882
0.7162029298998526,0.6105935712438278
0.6526490956454021,-0.0355068314538568
0.6470083465251336,0.47680111034988737
0.7343740690973286,-0.5921942694874879
0.4973633661928578,-0.5326892421129611
0.8408346221808188,-0.7411417875455655
0.5196441549126277,-0.6809360728001812
0.6470083465251336,-0.21250411811361736
0.7230741850827477,-0.8855734677144688
0.7078296814480445,-0.5645551329070468
0.7453862988577041,-0.3852552242251309
0.6299710831708518,-0.8148061161063586
0.6359961167647581,-0.43161288494261396
0.6263953556970063,0.22615384935412064
0.7162029298998526,-0.5616394210032929
0.6526490956454021,-0.31608093505491763
0.7368159207279799,-0.22536551217877132
0.609451729115474,-0.3330339866915895
0.5348886585473309,-0.3382262583228326
0.5957413185254283,0.12257314244359618
0.7510270479779726,0.8642482537027865
0.7368159207279799,-0.04575411304830079
0.7162029298998526,0.4071194671403068
0.7230741850827477,1.0469339974459237
0.5957413185254283,-0.21335188429748253
0.7510270479779726,-0.25370675198749254
0.7510270479779726,-0.0466511461377932
0.7162029298998526,-0.29546399614203545
0.6526490956454021,1.5517149681297355
0.6470083465251336,1.0536933519115856
0.6526490956454021,-0.3457855446405026
0.5280174033644358,-0.5616659180629384
0.7368159207279799,0.2678385199885278
0.6470083465251336,-0.10737435736450296
0.6359961167647581,1.183373898866422
0.7343740690973286,0.6859030078976278
0.5957413185254283,-0.07345262747932313
0.5390035450921078,-0.5070670862677927
0.6246962327501772,-0.7628970243559591
0.5348886585473309,-0.0875610094640798
0.6332666108799014,0.044900120968623725
0.4973633661928578,0.12685015541512956
0.617824977567282,-0.21965165673067638
0.5280174033644358,-0.5013863780309217
0.8181566097062686,0.2552487708155534
0.6373814974246783,-0.28307397361077297
0.6373814974246783,0.0050965097507349455
0.6332666108799014,-0.46968828277740426
0.7343740690973286,-0.30284791927074867
0.7368159207279799,-0.33216441016739356
0.7510270479779726,-0.5427670695697316
0.6855488927282746,0.005222818644436855
0.609451729115474,-0.5069291666559709
0.7230741850827477,0.835407155217133
0.8351938730605504,-1.1056519340683284
0.8181566097062686,-0.3492042828853119
0.6373814974246783,-0.5412679131631977
0.5957413185254283,1.3070437394824923
0.7230741850827477,-0.43425645772993926
0.8181566097062686,-0.44901543314328535
0.6470083465251336,-0.47259959691506837
0.6299710831708518,-0.5739267230006614
0.7283490355034223,0.2440196400618474
0.7510270479779726,-0.6613164255644115
0.5196441549126277,-0.01090881426705792
0.7424566698482483,-0.05406799303106269
0.8351938730605504,-0.22352451695800368
0.7197786573736981,0.39542119384440044
0.6470083465251336,-0.6068502843606012
0.8351938730605504,-0.3334184188183995
0.8408346221808188,-0.38995679306184133
0.6470083465251336,0.08717914072217448
0.5196441549126277,-0.3595755349712533
0.6299710831708518,-0.46584311387175914
0.5196441549126277,-0.20820903307432997
0.7230741850827477,0.1552741107122707
0.7343740690973286,-0.2896960042764326
0.6299710831708518,0.16075397673411063
0.5957413185254283,-0.39210708229180224
0.5280174033644358,-0.6829940241877761
0.5461885425619118,-0.08475257362394406
0.7453862988577041,-0.6738998456016596
0.6445664948944824,0.9698038729563622
0.8181566097062686,0.40766129347382385
0.6180221072451982,0.061728184392598195
0.6470083465251336,-0.3412955833430003
0.6470083465251336,0.4547901275263956
0.5461885425619118,-0.6697895196658339
0.5957413185254283,-0.35388789360478035
0.6299710831708518,-0.5798060550487167
0.6299710831708518,-0.31159924630321584
0.6855488927282746,0.655243189446921
0.6526490956454021,0.6925908220650718
0.7510270479779726,-0.276145398143857
0.8181566097062686,1.280993277864063
0.6526490956454021,0.6746886034020156
0.6470083465251336,-0.39135687018005433
0.7283490355034223,2.032371772056461
0.7453862988577041,-0.4510832435671955
0.6470083465251336,0.3821134468321662
0.8408346221808188,-0.8068846983414599
0.5390035450921078,-0.8190053200136874
0.4973633661928578,0.373644142997943
0.8351938730605504,1.419343641973613
0.6263953556970063,0.06163369958661091
0.7424566698482483,0.8931141053231587
0.6526490956454021,-0.5417838886394442
0.7453862988577041,0.5360873453293168
0.6359961167647581,0.014137294089860752
0.4973633661928578,-0.33548417129389946
0.7271890716275246,0.6220879491261931
0.5348886585473309,0.2513245036688274
0.7271890716275246,-0.8714368804800567
0.7078296814480445,-0.30933225804008896
0.7162029298998526,-0.21393651185062046
0.7162029298998526,1.002008379682274
0.6526490956454021,-0.16955169025448935
0.7230741850827477,-0.2095971194966948
0.8408346221808188,0.43150929639095426
0.8181566097062686,0.1670200172667815
0.7453862988577041,-0.3834352082921195
0.8408346221808188,1.324826690543095
0.6263953556970063,-0.33500738358124216
0.6445664948944824,0.7270701650709143
0.6855488927282746,-0.448992102458102
0.7343740690973286,-0.2532221881783108
0.6299710831708518,1.066961840949378
0.5957413185254283,-0.34566859417161155
0.7453862988577041,0.3698737437635121
0.7271890716275246,-0.1733421200436277
0.7230741850827477,-0.3738620185285755
0.6299710831708518,2.427977448403759
0.6180221072451982,0.21100200052508067
0.5461885425619118,-0.4517167140784491
0.5196441549126277,-0.7287567274078443
0.6526490956454021,0.10924053838282888
0.7271890716275246,-0.5967739796239458
0.7343740690973286,-0.46205338088026304
0.617824977567282,-0.1617034478319943
0.7078296814480445,-0.04475394851085612
0.6855488927282746,-0.45031370085397004
0.6299710831708518,-0.568922268984468
0.6180221072451982,0.025047513299301216
0.5196441549126277,0.3201583712210968
0.6445664948944824,-0.07313157175662044
0.8181566097062686,-0.8803802655325785
0.5461885425619118,-0.1878005067862667
0.6470083465251336,0.494662218324433
0.7197786573736981,0.08758137107872577
0.6470083465251336,-0.25467413925820415
0.7510270479779726,0.28909438660566233
0.5196441549126277,0.14272856228910502
0.7343740690973286,-0.40137808192764984
0.8408346221808188,0.05555976360339754
0.6470083465251336,0.556752355323595
0.7343740690973286,-0.7072809254167061
0.4973633661928578,-1.1088850308440703
0.6855488927282746,-0.34639169243029877
0.5196441549126277,-0.7523841047213843
0.6373814974246783,0.4691284557557873
0.8408346221808188,0.3729327781005495
0.6263953556970063,-0.05046385302094958
0.7197786573736981,-0.42841429786845364
0.8181566097062686,-0.4297539745748651
0.5390035450921078,-1.0579367802291078
0.8181566097062686,0.46651416141022206
0.617824977567282,-0.585218203755097
0.7162029298998526,-0.5643295841125752
0.7283490355034223,-0.04869051932193558
0.8351938730605504,0.5622553654267688
0.5461885425619118,0.7529070967447159
0.8408346221808188,-0.20877538951187147
0.609451729115474,1.5051332827398893
0.7230741850827477,0.5138382824560982
0.5390035450921078,-0.7108998343440489
0.7283490355034223,-0.35177549828441096
0.7510270479779726,-0.27385666139687914
0.6299710831708518,-0.6186074940128635
0.6299710831708518,-0.46733748525640517
0.6299710831708518,0.07994707504740173
0.5957413185254283,0.32931988011698643
0.7368159207279799,0.6430175386382764
0.5196441549126277,-0.452460011521962
0.6855488927282746,0.6490424058503518
0.7197786573736981,0.5639866756414119
0.5280174033644358,1.136947529581768
0.6526490956454021,-0.3301532178095067
0.5461885425619118,-0.25438833627606866
0.5348886585473309,0.04407122019985832
0.8351938730605504,0.5840474517623702
0.7343740690973286,0.572520365221042
0.6526490956454021,-0.0278737472967433
0.6180221072451982,-0.2691983231613797
0.6246962327501772,-0.306629994865962
0.6855488927282746,0.8737067710394218
0.7424566698482483,1.3049337277955733
0.6180221072451982,-0.23075023019333107
0.6373814974246783,-0.20463863328690984
0.6263953556970063,-0.11032359699244176
0.6180221072451982,1.0135546621591702
0.5461885425619118,0.7253927594421811
0.6332666108799014,-0.3507036437190117
0.6180221072451982,0.7889504536392143
0.8408346221808188,-0.7366618316114554
0.7283490355034223,-0.4080564869531062
0.8408346221808188,-0.7548459346269035
0.6526490956454021,-0.0606670215701729
0.7271890716275246,0.4311973753551609
0.4973633661928578,1.0963034131446816
0.5957413185254283,0.6154075858886854
0.6526490956454021,1.7718483622476442
0.7510270479779726,0.07633650932385938
0.587170940395704,0.664515134175154
0.6445664948944824,0.4900637875374444
0.7424566698482483,-0.4616221132211176
0.4973633661928578,-0.02933405964852026
0.8351938730605504,-0.18048143460901844
0.6855488927282746,0.5974309693248464
0.8351938730605504,-0.5137893724728672
0.8181566097062686,-0.26822256754421514
0.7424566698482483,-0.5662650293209323
0.7343740690973286,-0.48303303006047743
0.6855488927282746,1.3502396979275084
0.7162029298998526,-0.11571438759691643
0.4973633661928578,0.0120110250615173
0.617824977567282,0.44563805031236103
0.5280174033644358,0.21876660586004015
0.5390035450921078,0.0056212371070318845
0.7283490355034223,-0.28211742242725063
0.6470083465251336,-0.20131649302727556
0.7343740690973286,-0.5900611935973628
0.7078296814480445,0.45980779818636486
0.6526490956454021,0.6511211963498309
0.7453862988577041,0.6354230470315535
0.5280174033644358,-0.886827911725033
0.7453862988577041,-0.5307481763663018
0.6332666108799014,0.16955759578133967
0.6855488927282746,0.25469591567148964
0.5390035450921078,-0.014883248426245554
0.7343740690973286,-0.5102808088821784
0.587170940395704,0.049349432055767806
0.7424566698482483,0.9192240490448546
0.7230741850827477,-0.9006513344012008
0.7230741850827477,0.4405943969058034
0.7230741850827477,-0.6673364020599108
0.6263953556970063,-0.6157951370572616
0.6246962327501772,-0.7636134170220487
0.609451729115474,-0.4751259271175456
0.6526490956454021,0.044089179216847296
0.5461885425619118,0.21000409193396463
0.5196441549126277,0.33652563326375273
0.5957413185254283,-0.09261939218418702
0.7271890716275246,-0.400057249753439
0.7424566698482483,0.37074724140244586
0.7078296814480445,-0.2762525458299534
0.7424566698482483,0.15854501797369802
0.6180221072451982,-0.28161615853483885
0.5348886585473309,-0.7442630661219435
0.6526490956454021,-0.08660067012491834
0.6299710831708518,0.5378819662615675
0.7197786573736981,0.8308772321039751
0.6526490956454021,-0.4443441336757728
0.7368159207279799,-0.14730784942409747
0.7271890716275246,-0.6720531794869087
0.8408346221808188,-0.0033386003850419677
0.5280174033644358,-0.17468250115966671
0.609451729115474,0.41683517712193274
0.6359961167647581,-0.4145963249106817
0.6373814974246783,-0.2982255793833755
0.6373814974246783,0.44387691331194
0.4973633661928578,-0.7334726099989299
0.7078296814480445,0.4005831908881585
0.7197786573736981,2.6909436346301483
0.587170940395704,-0.15195339182358886
0.5196441549126277,-0.811697902558301
0.6180221072451982,0.7046161965861079
0.6855488927282746,-0.7622612687839644
0.6526490956454021,0.8022583415164664
0.5957413185254283,0.4118226921999024
0.6332666108799014,0.0519650242524905
0.5348886585473309,-0.730239164665611
0.7078296814480446,0.9196695587847913
0.7283490355034223,-0.014760510103352109
0.6246962327501772,-0.5133442319613525
0.5196441549126277,-0.6983491394090405
0.7197786573736981,1.5412952244781901
0.7230741850827477,-0.4943900909850164
0.7510270479779726,-0.5832632768149688
0.7453862988577041,0.37990933502020086
0.7197786573736981,-0.5676682288428241
0.7368159207279799,-3.671351011624857e-05
0.6359961167647581,0.2664885890081201
0.6470083465251336,-0.6477012865448387
0.5390035450921078,1.6214173885116148
0.6180221072451982,0.8864065167298049
0.6526490956454021,-0.40357919554942906
0.6470083465251336,0.055950640441495225
0.6855488927282746,0.5009963398241067
0.6526490956454021,0.2731666093017743
0.6299710831708518,-0.07879832321164693
0.5390035450921078,0.22342293257876888
0.4973633661928578,0.16497738166378917
0.6373814974246783,-0.8861745784036013
0.587170940395704,0.18915563866306784
0.5390035450921078,-0.44811238753455157
0.7230741850827477,-0.809459212796536
0.6299710831708518,-0.16006895908184793
0.5348886585473309,-0.36869953246534576
0.5957413185254283,0.9065563176383131
0.6359961167647581,-0.36142937546990495
0.6359961167647581,-0.8285971265666914
0.7271890716275246,-0.08135941510446032
0.628811119294954,-0.4878964502581944
0.6526490956454021,-0.24422038335359614
0.6299710831708518,-0.22926320609784517
0.609451729115474,-0.7771557249252087
0.6526490956454021,-0.09728903620219143
0.8408346221808188,1.2766639269582947
0.5348886585473309,-0.2023294248891353
0.6470083465251336,-0.38978140939544986
0.7368159207279799,-0.30199675628113304
0.7368159207279799,0.20694755558597455
0.6855488927282746,-0.4745568731330062
0.6526490956454021,-0.38454931076683846
0.5280174033644358,0.19551867172940685
0.7453862988577041,-0.09999887352095549
0.6445664948944824,-0.20763437398380663
0.4973633661928578,-0.42893211903743667
0.6299710831708518,-0.4674569036623193
0.8408346221808188,-0.5606899093858028
0.7510270479779726,-0.22973554309242128
0.7271890716275246,-0.6042628404679595
0.5280174033644358,-0.21027148632361442
0.617824977567282,0.5303001981702661
0.6359961167647581,-0.05932910221443466
0.7230741850827477,0.7640243724245978
0.7424566698482483,-0.5092012165810026
0.7078296814480445,-0.62672151080408
0.609451729115474,0.765320380071915
0.4973633661928578,-0.8021056059231978
0.5957413185254283,-0.3672850248499827
0.4973633661928578,-0.2654236547659684
0.5957413185254283,1.3247553110056933
0.5957413185254283,-0.3028368813847779
0.4973633661928578,0.21967225002760038
0.6299710831708518,0.6497966659986452
0.4973633661928578,-0.544085125986017
0.6526490956454021,-0.008324579783059671
0.6180221072451982,0.9228540122014101
0.6373814974246783,0.5827774024231429
0.4973633661928578,0.5843261025502462
0.5348886585473309,0.18220651595684445
0.6299710831708518,1.6047004984739028
0.5390035450921078,1.1529950898460126
0.617824977567282,0.34334160085437293
0.6526490956454021,-0.3737788081367673
0.7271890716275246,-0.7115698886270944
0.6526490956454021,-0.11719117330263462
0.6299710831708518,1.4659581858247748
0.5348886585473309,1.242730083534133
0.6445664948944824,0.8781549279760291
0.6299710831708518,0.3648750108266443
0.5461885425619118,0.8473690274850784
0.628811119294954,0.5184536732682495
0.6526490956454021,-0.5605859088949845
0.7283490355034223,-0.10470869777722369
0.8181566097062686,-0.49316422949466737
0.6470083465251336,-0.42608429650735535
0.6359961167647581,0.5788559432664186
0.7368159207279799,1.306846605356588
0.5280174033644358,-0.02747553663114155
0.6855488927282746,-0.8668146870354925
0.6470083465251336,0.23037651222984656
0.4973633661928578,0.32709668539114156
0.6263953556970063,-0.4132565655088922
0.8181566097062686,-0.23090664434233243
0.609451729115474,0.9380854601265212
0.6332666108799014,-0.26719833276815874
0.5461885425619118,-0.5775302011421228
0.6445664948944824,0.4103034628188015
0.8181566097062686,0.21741377955030028
0.6470083465251336,-0.5906698854211483
0.5957413185254283,0.32386710371843264
0.4973633661928578,-0.37421077243267936
0.5461885425619118,-0.16473993565790862
0.6246962327501772,0.24504408683801437
0.6526490956454021,0.8506379444358465
0.587170940395704,1.3864376962892275
0.7368159207279799,0.6079838759964655
0.7453862988577041,-0.13855993377964526
0.5196441549126277,0.3957092578175486
0.7424566698482483,0.13032717472790678
0.6246962327501772,-0.24781394929423678
0.5280174033644358,-0.6881017693629424
0.7368159207279799,0.44785029505413787
0.6373814974246783,-0.06947780640558954
0.6445664948944824,-0.5055577926487957
0.6470083465251336,0.9325589274501479
0.6332666108799014,-0.033908487618969696
0.5280174033644358,-0.7513923564499689
0.5348886585473309,-0.04042860313496621
0.7424566698482483,-1.2366195579514898
0.7510270479779726,-0.41340675633859836
0.5196441549126277,-0.4597330110429407
0.6526490956454021,-0.9705352878510641
0.6445664948944824,0.044984828309660996
0.617824977567282,-0.6279750153647602
0.7424566698482483,-0.7429664997897427
0.6180221072451982,0.7577297514720424
0.6246962327501772,0.4971658720807747
0.6180221072451982,0.24702257122289406
0.7283490355034223,1.1927810071331884
0.5280174033644358,-0.5221027295827746
0.8408346221808188,0.5500650930033398
0.5196441549126277,-0.4080685231643781
0.7453862988577041,0.8676387122383179
0.7453862988577041,-0.5754404226105427
0.5390035450921078,0.21616445861185085
0.7162029298998526,0.5620352856115424
0.6180221072451982,0.9539735304829996
0.5957413185254283,0.9801929837333363
0.587170940395704,-0.15227745926403347
0.6180221072451982,-0.19663830980133773
0.6526490956454021,1.2488644932183504
0.6445664948944824,-0.22322364131574224
0.7271890716275246,-0.7293151301372328
0.5348886585473309,-0.29336969397704826
0.4973633661928578,-0.5305672647352021
0.7283490355034223,-0.4082726942520965
0.6373814974246783,1.0400457564613361
0.5348886585473309,-0.22344548038704964
0.609451729115474,-0.5506384409206024
0.8351938730605504,-0.18786008168956958
0.6299710831708518,0.4375646941154483
0.6445664948944824,-0.46632918395031187
0.4973633661928578,-0.43159182428759024
0.6180221072451982,0.5279035413549581
0.6180221072451982,0.0579059209728352
0.587170940395704,0.398470129733156
0.5461885425619118,-0.35377079096021824
0.4973633661928578,-0.5543353856402095
0.6299710831708518,0.7764167207974666
0.617824977567282,0.39611552242508796
0.5348886585473309,-0.11430895361529098
0.7197786573736981,-0.4565877346737746
0.7162029298998526,-0.40032101215042
0.6332666108799014,0.6185474504024167
0.6526490956454021,-0.0506911526336955
0.7424566698482483,0.009944876491161159
0.6359961167647581,0.8042374153289513
0.7271890716275246,-0.5947544302141966
0.6526490956454021,0.7636280554901569
0.6299710831708518,0.12682071911844284
0.6470083465251336,0.4030308743891108
0.6526490956454021,0.5411226645013216
0.7283490355034223,0.11895472486972491
0.7197786573736981,-0.5291492069069498
0.6180221072451982,0.09732502079590089
0.6263953556970063,2.5682718919168757
0.7230741850827477,1.0061631287752668
0.609451729115474,-0.20753979271797085
0.6180221072451982,0.37587804811854597
0.6180221072451982,-0.08262061916513141
0.6373814974246783,-0.6573508646153858
0.5957413185254283,-0.44806814394020034
0.6445664948944824,-0.13262876974295412
0.7343740690973286,-0.049853843934715814
0.6299710831708518,-1.0115737279808645
0.7343740690973286,-0.2529896968728992
0.8181566097062686,-0.6789089734744327
0.6373814974246783,-0.11904542778598215
0.5957413185254283,-0.2239129006222681
0.6263953556970063,-0.2750090318778096
0.6526490956454021,-0.7740282269784735
0.7343740690973286,1.3709897800083564
0.7343740690973286,-0.2868185232810119
0.7271890716275246,-1.1351693400931757
0.5280174033644358,-0.07725221434839868
0.6332666108799014,-0.43873885377615385
0.617824977567282,-0.4699951465660161
0.6526490956454021,0.11446650448009099
0.4973633661928578,-0.8982277240008345
0.7343740690973286,-0.9368477222821692
0.6299710831708518,0.5477751619166271
0.5348886585473309,0.2623464733038876
0.7283490355034223,-0.6021489009992704
0.8351938730605504,-1.2068678855959147
0.6526490956454021,0.13197451619567702
0.5280174033644358,1.1728544404661487
0.4973633661928578,-0.39173487644389615
0.6855488927282746,0.39948975615726223
0.5957413185254283,-0.3404317260279242
0.5196441549126277,-0.36529675159486336
0.5196441549126277,0.6402469728974819
0.6359961167647581,-0.014323563272682693
0.7283490355034223,-0.3407172670242004
0.7078296814480445,0.5464892188137143
0.5390035450921078,0.09226961472504402
0.6263953556970063,0.835750449702994
0.587170940395704,-0.03413607357076476
0.6445664948944824,0.0871949649698941
0.6470083465251336,2.090274292887873
0.8408346221808188,-0.9982802075752137
0.5957413185254283,0.3911621987330588
0.7162029298998526,-0.7967046679234246
0.6299710831708518,0.5844053156060329
0.6263953556970063,-0.25577562383754077
0.5957413185254283,-0.0559033136230207
0.7453862988577041,-0.30594059329450296
0.7078296814480445,-0.604612751629753
0.5280174033644358,-0.3628944821998964
0.7271890716275246,-0.5423269115676874
0.7162029298998526,-0.5723286720713774
0.587170940395704,0.34971767110935936
0.5196441549126277,-0.5918825373771024
0.6470083465251336,0.253666651959804
0.7283490355034223,-0.17222075041395968
0.7162029298998526,-0.7822746791645409
0.8408346221808188,-0.7473618566613457
0.4973633661928578,0.4546155390692611
0.7343740690973286,-0.32095997141816784
0.6445664948944824,0.29351167753370566
0.6246962327501772,0.8429211468588812
0.7343740690973286,0.3564278982588671
0.8351938730605504,-0.3555268972071149
0.4973633661928578,1.6211487691997806
0.6246962327501772,-1.204014139031331
0.6526490956454021,-0.19985374567885666
0.6526490956454021,-0.6499639040021639
0.5196441549126277,-0.31629204855625664
0.5280174033644358,-0.3715424268182567
0.6332666108799014,-0.008497580072074351
0.7343740690973286,0.45115087501787077
0.6332666108799014,0.31820128539839865
0.6263953556970063,-0.3134410825289448
0.7230741850827477,-1.0930352861336083
0.4973633661928578,1.3533193410623
0.7162029298998526,-0.18298849648185123
0.7453862988577041,0.9221721333430469
0.6359961167647581,0.9432846868786979
0.6359961167647581,-0.8907072216035727
0.6299710831708518,0.6146991991179016
0.6246962327501772,-0.01030728932017455
0.8408346221808188,-0.20775724237773063
0.6299710831708518,-0.4725973173564183
0.7510270479779726,1.6130611044253265
0.6359961167647581,0.2482902970306925
0.609451729115474,-0.5410993960627569
0.5957413185254283,0.34323290657072436
0.6373814974246783,-0.9592802056709652
0.6855488927282746,-0.28861762780971273
0.6332666108799014,0.09899382513806976
0.5461885425619118,0.0651273484441931
0.617824977567282,0.4286998417831295
0.5390035450921078,-0.8567392715182021
0.7283490355034223,-0.17621994596033608
0.6470083465251336,0.4980274667588874
0.6373814974246783,-0.6777123625655106
0.8351938730605504,0.3575215035329946
0.7368159207279799,0.1970387383403106
0.7510270479779726,0.014532743422418726
0.609451729115474,1.0219881158536441
0.5348886585473309,-0.9155524770311991
0.7283490355034223,0.99459568923033
0.5957413185254283,0.26499327752840585
0.6526490956454021,-0.8250354900321285
0.6526490956454021,-0.27299155646156875
0.8351938730605504,-0.5980903767845822
0.7197786573736981,-0.009034417229762948
0.7424566698482483,1.5020041347639448
0.6373814974246783,-0.27927197297712114
0.5348886585473309,-0.3299723792514786
0.7510270479779726,2.0375660802829314
0.7343740690973286,-0.5508181078713186
0.8408346221808188,-0.9406222508250864
0.587170940395704,-0.40205603861000966
0.8351938730605504,-0.18565104377567399
0.7343740690973286,-0.704111824991952
0.5348886585473309,0.2953098374425497
0.7271890716275246,0.8689375574754316
0.6526490956454021,-0.11496719195404581
0.4973633661928578,-0.6809372267989272
0.609451729115474,-0.011920200011464877
0.8351938730605504,-0.5909316196798481
0.5280174033644358,-0.45075205666704105
0.7283490355034223,-0.620112938312718
0.6445664948944824,0.2860258003416606
0.6855488927282746,0.9368093713186166
0.6373814974246783,0.18226665138924658
0.7283490355034223,-0.4803239333548436
0.6526490956454021,0.3064252638899513
0.4973633661928578,0.2650425838346321
0.5280174033644358,-0.3414066417090437
0.628811119294954,0.6763505152961137
0.8181566097062686,0.40698242119154415
0.587170940395704,1.0724662572160248
0.5196441549126277,-0.22144099867665484
0.6470083465251336,0.7056157551325727
0.8181566097062686,-0.014884710348277541
0.5196441549126277,0.7362204556568589
0.7510270479779726,-0.3193596381475811
0.5196441549126277,-0.18198283981044883
0.4973633661928578,-0.5727298992350688
0.4973633661928578,-0.2650369864012704
0.6526490956454021,-0.5449647023217504
0.7510270479779726,-0.3222897176656915
0.7343740690973286,-0.33261501994969656
0.587170940395704,0.5059814367124692
0.6855488927282746,0.529592549513984
0.5280174033644358,-0.6385110711275177
0.8408346221808188,-0.567209005403611
0.7368159207279799,-0.3269922583001513
0.6299710831708518,-0.3566255647469468
0.7230741850827477,1.0537412596967517
0.6470083465251336,1.0683757100529507
0.8181566097062686,0.5632345754705249
0.6445664948944824,-0.21897606646016865
0.7271890716275246,-0.37173723539786885
0.7368159207279799,0.006966387675376162
0.628811119294954,0.36913458293558754
0.8408346221808188,1.031885994364385
0.7424566698482483,-0.6218898680093603
0.7197786573736981,-0.4357204180804563
0.6299710831708518,0.4948719191448281
0.628811119294954,0.1795960500292798
0.5390035450921078,-0.23166790055954506
0.6332666108799014,-0.12890092767201622
0.4973633661928578,-0.3161762860458196
0.587170940395704,0.5023014732428729
0.8351938730605504,-0.1466554967427196
0.5280174033644358,0.7235939308264094
0.7078296814480445,-0.6305983990275319
0.5461885425619118,-0.27162590477366666
0.5957413185254283,-0.15256811505231305
0.7424566698482483,0.5112816799476484
0.7197786573736981,-0.5411876337071866
0.8408346221808188,-0.1002874337481161
0.6299710831708518,0.5376605166368063
0.6470083465251336,1.2371216526341908
0.6470083465251336,1.4063789622311171
0.8351938730605504,0.7412352339095283
0.6855488927282746,-0.4621686493948408
0.5390035450921078,1.0554157707010818
0.5196441549126277,-0.09609030568295562
0.5461885425619118,-0.36238075743480785
0.8351938730605504,-0.7944963662885138
0.7230741850827477,-0.28585398284329033
0.6855488927282746,-0.5697588640128545
0.7271890716275246,-0.15716732821659696
0.7510270479779726,-0.3743712377035113
0.6470083465251336,0.35225870576977636
0.7453862988577041,0.3126974591629633
0.7283490355034223,0.4062861664957449
0.7078296814480445,0.0025594487133624444
0.628811119294954,-0.09299177705570627
0.7368159207279799,0.3734783010182048
0.4973633661928578,-0.5340252758696151
0.6299710831708518,-0.36150952197194103
0.4973633661928578,-0.02601470443406173
0.6470083465251336,0.7121922459100313
0.7453862988577041,-0.5372262821347973
0.7078296814480445,-0.3031077827958718
0.5390035450921078,1.3933195740460615
0.6332666108799014,-0.20586220553207424
0.6299710831708518,-0.48188027016152746
0.5280174033644358,-0.2494623810100035
0.8181566097062686,-0.7185713990642305
0.7283490355034223,0.48648723709783237
0.6299710831708518,0.19431097692589017
0.6373814974246783,1.26175599592101
0.6246962327501772,-0.7862659658181357
0.628811119294954,0.0727264632026341
0.8351938730605504,-0.5871547248794758
0.7078296814480445,-0.20242204850224044
0.6263953556970063,1.1565601723235799
0.7368159207279799,0.8321542469353935
0.4973633661928578,-0.3067167259368522
0.5461885425619118,0.1568689680511821
0.7162029298998526,0.9207677726318083
0.5196441549126277,-0.03463929635799229
0.7424566698482483,0.534791753896482
0.6470083465251336,-0.526423196019725
0.6299710831708518,-0.42231167484183374
0.6470083465251336,0.18291340561598812
0.5348886585473309,-0.37209223256073876
0.7197786573736981,-0.3547480494275509
0.5957413185254283,-0.42694667259254704
0.6180221072451982,0.2314738213335279
0.6180221072451982,-0.11197130481293671
0.7343740690973286,0.013886385433017012
0.6470083465251336,-0.38294260729229274
0.609451729115474,-0.8256051434613896
0.7510270479779726,-0.5130025295409479
0.7078296814480445,-0.7042633483804864
0.5957413185254283,0.7697521461934207
0.5196441549126277,-0.04717812237167657
0.7368159207279799,-1.0858066072345882
0.6373814974246783,0.031443123323047883
0.5196441549126277,0.09739824581471634
0.6526490956454021,0.034974206358131976
0.5390035450921078,0.12040332940356502
0.6373814974246783,0.07961755215567923
0.7424566698482483,0.2735838992232543
0.4973633661928578,-0.6093539231833809
0.609451729115474,-0.37218296992056754
0.609451729115474,-0.22157831820092544
0.7197786573736981,-0.5452432507865455
0.6332666108799014,-0.1972118404625789
0.6445664948944824,0.11529926624586861
0.5390035450921078,-0.5440502583553833
0.5957413185254283,0.37119066320667504
0.8181566097062686,-1.0580119024996806
0.6246962327501772,0.5238033006141428
0.6359961167647581,-0.7599257541265116
0.8181566097062686,-0.029375165512828594
0.6299710831708518,-0.19008425869759205
0.6263953556970063,-0.4925690815541789
0.5196441549126277,0.6295319938359919
0.5390035450921078,-0.9759227884522006
0.5957413185254283,0.7203964764203441
0.6526490956454021,-0.13026473224253976
0.7424566698482483,-0.21414173950606108
0.5280174033644358,-0.10757948268997342
0.6445664948944824,-0.10300615859859108
0.5348886585473309,0.5853636207207331
0.6246962327501772,-0.053214495898785685
0.6263953556970063,-0.28092777022895227
0.6180221072451982,0.8405019810826307
0.7453862988577041,0.8922535539483635
0.4973633661928578,-0.22483340945305996
0.5390035450921078,0.0897210009617192
0.5196441549126277,-0.3439750097571622
0.7078296814480445,-0.49673620148129943
0.7283490355034223,-0.1100238434816938
0.7453862988577041,0.7137851504015885
0.6526490956454021,-0.5800735828198235
0.7424566698482483,-0.7316458182593641
0.7162029298998526,-0.39143976340076114
0.7510270479779726,-0.4743026168173702
0.7453862988577041,-0.866436365477897
0.7453862988577041,-0.2696507534836079
0.6470083465251336,0.06226584197756102
0.617824977567282,0.18253786679823059
0.7510270479779726,-0.036445728612517936
0.7078296814480445,0.19243763849084605
0.8408346221808188,-0.34291540897639994
0.6855488927282746,-0.5485336756732363
0.7368159207279799,0.008657165891953755
0.628811119294954,-0.042085850807886516
0.7424566698482483,-0.5986635592096552
0.5390035450921078,2.1735056864079327
0.7197786573736981,0.07310928254917648
0.6855488927282746,1.0848237500224562
0.7162029298998526,0.21068663539110533
0.7368159207279799,0.9177987401078833
0.6526490956454021,-0.5072077464602054
0.7283490355034223,-0.23704836918764333
0.6332666108799014,-0.2827679912111816
0.7510270479779726,0.686855297853852
0.4973633661928578,-0.3750061856986825
0.6180221072451982,-0.4166419907513377
0.5390035450921078,-0.2968623963509893
0.5348886585473309,0.47517168525200715
0.5957413185254283,-0.1531294412655822
0.7453862988577041,0.38841795742842555
0.5348886585473309,1.0497534839759266
0.5280174033644358,-0.531168663363242
0.6263953556970063,-0.3617116294289406
0.5196441549126277,-0.47292890379184516
0.6855488927282746,-0.8726484058178089
0.7230741850827477,-0.6809420411795876
0.5348886585473309,-0.4051511410809714
0.6299710831708518,-0.3682047667077888
0.4973633661928578,0.7387511832575246
0.6526490956454021,0.5847611346665098
0.7510270479779726,-0.48146551531672555
0.6332666108799014,0.05448398426854628
0.7271890716275246,0.5017226759208732
0.7510270479779726,-0.5276216109667712
0.4973633661928578,-0.818908646228947
0.7283490355034223,0.08134112326357912
0.5348886585473309,-0.6880503276103581
0.6359961167647581,0.03013031945924638
0.5957413185254283,-0.016496363721583807
0.4973633661928578,0.4555864159593275
0.5348886585473309,0.6271393962040945
0.6470083465251336,-0.3622529526393392
0.5390035450921078,0.8218839271521525
0.5196441549126277,0.3537868827407198
0.4973633661928578,0.6970855091595733
0.7424566698482483,0.21537922539351562
0.7230741850827477,0.4906130608903744
0.628811119294954,-0.188714981220321
0.7271890716275246,0.50682133291977
0.8408346221808188,-0.11436098861789312
0.6299710831708518,0.41681506741923413
0.628811119294954,-0.19373892530323367
0.7162029298998526,1.548069683772224
0.7343740690973286,-0.42583859807133867
0.6180221072451982,-0.048913349056009636
0.7162029298998526,1.4896215399032857
0.7283490355034223,-1.0288907734965744
0.8351938730605504,-0.3760403943888082
0.8351938730605504,0.12414719114697992
0.7230741850827477,-0.3757173300002284
0.5390035450921078,-0.37992937697486756
0.6470083465251336,0.9868654821515171
0.5280174033644358,-0.11563990761366139
0.6299710831708518,-0.3220903589106059
0.6332666108799014,-0.34585234928613107
0.5348886585473309,-0.7710538749454723
0.6470083465251336,-0.3235879877246567
0.6180221072451982,-0.013435138859495321
0.7343740690973286,-0.5725772102254068
0.6263953556970063,-0.41081755261353453
0.7343740690973286,-0.88447652074619
0.4973633661928578,0.5843261025502462
0.6526490956454021,-0.20763960881976495
0.5390035450921078,-0.21404071692715393
0.609451729115474,2.1013155839596127
0.5390035450921078,-0.9167327249765722
0.7424566698482483,0.6669585815381752
0.6470083465251336,-0.395418611708674
0.7510270479779726,-0.2500131824702232
0.6263953556970063,-0.37964669022954767
0.7271890716275246,0.6533909185301868
0.6332666108799014,0.07789468678099165
0.8408346221808188,-0.42193062186332425
0.7510270479779726,0.5474624850932808
0.7453862988577041,0.03525312639001055
0.7230741850827477,0.400336076478771
0.5280174033644358,0.3873925807672969
0.609451729115474,-0.8244073928567751
0.4973633661928578,-0.16593820176663504
0.4973633661928578,-0.3590136379090846
0.6855488927282746,0.7463917672198371
0.7510270479779726,0.021978177034501778
0.7162029298998526,0.07394377545241237
0.8181566097062686,0.4178088966074355
0.5196441549126277,0.15814265689240714
0.7162029298998526,0.2449994066323914
0.7078296814480445,-0.7639915449502578
0.5390035450921078,0.7119536511196596
0.6299710831708518,0.9487554456549183
0.6299710831708518,1.132951676038408
0.7162029298998526,-0.15450365678508893
0.7368159207279799,0.09651202753017585
0.5280174033644358,-0.2936582626009139
0.7078296814480445,0.8084242352469493
0.6470083465251336,-0.8672108519547589
0.6373814974246783,-0.3778187689801407
0.6332666108799014,0.34789072580943614
0.5196441549126277,0.02109079217977683
0.6445664948944824,-0.1918660815786482
0.8181566097062686,-0.20237363553622933
0.8181566097062686,-0.6585567465402128
0.6445664948944824,-0.30353708654344186
0.628811119294954,0.053026953688101064
0.6246962327501772,0.3986610466812607
0.7283490355034223,0.19038000127371302
0.5196441549126277,-0.15469608782798988
0.4973633661928578,0.3004531061939584
0.7271890716275246,0.21129300091192127
0.7368159207279799,0.15556860126021543
0.7453862988577041,0.4114675390695469
0.7197786573736981,-0.5423954408063384
0.8351938730605504,-0.6192908714079519
0.7510270479779726,0.3648855895621108
0.6445664948944824,-0.5081310356664562
0.5957413185254283,1.4001624471304153
0.8408346221808188,-0.30878520498357387
0.6373814974246783,0.04516822794248654
0.7078296814480445,-0.09927233944923075
0.6445664948944824,-0.16737885751644954
0.7283490355034223,0.5789666724717466
0.7510270479779726,0.05072419225901492
0.6445664948944824,0.8336211696967343
0.7453862988577041,0.9372690636187285
0.5280174033644358,-0.1304140513917038
0.7230741850827477,0.7086344100732441
0.5348886585473309,-0.30813770175382693
0.5390035450921078,-0.28198175704080364
0.7343740690973286,-1.3065087676121983
0.6263953556970063,-0.12261936228434467
0.7162029298998526,0.4956975670650644
0.7510270479779726,0.07876735969831383
0.609451729115474,0.9713128647169038
0.7283490355034223,-0.4749327620917101
0.7283490355034223,0.015986573945232285
0.6359961167647581,-0.27877464219443854
0.6373814974246783,0.1257942314571714
0.7510270479779726,0.2304745539628673
0.6180221072451982,0.4872713459882855
0.5280174033644358,-0.4310902588270321
0.6359961167647581,-0.785259409349266
0.7424566698482483,0.15595587540709055
0.8408346221808188,-0.9966137271733337
0.7510270479779726,0.353026907933774
0.6445664948944824,0.220404752772136
0.7271890716275246,-0.5728936022851014
0.6263953556970063,0.8803547107579985
0.7368159207279799,0.2710419946715894
0.7424566698482483,0.7195460036344742
0.7424566698482483,-0.9894017433684156
0.7162029298998526,-0.3600399069659743
0.5196441549126277,-0.4479496428094
0.6373814974246783,0.24699515473282807
0.6246962327501772,-0.09622200581562468
0.6180221072451982,0.9215758750462696
0.5390035450921078,-0.9092548029734198
0.6332666108799014,-0.17168383773157103
0.7510270479779726,0.9176211595227579
0.8351938730605504,-0.2520111790749969
0.6332666108799014,0.018773847119996634
0.6359961167647581,0.254951165790407
0.5280174033644358,0.005739067367021455
0.6470083465251336,-0.6380031155834888
0.6526490956454021,-0.2661633617990478
0.5390035450921078,0.5608358570478258
0.7343740690973286,-0.5839847973271942
0.7197786573736981,-0.011466350802867953
0.6299710831708518,-0.2511217874744089
0.5280174033644358,-0.17862626203776932
0.7197786573736981,0.11604204887557534
0.7510270479779726,-0.3345230927512759
0.6332666108799014,0.010403467129346144
0.5280174033644358,1.0361900197301177
0.609451729115474,0.03710225219032359
0.6470083465251336,-0.2583425601494551
0.6299710831708518,0.4502616651322251
0.5390035450921078,-0.46766476073478874
0.7283490355034223,-0.031086634095138788
0.6373814974246783,0.3121544374254829
0.6470083465251336,-0.2146043700652277
0.8351938730605504,0.46730743579345657
0.6332666108799014,-0.7175857243600001
0.6263953556970063,0.27119981824408534
0.5280174033644358,0.664182187862046
0.6359961167647581,0.2541795252778646
0.5348886585473309,-0.38131120012349495
0.6299710831708518,0.5364789345005385
0.6470083465251336,0.021303166211614433
0.8351938730605504,-0.6960096627580058
0.5196441549126277,0.05839386824010839
0.6855488927282746,0.6655498297464925
0.7271890716275246,0.8872610387300462
0.6526490956454021,-0.17502222230232833
0.7283490355034223,-0.8468428612101027
0.7453862988577041,0.2733482712919667
0.7078296814480445,1.2888828236413592
0.7368159207279799,-0.6094435434595575
0.6180221072451982,1.0521287054616333
0.6359961167647581,-0.28012035208638564
0.8408346221808188,-0.7649033703551206
0.7510270479779726,0.2841618309077303
0.5390035450921078,-0.4954860187855916
0.6470083465251336,-0.3776837461096092
0.7510270479779726,0.6053436580994005
0.7162029298998526,-0.9155263222728889
0.7453862988577041,-0.24728154331536106
0.6445664948944824,-0.9860778465705948
0.8351938730605504,-0.10108173220081951
0.5348886585473309,1.7868688632070873
0.7197786573736981,1.3874743842048125
0.8408346221808188,0.13439588707374284
0.8351938730605504,-0.5716652098483563
0.7510270479779726,0.0522303853651378
0.7271890716275246,-0.6091849048644381
0.4973633661928578,-0.4064238145907291
0.6470083465251336,1.1250592542739062
0.628811119294954,0.00786544024996716
0.7424566698482483,-0.2346204900253026
0.7271890716275246,0.4168045300561488
0.7078296814480445,-0.14240360597251667
0.6470083465251336,0.24048595961795027
0.7510270479779726,0.5338256642369843
0.6299710831708518,-0.34811479770329656
0.8181566097062686,0.01813942333106966
0.8351938730605504,-0.24370108433234994
0.7510270479779726,0.045030719613654124
0.6470083465251336,-0.2947687843676772
0.5957413185254283,0.8550070757895538
0.5957413185254283,0.28633342603671985
0.6526490956454021,1.4200262820862957
0.7162029298998526,0.7820256402325857
0.7162029298998526,-0.7381846677449561
0.5280174033644358,0.6533867337088297
0.6359961167647581,-0.8474764486215778
0.6470083465251336,0.18875951241227207
0.5196441549126277,-0.3175906432320942
0.6470083465251336,-0.26824395089068037
0.4973633661928578,-0.35202837346171345
0.7343740690973286,-0.6458473907573012
0.6470083465251336,-0.3623086168431519
0.5957413185254283,-0.2129315147316152
0.6359961167647581,0.28834393226133714
0.5348886585473309,-0.021286173830887378
0.7510270479779726,0.33610000380459737
0.6855488927282746,0.46708177391196515
0.587170940395704,0.6697309082491191
0.8351938730605504,0.14732873291683346
0.7078296814480445,-0.7691084546754692
0.7230741850827477,-0.9444063778951495
0.5461885425619118,-0.5126171220400926
0.7424566698482483,-0.49560792017031696
0.5390035450921078,0.206715639457403
0.5348886585473309,-0.41868090742665337
0.5196441549126277,-0.18902408027514894
0.7230741850827477,0.12283502585667971
0.5957413185254283,-0.2936600883177234
0.7368159207279799,-0.6477293401298626
0.587170940395704,-0.08845601599899522
0.6855488927282746,-0.28097751722486214
0.5196441549126277,-0.5994273546058771
0.6445664948944824,0.6423126974701675
0.6526490956454021,-0.7215224385601436
0.7343740690973286,-0.8531013002908312
0.7078296814480445,0.009782134488550809
0.5461885425619118,-0.04207628308708533
0.6470083465251336,-0.29944901381508704
0.7368159207279799,-0.2895703016227399
0.617824977567282,1.1533860783361511
0.4973633661928578,0.42580780110342653
0.6332666108799014,-0.41046567825348934
0.7368159207279799,0.421990183254632
0.7453862988577041,-0.5691519817452739
0.7510270479779726,0.8805662903673444
0.7343740690973286,-0.2527484253808916
0.6263953556970063,1.210435052489277
0.7368159207279799,1.2061939408422984
0.7197786573736981,-0.30849418133822837
0.7283490355034223,-0.4541313778396588
0.5196441549126277,-0.13552941924238687
0.7271890716275246,-0.008405626296566049
0.6470083465251336,-0.2541287041942044
0.7510270479779726,-0.34658499629439
0.6445664948944824,-0.1384992944919794
0.6470083465251336,-0.4455234190292389
0.617824977567282,0.47555280159571656
0.8181566097062686,-0.508731294172184
0.5196441549126277,0.8793645354761203
0.7510270479779726,0.16288790396342878
0.7343740690973286,-0.2500622297429202
0.7162029298998526,0.464941825952372
0.7343740690973286,0.21594182548045038
0.6246962327501772,-0.13350111267920617
0.7368159207279799,-0.3794324978117124
0.7197786573736981,0.29788438784150084
0.5390035450921078,0.027094161182697918
0.6263953556970063,0.5104803611503019
0.6526490956454021,-0.5608373920119035
0.6263953556970063,-0.14703464083904794
0.6470083465251336,-0.0012439060124249668
0.5461885425619118,0.38814860871051093
0.8351938730605504,0.7005110584377534
0.8408346221808188,-0.31616177527010614
0.6445664948944824,0.9435977083358958
0.587170940395704,-0.03262782528699226
0.7197786573736981,-0.12437082966487156
0.7230741850827477,-0.3381895427092655
0.6373814974246783,-0.48175185465707016
0.5348886585473309,-0.5158440636281009
0.617824977567282,0.4743101797019672
0.4973633661928578,0.9917792825810059
0.6470083465251336,-0.6906599656896438
0.4973633661928578,0.5811839267633265
0.6445664948944824,-0.38500631203321867
0.6359961167647581,0.6774257586685652
0.8408346221808188,0.7871249798525165
0.6299710831708518,-0.46375189310354004
0.7162029298998526,-0.40606784846329036
0.6526490956454021,-0.4023775776761821
0.6470083465251336,-0.061487357443267276
0.6526490956454021,0.28653716185455125
0.6526490956454021,1.8567450400046979
0.5196441549126277,0.22217556385123427
0.7162029298998526,-0.7605169519560228
0.7343740690973286,0.13810633264033279
0.5196441549126277,-0.8455330333893543
0.8351938730605504,-0.10827908979627088
0.7343740690973286,-0.3901503104409876
0.5348886585473309,1.6161470250466579
0.7283490355034223,0.7539931878005657
0.5348886585473309,-0.25376205127470974
0.7230741850827477,0.19527953735941894
0.6263953556970063,-0.5235544215284159
0.8181566097062686,0.3136907252423985
0.6246962327501772,0.8896394782552374
0.7510270479779726,-0.8812727586583902
0.8351938730605504,0.012279629042365015
0.5390035450921078,-0.08414026721087442
0.7271890716275246,-0.14826909992663162
0.8181566097062686,-0.4005204041460455
0.7078296814480445,-1.0814168339663983
0.6855488927282746,-0.15424622207882133
0.609451729115474,0.8569798275268758
0.7230741850827477,-0.1971521083543838
0.5348886585473309,-0.3859039852968763
0.5957413185254283,0.47191844511684966
0.6855488927282746,-0.6462490480678568
0.6470083465251336,-0.11543377865616034
0.5390035450921078,-0.34535010398180227
0.628811119294954,0.1500343765650699
0.6855488927282746,0.6795971610747725
0.628811119294954,0.9386537614231248
0.8181566097062686,-0.08179554547547929
0.5390035450921078,-0.07711128675893542
0.5957413185254283,-0.06523266284940632
0.8351938730605504,0.483997187351348
0.6526490956454021,0.9451946433696168
0.4973633661928578,-0.32919905191062104
0.7343740690973286,1.0230541699493974
0.5348886585473309,0.8648194101956943
0.6180221072451982,1.0504889747137662
0.6180221072451982,-0.42104891184892834
0.7510270479779726,-0.34449384379380776
0.8408346221808188,-0.09279526598222443
0.628811119294954,-0.1435152644365819
0.6180221072451982,-0.30251628058657815
0.6470083465251336,-0.7718297812455102
0.6180221072451982,0.7122983646713815
0.6246962327501772,-0.5373633324544348
0.6180221072451982,-0.254196063481589
0.7162029298998526,-0.016654431561210714
0.7343740690973286,-0.17745459867723679
0.5461885425619118,-0.9453597985502051
0.6470083465251336,-0.4060813030374909
0.7197786573736981,-0.17413169505299808
0.6263953556970063,-0.10946466582760173
0.7343740690973286,0.10518424670534876
0.7078296814480445,-0.14834864544848758
0.609451729115474,1.144821218378587
0.4973633661928578,-0.15719653441788967
0.7510270479779726,1.8093863915905806
0.6445664948944824,0.7710725193252693
0.6373814974246783,-0.4694206470758374
0.5461885425619118,0.8190477710511855
0.7453862988577041,-0.22006480965788433
0.7078296814480445,0.8032182976018774
0.5390035450921078,-0.3518302769110715
0.5390035450921078,-0.10801267561435063
0.5348886585473309,-0.32497349785759505
0.5390035450921078,-0.10520374936220361
0.7230741850827477,0.03717387160283736
0.6470083465251336,0.7134271371817741
0.5461885425619118,-0.43194964662255175
0.6373814974246783,0.7039801138732125
0.6299710831708518,-0.7435947559953981
0.6180221072451982,0.7777574518178291
0.7230741850827477,0.9523438463881561
0.5196441549126277,-0.32310522892203764
0.587170940395704,-0.11366831481116074
0.6470083465251336,-0.46114324221150504
0.8181566097062686,-0.9660545951004345
0.6855488927282746,-0.495943924501643
0.8351938730605504,-0.6983472194916848
0.6299710831708518,-0.4554621320993051
0.6373814974246783,0.9234766986935794
0.6470083465251336,-0.33866541224544006
0.5196441549126277,0.03903605264671228
0.6299710831708518,0.5924068724410358
0.7162029298998526,-0.8541239427826579
0.6359961167647581,0.7229919992000187
0.7453862988577041,0.016977848073313373
0.6332666108799014,1.10424599594458
0.5461885425619118,1.9864764535390789
0.6526490956454021,-0.05302647504677982
0.7271890716275246,0.5356650947387896
0.7283490355034223,-0.8339459124258789
0.8181566097062686,0.6057423275868966
0.4973633661928578,-0.10631772065210676
0.4973633661928578,0.021454057895861633
0.7283490355034223,-0.21373019508871993
0.8408346221808188,0.09944349806590791
0.7424566698482483,2.035372149072877
0.5461885425619118,-0.2016884016989709
0.609451729115474,0.17691449179471752
0.5348886585473309,-0.19122874385565247
0.7197786573736981,-0.03898911889510892
0.6470083465251336,-0.5665422515777643
0.7453862988577041,-0.14085445366854166
0.5280174033644358,0.10642264706635962
0.7510270479779726,0.18923642768196713
0.628811119294954,-0.19225737651270142
0.6263953556970063,-0.4628008098792479
0.5348886585473309,-0.5500481857441885
0.587170940395704,-0.5314984188363951
0.7230741850827477,0.9754583029732241
0.6246962327501772,-0.6287116838785318
0.6263953556970063,-0.15988206059316307
0.617824977567282,0.42961060640749993
0.5390035450921078,-0.8567873631592904
0.6855488927282746,-0.1648313556545593
0.5390035450921078,0.08553851022830761
0.6263953556970063,-0.33885994401010955
0.5957413185254283,0.01885804063626262
0.5957413185254283,-0.4794975113232659
0.6359961167647581,0.06672067862043252
0.6470083465251336,0.11850228539655072
0.8181566097062686,-0.7775531030445161
0.6299710831708518,1.1946453679122169
0.7283490355034223,-0.4045262526497185
0.7162029298998526,-0.03170978775516686
0.7283490355034223,0.5872000624452485
0.6299710831708518,-0.2770832512969255
0.5957413185254283,-0.30076414515034344
0.609451729115474,0.5122482426558828
0.5461885425619118,-0.34904635588978905
0.7510270479779726,0.5381592080379185
0.8181566097062686,-0.46502070077926627
0.5461885425619118,0.9504519578158083
0.6373814974246783,2.5416558366249062
0.6445664948944824,0.5441881280859949
0.7368159207279799,-0.9529617632175527
0.7510270479779726,-0.02340781516851509
0.7283490355034223,-0.47776208287982536
0.7510270479779726,0.6604785229422621
0.6526490956454021,0.12305717767441227
0.5461885425619118,-0.4629400864941425
0.5390035450921078,0.7918032643464612
0.6246962327501772,-0.049148717146078935
0.6180221072451982,-0.0033089581303469284
0.6263953556970063,-0.2862843901432325
0.7424566698482483,-0.37730889195791784
0.5280174033644358,-0.1815243291822905
0.8181566097062686,0.3715337950043204
0.4973633661928578,1.2446660072683648
0.6299710831708518,-0.6374315433448445
0.7197786573736981,0.3910053544131461
0.8351938730605504,0.023635782705488717
0.7283490355034223,0.8441509961317877
0.628811119294954,0.3614484779150743
0.5196441549126277,-0.33544677524449956
0.6263953556970063,0.5444709566716195
0.5348886585473309,-0.8770110069864119
0.6332666108799014,-0.42635285306322834
0.8181566097062686,0.1207193450398818
0.5196441549126277,0.10714786875350468
0.617824977567282,-0.5134683856724658
0.5196441549126277,-0.1341771492098246
0.8181566097062686,0.8611413021528004
0.7510270479779726,0.26150790008357183
0.7510270479779726,-0.1715297002876507
0.7271890716275246,0.41506909264888614
0.5461885425619118,0.04421098362099307
0.5957413185254283,-0.39514460761141174
0.8351938730605504,0.9144287097783315
0.6470083465251336,0.5019619242624366
0.7283490355034223,0.11939948046419191
0.5461885425619118,-0.561124531198407
0.5280174033644358,-0.2227926082182446
0.8351938730605504,-0.700017646411809
0.8351938730605504,-0.4250441548775448
0.6526490956454021,-0.24363841385244206
0.7510270479779726,0.7916985262827629
0.6855488927282746,1.237082467036148
0.6470083465251336,-0.4737530981153733
0.6526490956454021,0.7024107317288435
0.587170940395704,-0.011348450551648681
0.7271890716275246,-0.04985181183120191
0.6526490956454021,0.9780992479534991
0.7230741850827477,-1.386375226044911
0.7283490355034223,-0.5610954322555018
0.6373814974246783,-0.26492172202674114
0.6855488927282746,-0.638608915290076
0.6263953556970063,-0.38085403755811575
0.7078296814480445,-0.5892738777868549
0.6332666108799014,-0.5340317789715138
0.617824977567282,-0.6009638290491378
0.6180221072451982,-0.36171917559081374
0.5957413185254283,-0.5275493543572244
0.6445664948944824,0.14739893226335754
0.5196441549126277,-0.16932381879452357
0.5390035450921078,-0.32085701813742085
0.7510270479779726,0.34098520830168866
0.587170940395704,-0.1392864582569544
0.628811119294954,-0.22568387519906313
0.5348886585473309,-0.013853925535576628
0.7368159207279799,0.11457855136170447
0.6855488927282746,0.07978605686050277
0.6180221072451982,0.05543585658890304
0.7510270479779726,-0.5542382318260173
0.6299710831708518,0.031153451864243453
0.7453862988577041,0.055944074853449655
0.7271890716275246,-0.8298625339702501
0.7453862988577041,0.9547477651039596
0.5280174033644358,-0.44230192402084123
0.8408346221808188,0.9714686375179641
0.7271890716275246,-0.743375772269362
0.7271890716275246,0.25836003781736905
0.617824977567282,-0.07655414841451524
0.8181566097062686,-0.652465746108839
0.5461885425619118,-0.28934015490355414
0.7271890716275246,-0.37700139459303517
0.6855488927282746,-0.2534661317943981
0.587170940395704,0.399189624180163
0.6263953556970063,0.19618943689519597
0.6263953556970063,0.5543614303364275
0.6855488927282746,-0.6467027689591232
0.6470083465251336,0.38314539215755816
0.6855488927282746,1.2041749580648315
0.7424566698482483,1.652164412270642
0.7283490355034223,-0.1627983795037531
0.8351938730605504,-0.49964441923704034
0.5280174033644358,0.23454272710128232
0.7283490355034223,-0.0890720983937695
0.6526490956454021,-0.3416106444239487
0.6373814974246783,0.17185996031731965
0.6526490956454021,0.13783366675059783
0.6470083465251336,0.14984174161917962
0.4973633661928578,-0.03139016070386713
0.6180221072451982,-0.4690313167802018
0.609451729115474,-0.15395418115137854
0.7078296814480445,-0.06976279903649374
0.7343740690973286,-0.7834585415708851
0.609451729115474,-0.5323018169295239
0.5280174033644358,-0.3454307150540225
0.7368159207279799,-0.0034245125225897954
0.628811119294954,0.6099012284925717
0.8181566097062686,-0.1519149070526301
0.8351938730605504,-0.01165183240558798
0.7230741850827477,0.10565534594607318
0.7162029298998526,0.17387096433002236
0.5957413185254283,0.07387312652547606
0.7078296814480445,-0.27653186294033166
0.5957413185254283,-0.058352208955808615
0.5348886585473309,-0.4173803272813822
0.5461885425619118,0.655007590381664
0.7453862988577041,-0.04268005209889936
0.5957413185254283,0.19514853547100663
0.6470083465251336,-0.5310880224106039
0.6299710831708518,0.5172576402909936
0.6359961167647581,0.2745849861569797
0.6263953556970063,0.5068461920301075
0.5196441549126277,0.37422050183261735
0.7230741850827477,-0.445294429137109
0.628811119294954,0.2772272361149555
0.4973633661928578,0.18154892740060435
0.7510270479779726,-0.4406216177181363
0.6299710831708518,0.3524874668262653
0.5390035450921078,-0.09105037512497527
0.5348886585473309,0.10468373225519445
0.6246962327501772,-0.13011335099708377
0.7343740690973286,-0.9841415374104382
0.6246962327501772,0.4221043113659567
0.6526490956454021,-0.47615708100797494
0.5390035450921078,-0.050650120361739936
0.7510270479779726,-0.37777223287481637
0.5957413185254283,-0.30663955430723877
0.5280174033644358,0.9005539332763381
0.4973633661928578,-0.46354587802110003
0.6246962327501772,0.12318545693285232
0.628811119294954,-0.25629057264537214
0.8181566097062686,0.06038486031333823
0.5280174033644358,-0.18849959492217855
0.6332666108799014,0.5035067271301161
0.8181566097062686,-0.24470751609061148
0.628811119294954,-0.16162533141448193
0.7368159207279799,0.0073554030013115446
0.5390035450921078,-0.14914627471915426
0.5957413185254283,-0.3610225393967042
0.5348886585473309,0.35678092518799
0.7197786573736981,0.10527858967422177
0.5196441549126277,-0.4570818351433589
0.4973633661928578,0.8068330454401909
0.6246962327501772,0.26571247045868085
0.7283490355034223,1.6954017300169453
0.6359961167647581,1.082348934613419
0.6246962327501772,-0.19055646718269625
0.5957413185254283,-0.1958852449974215
0.5348886585473309,-0.1864903214196844
0.6855488927282746,-0.1100954705599767
0.628811119294954,-0.1915412540207907
0.4973633661928578,0.7077248957787456
0.7368159207279799,-0.1344242084371412
0.5196441549126277,-0.3733048474203672
0.5196441549126277,0.11309447111453919
0.5280174033644358,-0.5696262698823749
0.5196441549126277,0.6137835166464088
0.7368159207279799,-0.17710836557442466
0.628811119294954,0.524392190291557
0.7510270479779726,-0.5004256182590585
0.5461885425619118,0.6364645736987987
0.8351938730605504,-0.6048459357545943
0.6373814974246783,-0.2991903818019224
0.4973633661928578,-0.08200000779874211
0.7162029298998526,-0.7032948981502948
0.6299710831708518,-0.9243218755208682
0.5196441549126277,0.42391787165964
0.5390035450921078,-0.013527780614287388
0.6332666108799014,0.8921240798391039
0.7162029298998526,-0.7152013316615968
0.7453862988577041,0.21242902865703706
0.5461885425619118,0.2253536967301818
0.6359961167647581,1.2829932112305737
0.6332666108799014,-0.6096951143012118
0.6180221072451982,1.3318541805595947
0.5957413185254283,0.016284685519144415
0.7510270479779726,-0.2720611377206371
0.609451729115474,0.4277732282016373
0.5196441549126277,0.47080153658215074
0.6299710831708518,0.8028232263139747
0.5957413185254283,0.07264553966529386
0.5390035450921078,-0.6645354760187632
0.4973633661928578,-0.6835776498260496
0.6373814974246783,-0.5790037272987729
0.7453862988577041,-0.4385097987384524
0.5196441549126277,-0.585464670779847
0.7230741850827477,0.30976109140258334
0.5280174033644358,-0.4373090685564123
0.628811119294954,0.39859023265974713
0.7283490355034223,-0.5085074095516035
0.6855488927282746,-0.7687129166507447
0.8408346221808188,0.3788312591481112
0.8181566097062686,0.6133727224188813
0.5461885425619118,-0.9286663938013396
0.609451729115474,-0.16193760358690373
0.7283490355034223,-0.3604452713959824
0.6246962327501772,-0.5196547379741817
0.609451729115474,2.8910025912175596
0.617824977567282,1.3135203895534868
0.6470083465251336,-0.1584027492103608
0.5390035450921078,0.3808521049027007
0.5196441549126277,0.12548378673867178
0.7271890716275246,-0.5769156128111772
0.5461885425619118,0.5646698884113258
0.4973633661928578,0.5963282357319131
0.6855488927282746,-0.25649460983181754
0.5390035450921078,-0.5502966730946369
0.6470083465251336,-0.015185551309060852
0.7197786573736981,-0.16081811263312906
0.5957413185254283,-0.2974603879432659
0.7424566698482483,0.41705603005412406
0.6180221072451982,-0.23921779398935628
0.8351938730605504,-0.2547926356293342
0.5196441549126277,-0.4598168390951146
0.5280174033644358,-0.48164587602693304
0.609451729115474,0.4492592868737033
0.5461885425619118,-0.5866785088724117
0.6299710831708518,0.06636849624446572
0.628811119294954,0.43756471341459646
0.6246962327501772,1.7217345444046943
0.587170940395704,0.35399428021067547
0.6263953556970063,0.4153812199979876
0.7510270479779726,-0.5686512426556235
0.6263953556970063,0.0987133208249652
0.6855488927282746,-0.24024826050313847
0.6526490956454021,-0.4633041771844153
0.6470083465251336,-0.35990711772813616
0.8408346221808188,1.193505743263199
0.6180221072451982,0.34500113041666947
0.4973633661928578,1.8433129176720797
0.5957413185254283,-0.6022587106500947
0.4973633661928578,-0.20059098606263742
0.7162029298998526,-0.544026242060889
0.6373814974246783,-0.006405455817370731
0.6855488927282746,0.9479432822528054
0.7453862988577041,-0.6297746857634595
0.6470083465251336,-0.584293111543141
0.6263953556970063,0.44596337106958717
0.7343740690973286,0.8194107852898764
0.5348886585473309,0.3263887735545423
0.5280174033644358,1.0565023750504623
0.6373814974246783,-0.1978939716165573
0.7197786573736981,-0.003601709406438225
0.7424566698482483,-0.32649247059128206
0.6373814974246783,-0.0720395637491047
0.6180221072451982,-0.07047086124744173
0.5461885425619118,-0.14509685058990268
0.7197786573736981,0.6547888117508945
0.6359961167647581,0.6389669389558486
0.628811119294954,-0.32793134589132916
0.5957413185254283,-0.23933782143406696
0.7343740690973286,0.20688275993375327
0.6180221072451982,-0.23494338145484783
0.6359961167647581,-0.4231762315848713
0.6180221072451982,1.0744310198146003
0.5348886585473309,-0.5775724893907835
0.6299710831708518,-0.3871263214683512
0.7230741850827477,-0.325183624902568
0.617824977567282,-0.024366428267088014
0.4973633661928578,0.04726077792744854
0.6332666108799014,0.3964502658272364
0.587170940395704,0.8132081634057954
0.6373814974246783,-0.891524608419781
0.6470083465251336,2.259681401379918
0.6299710831708518,-0.320446113254921
0.8181566097062686,-0.5008402524234663
0.7283490355034223,0.578366883075349
0.4973633661928578,-0.3658606549510107
0.6299710831708518,-0.36833115790064597
0.7283490355034223,0.5304880765379925
0.617824977567282,0.37928095122878025
0.5461885425619118,0.002625516166440578
0.7078296814480445,-0.37412598799384467
0.6263953556970063,0.44033874670390705
0.5461885425619118,0.7922186640507646
0.7078296814480445,-0.36698779139690596
0.5390035450921078,-0.8058909334359639
0.5280174033644358,-0.5155246635803202
0.6526490956454021,1.0683095115205465
0.6470083465251336,0.7514151335307763
0.5196441549126277,-0.44283673668787477
0.609451729115474,0.18087474701600514
0.6526490956454021,-0.6858801824609129
0.5348886585473309,-0.40868288286384025
0.8408346221808188,2.216220711577594
0.7197786573736981,1.0794127100901898
0.7283490355034223,-0.09226227358189554
0.8351938730605504,-0.5586989187181859
0.7453862988577041,0.20776227987295703
0.6526490956454021,1.3123219491086793
0.587170940395704,0.6383430085462859
0.6299710831708518,-0.5636455659122958
0.6180221072451982,-0.33869771310661484
0.6180221072451982,-0.5849863469376319
0.5390035450921078,-0.2620650790776599
0.8181566097062686,-0.034979803322582215
0.7283490355034223,1.4351455616413185
0.5280174033644358,1.0108225358048262
0.6359961167647581,-0.21259607212138398
0.7510270479779726,-0.7831545535146042
0.7271890716275246,-0.12337607277453189
0.617824977567282,0.996012761418592
0.5196441549126277,-0.8381831771685035
0.6373814974246783,-0.3816014769807507
0.5390035450921078,-0.40410724687501837
0.6180221072451982,0.00013662133489533712
0.6180221072451982,-0.7981315525628878
0.7162029298998526,0.8378693019596238
0.6470083465251336,-0.11682031001339499
0.6526490956454021,-0.061049265657650564
0.5390035450921078,-1.0555833591689665
0.7162029298998526,1.0074651899196403
0.7162029298998526,-0.44879050580545177
0.7510270479779726,2.353625888382684
0.5196441549126277,-0.30374977547307414
0.5461885425619118,0.18432624095854933
0.7283490355034223,-0.39857086854050433
0.6373814974246783,-0.31365239648108856
0.6263953556970063,-0.509220682807861
0.6263953556970063,0.9533398053353921
0.5957413185254283,0.27432258901686846
0.5957413185254283,0.09465578403348895
0.5461885425619118,-0.06180024550982316
0.6855488927282746,0.36010879251776584
0.6470083465251336,1.5962202845712583
0.4973633661928578,-0.7764634362644265
0.6359961167647581,-0.5144785520330494
0.6373814974246783,1.0550023258459915
0.7453862988577041,-0.041491976271231024
0.6299710831708518,-0.2819526892808997
0.5957413185254283,1.7549308724973713
0.6445664948944824,0.25753403054377555
0.4973633661928578,0.7775852702429675
0.7078296814480445,0.4832494151378266
0.8181566097062686,-0.6155559051901361
0.7424566698482483,-0.299966655066548
0.7271890716275246,0.6674064394084503
0.5957413185254283,-0.2918696083534377
0.8181566097062686,-0.6122455688683311
0.7453862988577041,-0.055826595611125795
0.7162029298998526,-0.4925244017111612
0.7424566698482483,0.014102632074175059
0.7343740690973286,-0.8088158661939826
0.7271890716275246,0.4020538071701246
0.8181566097062686,-0.9809924129072016
0.6359961167647581,2.1322732780972418
0.609451729115474,-0.24342568330089698
0.617824977567282,0.8391211183644504
0.5348886585473309,0.14766177428263572
0.6373814974246783,0.07011562841992802
0.5348886585473309,-0.27371186807989367
0.6445664948944824,-0.04177808758127366
0.7343740690973286,-0.6174128821785325
0.4973633661928578,-1.039977603072035
0.8181566097062686,-0.4003654471577473
0.4973633661928578,0.4657257571115332
0.5390035450921078,-0.4298511576592061
0.5957413185254283,-0.3286411324086347
0.8408346221808188,0.7034348961223503
0.7510270479779726,0.27209732197624814
0.6373814974246783,0.6199084090141109
0.4973633661928578,-0.2234644971860818
0.6332666108799014,-0.34124720825869975
0.7424566698482483,1.866823333150665
0.7424566698482483,-0.012590846010197443
0.6332666108799014,0.060005811830207256
0.6855488927282746,0.559698821136304
0.8408346221808188,0.3481746751966698
0.7162029298998526,0.1695019885526059
0.8181566097062686,-0.583640768706485
0.609451729115474,-0.3087443554076721
0.7453862988577041,2.475689639983829
0.5461885425619118,0.16049628909216485
0.6445664948944824,0.0053851995665462615
0.6526490956454021,-0.4943557513847156
0.7230741850827477,0.1994857740486441
0.5280174033644358,-0.28519389894760616
0.5957413185254283,0.35851772720160835
0.7197786573736981,1.3831581340061523
0.5348886585473309,0.26520819928233097
0.4973633661928578,-0.26842845721089603
0.587170940395704,0.7011483156514043
0.7078296814480445,-0.7107902596506721
0.8351938730605504,1.1818089280598927
0.6470083465251336,-0.3067337053539264
0.6332666108799014,0.331885406453418
0.7510270479779726,1.3033604458013726
0.5957413185254283,0.9600703909312549
0.7230741850827477,0.14649573004168892
0.6526490956454021,-0.5655839950989406
0.7453862988577041,0.06652103981896551
0.4973633661928578,-0.8472430219158011
0.6526490956454021,0.6430647083545262
0.6359961167647581,-0.1818821243079669
0.6246962327501772,-0.2822050038014757
0.6359961167647581,0.1642008368463499
0.7283490355034223,-0.12603819232179714
0.6373814974246783,0.09353645139666078
0.6373814974246783,0.4996064038103467
0.6470083465251336,-0.6677330267815549
0.7453862988577041,0.19522519110873715
0.6180221072451982,-0.3646247719446813
0.628811119294954,0.28921071335937487
0.7453862988577041,-0.41232716596832497
0.6470083465251336,-0.3244714718876765
0.7510270479779726,0.6163575451306997
0.5196441549126277,-0.3693120996175502
0.8408346221808188,-0.552650950550893
0.7271890716275246,0.19134897315297172
0.6263953556970063,-0.37442243316943224
0.6180221072451982,0.5590194035098784
0.5280174033644358,-0.7473321688431596
0.7230741850827477,0.8078622130878855
0.6445664948944824,-0.13539005026323958
0.5461885425619118,0.523592285291859
0.7424566698482483,-0.0162135520373462
0.7271890716275246,-0.4771917325446252
0.6299710831708518,-0.18741753358446622
0.6373814974246783,0.08297794798409797
0.7510270479779726,0.8813890130770325
0.6470083465251336,-0.1756824668184051
0.5461885425619118,-0.19685903037375574
0.6332666108799014,-0.22677469680014267
0.6299710831708518,0.17759137964007532
0.6526490956454021,-0.7337141507164204
0.8181566097062686,-0.5811015536680273
0.609451729115474,-0.28868315205463224
0.8351938730605504,-0.4262866956754542
0.4973633661928578,-0.6524197393693342
0.6470083465251336,-0.5772329679586459
0.7078296814480445,0.20273364008573658
0.5461885425619118,-0.1948703403796363
0.6470083465251336,1.4561296410015276
0.5196441549126277,-0.3978976950967972
0.4973633661928578,0.1714379441621826
0.6470083465251336,-0.46789459588930193
0.8181566097062686,0.030324978366858546
0.6526490956454021,-0.45916795594798065
0.7510270479779726,-0.886730053995238
0.7368159207279799,-1.049281243222923
0.5196441549126277,-0.5581466540440767
0.7510270479779726,-0.28669459449301865
0.5280174033644358,0.3624882934443995
0.5348886585473309,-0.3460526999451107
0.6526490956454021,0.8235858273765628
0.5461885425619118,0.40039427603979383
0.6263953556970063,0.5794887708882317
0.6332666108799014,-0.0752626927442992
0.7230741850827477,0.5488392653295485
0.6263953556970063,-0.2859739274086591
0.4973633661928578,-0.2050279871854213
0.587170940395704,-0.562279420755216
0.8351938730605504,-0.48613687210678724
0.5957413185254283,0.031068069848064317
0.6359961167647581,-0.024726405198163492
0.6526490956454021,0.6511264907154846
0.6299710831708518,-0.6601017879647899
0.6359961167647581,-0.08871853238958471
0.7230741850827477,0.8428444735006514
0.7510270479779726,0.12279086918843474
0.6526490956454021,-0.723661648172644
0.7230741850827477,-0.7683418804183655
0.6526490956454021,-0.5744529841894206
0.5461885425619118,0.39127904840196326
0.4973633661928578,-0.4148875593685458
0.7197786573736981,0.38248512313588756
0.5957413185254283,-0.17880881306964042
0.6526490956454021,0.9173081930571625
0.6373814974246783,0.4947261715505258
0.5957413185254283,-0.24211477623784383
0.5280174033644358,0.3296019778205933
0.628811119294954,-0.6121042593442869
0.7162029298998526,-0.2508391732338975
0.587170940395704,0.02124535178811937
0.7368159207279799,2.6573913939066856
0.7343740690973286,0.7559078055446509
0.7271890716275246,1.0840277038376467
0.7510270479779726,-0.04060921738099188
0.8408346221808188,-0.5119343377126127
0.8408346221808188,-0.5645685904843896
0.7078296814480445,-0.5517022994420728
0.6332666108799014,0.4577085557367351
0.7343740690973286,-0.061745513087393844
0.7424566698482483,-0.508858360468852
0.617824977567282,-0.1311427747324176
0.6299710831708518,-0.38087920071199505
0.6263953556970063,1.3070535160024919
0.8408346221808188,0.5080596175025053
0.7343740690973286,-0.6871271904196249
0.7343740690973286,0.42756475655504267
0.8351938730605504,0.6689548545048516
0.6445664948944824,-0.331401926769568
0.628811119294954,1.3265680283843597
0.5390035450921078,0.0002478314895302258
0.6373814974246783,0.30599157473132776
0.7271890716275246,0.31470629396466177
0.6263953556970063,-0.40649120558070934
0.609451729115474,-0.011819359275905383
0.7424566698482483,-0.9709222329726244
0.6373814974246783,0.21701906466642784
0.7078296814480445,-0.1758764849828226
0.4973633661928578,-0.42046269726289587
0.5390035450921078,0.38328269773105805
0.7283490355034223,0.07658998037071696
0.7453862988577041,0.06830999933612392
0.7343740690973286,-0.6928202144558754
0.6445664948944824,0.9890779608002213
0.7510270479779726,-0.24678202897016344
0.5280174033644358,-0.22922559816666815
0.7453862988577041,1.3908156434375
0.8351938730605504,-0.6471537816331034
0.617824977567282,-0.25001736241135625
0.609451729115474,0.6405437849349735
0.6526490956454021,-0.19276531224868892
0.7424566698482483,0.22207721947631864
0.7453862988577041,-0.11293351758875914
0.6445664948944824,-0.3271661183747929
0.5348886585473309,-0.07677398620142317
0.7343740690973286,-0.5028547328025715
0.7343740690973286,1.6691552028799568
0.7230741850827477,-0.8647609136505959
0.8408346221808188,-0.9088428357456697
0.7230741850827477,-0.6130835649208889
0.5461885425619118,-0.4674761655436605
0.587170940395704,-0.11514223799946505
0.6359961167647581,0.18555280974962984
0.7453862988577041,0.32983145935520264
0.5957413185254283,-0.33899472675190734
0.6445664948944824,-0.2508446700193561
0.6855488927282746,0.615354042209099
0.6373814974246783,1.4772139776224806
0.609451729115474,1.055785554074671
0.5348886585473309,0.006121047659892742
0.7424566698482483,-0.5456570938745967
0.6299710831708518,-0.2881135873944753
0.7197786573736981,-0.4104365659983244
0.6526490956454021,0.6310009742118459
0.6373814974246783,-0.12027841815418128
0.6445664948944824,0.5866945553154287
0.4973633661928578,-0.44698788788478616
0.7271890716275246,0.1076404670020864
0.6526490956454021,-0.2915235503419382
0.7162029298998526,0.010242411999134338
0.5957413185254283,1.2249856616610388
0.5390035450921078,-0.020773601086431448
0.7162029298998526,-0.6875115911733414
0.5280174033644358,0.47979831714457655
0.6526490956454021,1.2890732539480878
0.8181566097062686,-0.36829440139090974
0.6332666108799014,-0.9084101536025755
0.5461885425619118,-0.5650508221451336
0.5280174033644358,0.8064495207391043
0.6855488927282746,-0.437269431972127
0.6299710831708518,-0.768214818605601
0.7343740690973286,-0.3838131880111135
0.7230741850827477,-0.40186926015223357
0.4973633661928578,-0.5182066867880768
0.6299710831708518,-0.3527292710685565
0.609451729115474,-0.36360310002800444
0.587170940395704,1.329627899418468
0.7283490355034223,1.5994878112930546
0.8351938730605504,-1.1300694904404316
0.5280174033644358,-0.064521591601014
0.7368159207279799,-0.6729183549583095
0.6332666108799014,0.08287408106533845
0.4973633661928578,-0.31822888272575167
0.609451729115474,-0.3994413212324407
0.6855488927282746,-0.2925745369461095
0.8351938730605504,-0.3738649480085144
0.5280174033644358,0.5285023965493305
0.6332666108799014,-0.021497883884689206
0.6373814974246783,-0.21344288020517727
0.7424566698482483,-0.2901329761531025
0.587170940395704,-0.5047295733362819
0.5196441549126277,-0.32332600897554453
0.7424566698482483,-0.6920524755833104
0.6526490956454021,-0.2684838270902866
0.5390035450921078,0.5440939424050362
0.8181566097062686,-0.6278293508759585
0.5348886585473309,-0.444904820357499
0.6445664948944824,0.026786406346360203
0.6332666108799014,-0.07137872041155746
0.6373814974246783,-0.4780314435011823
0.7510270479779726,0.7047859830393453
0.6359961167647581,-0.5230109726040454
0.6445664948944824,-0.3733019555895227
0.6855488927282746,1.600323589348775
0.609451729115474,-0.30513985155870715
0.7510270479779726,-0.29291281829781673
0.5390035450921078,0.015375411700006558
0.609451729115474,0.8141687149404311
0.6332666108799014,-0.3661585391563461
0.7162029298998526,0.0061965496201176196
0.5957413185254283,-0.42418407294341254
0.6180221072451982,-0.06882919208557803
0.8181566097062686,-0.3828012979668616
0.6359961167647581,1.4867527165244983
0.5348886585473309,-0.48723218437134497
0.617824977567282,0.23730690231390517
0.6263953556970063,0.5079296091283929
0.7271890716275246,-0.6136534434882863
0.6180221072451982,0.25651202683910823
0.4973633661928578,-0.47952099227100453
0.5348886585473309,-0.24406477674294413
0.8181566097062686,-0.24650186739718039
0.7078296814480445,-0.631628095293603
0.617824977567282,0.31328591125567773
0.6470083465251336,0.12746860539445182
0.7283490355034223,1.6380515172828398
0.6526490956454021,-0.03697508934507654
0.7424566698482483,0.21633044277894542
0.8351938730605504,0.3083683265452859
0.6263953556970063,0.014863090091746023
0.6470083465251336,-0.5701805550094764
0.7078296814480445,0.7675544619466539
0.7162029298998526,-0.5619395135767687
0.6359961167647581,1.0283262092637524
0.628811119294954,0.14396142032250625
0.7230741850827477,0.07134554679013483
0.6299710831708518,-0.535534284654149
0.8181566097062686,-0.47883443800702863
0.628811119294954,-0.12956105454999217
0.7230741850827477,0.6348788531167587
0.6373814974246783,0.4121478242117411
0.7343740690973286,-0.20515557598182022
0.5196441549126277,-0.1262451503340744
0.7510270479779726,0.13349917126276167
0.7271890716275246,0.4462373255509712
0.6359961167647581,-0.35106111406321855
0.5461885425619118,0.29933898028447425
0.8408346221808188,-0.894073175799082
0.6299710831708518,-0.3382963669342153
0.7078296814480445,-0.36081068648965287
0.5280174033644358,-0.12217823187730509
0.5348886585473309,-0.4307055057049436
0.7162029298998526,-0.2161369844081329
0.8351938730605504,-0.14999444233316506
0.5348886585473309,-0.40982419690688165
0.7283490355034223,0.30955978656728167
0.7510270479779726,-0.4520606586033045
0.6246962327501772,0.4804138991349084
0.6180221072451982,-0.04408698917482101
0.6470083465251336,-0.6761662361426638
0.8408346221808188,0.25348335913043185
0.7343740690973286,-0.8396321455602911
0.5348886585473309,0.586306636942771
0.5280174033644358,-0.4830631583678637
0.8408346221808188,-0.9083773313839943
0.6470083465251336,-0.039813576539310946
0.617824977567282,0.10300920596727048
0.8181566097062686,-0.9343138676580354
0.7283490355034223,0.6304443927558758
0.7424566698482483,0.3624699745804886
0.5280174033644358,-0.4251634765774572
0.7343740690973286,-0.7245066129531601
0.7078296814480445,0.3055035107779469
0.6263953556970063,1.042305612046891
0.5196441549126277,-0.06492689413346409
0.5390035450921078,-0.3545272281316313
0.5348886585473309,-0.8672047040954722
0.6180221072451982,0.07022438453186286
0.5390035450921078,0.7215139364426737
0.6180221072451982,0.5499278556809156
0.587170940395704,0.4393347771086443
0.5957413185254283,0.3348485713599263
0.609451729115474,0.5767877552204728
0.7368159207279799,-0.37664292212320266
0.6332666108799014,0.012227641124092026
0.7283490355034223,-0.11469987348570998
0.5196441549126277,-0.8195834410259962
0.8351938730605504,-0.09561817197174671
0.6470083465251336,-0.1345657507634469
0.7283490355034223,1.1149615765319758
0.587170940395704,0.008739801331514974
0.628811119294954,-0.4990297743197216
0.7453862988577041,-0.09817793143498643
0.5280174033644358,-0.5849608403131187
0.6180221072451982,-0.13712576954258648
0.7343740690973286,-0.026461929018717578
0.7424566698482483,2.0359210512570938
0.4973633661928578,0.29781792867697743
0.7197786573736981,-0.044649989589213734
0.5461885425619118,2.0649870503224617
0.4973633661928578,0.18096023600765132
0.6526490956454021,-0.5535998240561444
0.7453862988577041,-0.5647800456907122
0.5348886585473309,-0.20179454996218138
0.7197786573736981,-0.3815573797880525
0.5957413185254283,0.4177065047437982
0.5461885425619118,1.3960453430307895
0.617824977567282,-0.23501728779398207
0.6526490956454021,-0.1364528395776481
0.6299710831708518,-0.3624028444305462
0.6855488927282746,-0.06677440397426937
0.6373814974246783,-0.1166967548739477
0.7368159207279799,0.12851245146332124
0.7230741850827477,0.11272922362147753
0.6263953556970063,-0.5082369238306507
0.5461885425619118,0.2120456649355874
0.6263953556970063,0.3337295846196253
0.7453862988577041,-0.33258298137962544
0.7510270479779726,-0.3305441403152679
0.6373814974246783,-0.1322733070876031
0.5348886585473309,0.03580022433180663
0.609451729115474,0.132492329876838
0.587170940395704,-0.14348465697357005
0.7197786573736981,-0.3611158205889159
0.6263953556970063,0.7123558022239573
0.6332666108799014,0.8916060358480693
0.5461885425619118,1.600154854292248
0.6299710831708518,0.22798380313911748
0.6855488927282746,1.6006642584327935
0.5461885425619118,-0.14759398271153018
0.6855488927282746,-0.20071416495918232
0.609451729115474,0.9413116937575832
0.6855488927282746,-1.1153831819774167
0.8408346221808188,-0.9468221121168247
0.7078296814480445,0.5152108036902132
0.7230741850827477,0.5044801562805089
0.5390035450921078,-0.7370983277346291
0.617824977567282,0.17486016039708163
0.8181566097062686,0.3862920513972655
0.6855488927282746,0.20971074799838285
0.7230741850827477,1.1174480511137763
0.6299710831708518,1.9646056701468582
0.6263953556970063,-0.3111059713132657
0.7510270479779726,0.3277809913927332
0.6299710831708518,0.27851128260593727
0.7162029298998526,0.6262370833432415
0.7510270479779726,-0.3684446297379713
0.6246962327501772,-0.19243613822305633
0.7510270479779726,0.026600517652156985
0.6180221072451982,1.0667063592437929
0.4973633661928578,-0.5312311598175834
0.7453862988577041,1.1208726349249187
0.8181566097062686,-1.0503319501121757
0.7197786573736981,-0.456663982227292
0.6855488927282746,-0.6319723918415945
0.5461885425619118,-0.3414784075410352
0.6526490956454021,-0.33969014230305766
0.6246962327501772,1.0854632460351885
0.7343740690973286,-0.3853357601719243
0.6445664948944824,-0.43484436931879605
0.587170940395704,0.5773730859331437
0.6359961167647581,0.7295520730628902
0.5196441549126277,-0.7247097269808981
0.5461885425619118,0.23921333638793008
0.6180221072451982,-0.32560058375560946
0.5280174033644358,-0.49091672435770783
0.6246962327501772,0.21269297006532817
0.8181566097062686,0.8659828672431785
0.6526490956454021,-0.37861024513305913
0.8351938730605504,-0.5520970216852701
0.8408346221808188,0.22117903267933692
0.5957413185254283,-0.2035357306017866
0.6470083465251336,0.6376568897445934
0.6526490956454021,-0.30869966872978927
0.8408346221808188,-0.7884714203480976
0.6299710831708518,0.33135844242085155
0.7424566698482483,-0.6277156787439044
0.6445664948944824,0.0638418888373452
0.7271890716275246,-1.191679765066409
0.5957413185254283,-0.6395880914153774
0.6526490956454021,-0.4508370517305833
0.5196441549126277,0.5037468703285809
0.5280174033644358,-0.0022694533691427488
0.8408346221808188,-0.9103749649246402
0.6855488927282746,1.1138143940660714
0.587170940395704,-0.7962337177583342
0.7510270479779726,0.3189776512370994
0.617824977567282,-0.1415260180459082
0.6373814974246783,-0.27051495469662545
0.7343740690973286,-0.02011825168668968
0.7197786573736981,0.8692579974210316
0.6445664948944824,0.46572354267230265
0.6263953556970063,-0.03511341748822594
0.8351938730605504,-0.5029868624578138
0.8408346221808188,-0.4077254888273987
0.609451729115474,0.37092203267168367
0.7271890716275246,0.07665646295154571
0.4973633661928578,0.8011904976493778
0.587170940395704,0.8902620708763612
0.617824977567282,0.18827889947383325
0.628811119294954,-0.025064549489752452
0.8181566097062686,-0.7662977302945017
0.6180221072451982,-0.28751218135353035
0.6299710831708518,-0.6204174646606921
0.5461885425619118,0.30942959384105606
0.7343740690973286,-0.008092979754442342
0.6263953556970063,-0.36013553492189193
0.7424566698482483,0.6774256712888568
0.8181566097062686,-0.5393788633559917
0.8351938730605504,1.5336181617592803
0.587170940395704,0.19171053536420235
0.7283490355034223,-0.22407967715281796
0.8351938730605504,-0.3829938542206018
0.5390035450921078,0.19763392291921988
0.7368159207279799,0.12361451438760163
0.8408346221808188,-0.49570964302741355
0.5957413185254283,-0.2867796952618287
0.6855488927282746,0.0822778858590486
0.7424566698482483,0.48192789973955785
0.7078296814480445,-0.687826289991621
0.6470083465251336,0.23587777224323536
0.7343740690973286,-0.5649576768627398
0.7283490355034223,-0.20469504817806417
0.5390035450921078,-0.41331742128530513
0.6299710831708518,-0.572738277633619
0.5390035450921078,0.06106900497879375
0.8351938730605504,0.46087918296346864
0.7078296814480445,-0.5868825900646628
0.6855488927282746,0.09304636016061985
0.7230741850827477,-0.19008501726736504
0.6180221072451982,-0.05961041537065204
0.4973633661928578,-0.458263044901108
0.7271890716275246,-0.5542598180819238
0.6180221072451982,-0.21330094246044928
0.7510270479779726,-0.161279750815008
0.5461885425619118,-0.3388848215926648
0.6180221072451982,-0.8347541313971789
0.5348886585473309,0.16740456912025992
0.6332666108799014,1.6216965662768066
0.7510270479779726,-0.14339494622397508
0.7230741850827477,-0.005947280123089871
0.7453862988577041,-0.08808175958152153
0.6299710831708518,-0.429635998564742
0.8181566097062686,-0.3339612856279301
0.8408346221808188,0.5130233978014177
0.6180221072451982,-0.3902700713243941
0.7424566698482483,-0.518396818465393
0.7078296814480445,-0.3409404118175909
0.609451729115474,-0.2853227147424574
0.6526490956454021,0.15424538794040787
0.7162029298998526,-0.18778287982006758
0.5348886585473309,0.37717615670291615
0.6263953556970063,-0.3489294662066688
0.6855488927282746,0.5748416828913184
0.7271890716275246,0.7968148881179463
0.7368159207279799,-0.10218701937934915
0.5348886585473309,-0.21354260509530915
0.6246962327501772,0.5832149360282911
0.7368159207279799,0.13667431902540705
0.8351938730605504,-0.7172107685331481
0.6332666108799014,-0.42009986275964256
0.7424566698482483,-0.028270469754724248
0.7230741850827477,-0.16491580149904606
0.8351938730605504,-0.22728758317869768
0.5348886585473309,-0.45768005546404805
0.5461885425619118,-0.7397035125224438
0.6263953556970063,-0.2732901456804987
0.5348886585473309,-0.09832211990020417
0.5461885425619118,-0.707923426562353
0.4973633661928578,-0.4390087070367982
0.7368159207279799,0.8675251046019727
0.7283490355034223,-0.4363535292944597
0.5461885425619118,-0.20527603567347824
0.5348886585473309,0.5737892678415917
0.6246962327501772,0.2875561961429086
0.617824977567282,-0.3698117366732695
0.6332666108799014,0.4993300771429898
0.6299710831708518,-0.311922961571052
0.7271890716275246,-0.08596559465490017
0.7271890716275246,-0.6089689759228957
0.5461885425619118,0.3503375084870125
0.5390035450921078,0.31877599009766167
0.5461885425619118,-0.5649511648252394
0.6359961167647581,-0.08157672102249147
0.6263953556970063,-0.13712564011929929
0.7271890716275246,-0.02062929345622233
0.617824977567282,0.23179923191936314
0.7078296814480445,-0.25688107652193803
0.5461885425619118,-0.22062826830651006
0.5348886585473309,-0.13832780930169175
0.6526490956454021,0.5535247146888287
0.7453862988577041,0.19917576604794907
0.5461885425619118,0.7329547007219123
0.7230741850827477,0.009532382075223556
0.6470083465251336,-0.17337848750616652
0.5196441549126277,0.12893109221985855
0.6526490956454021,1.951855734022196
0.7424566698482483,0.3751969106221359
0.7197786573736981,0.2982476038255598
0.7197786573736981,0.13542720928911944
0.7197786573736981,-0.24316231541265398
0.7197786573736981,-0.17128766398680328
0.7453862988577041,0.848092217199741
0.5280174033644358,-0.3996502223602998
0.6526490956454021,0.28772922681146507
0.7162029298998526,0.41532407701733265
0.8351938730605504,1.1670794880309363
0.5390035450921078,1.839361391698944
0.6445664948944824,-0.3247897847480395
0.6263953556970063,0.6465690401149924
0.5280174033644358,1.579750956247676
0.617824977567282,0.6495260938130437
0.587170940395704,-0.19470590153594852
0.7283490355034223,-0.5265651054042515
0.5280174033644358,-0.215184969446587
0.6332666108799014,0.16465950625235648
0.6373814974246783,-0.14752946987202048
0.6299710831708518,0.1617191367756322
0.5390035450921078,1.1309760115981562
0.5957413185254283,-0.45546359614350607
0.6445664948944824,0.11106649204613972
0.5196441549126277,0.18167137367244157
0.6855488927282746,0.21518436680242004
0.5390035450921078,-0.8780058596631344
0.617824977567282,-0.03285282524795974
0.6299710831708518,0.3135709363175725
0.6526490956454021,-0.7890288839569108
0.7343740690973286,-0.10247504221279424
0.5280174033644358,-0.625290708845845
0.5196441549126277,-0.6016852496887999
0.5461885425619118,0.3792259212010831
0.5280174033644358,0.8455697369213222
0.8351938730605504,-0.7021457221901878
0.5390035450921078,-0.46665767452732376
0.7343740690973286,0.8474209343982833
0.5348886585473309,-0.3414397410948653
0.587170940395704,-0.5826045821135272
0.6180221072451982,-0.3799651161592841
0.6332666108799014,-0.4555214263668957
0.609451729115474,1.1881157575449834
0.6526490956454021,1.0384041948599048
0.7424566698482483,0.10637860810597011
0.6263953556970063,0.4457184624668582
0.6526490956454021,0.8964114394048377
0.6299710831708518,0.4184062631462191
0.6332666108799014,-0.1797101224041346
0.6180221072451982,0.06831247014614317
0.5461885425619118,-0.4994491464526821
0.6180221072451982,-0.12821248059553292
0.7343740690973286,-0.6752030208756403
0.8351938730605504,-0.9444576632758451
0.6299710831708518,-0.4607631351185956
0.7343740690973286,-0.7288235020282698
0.7343740690973286,-0.43790474289424147
0.8408346221808188,-0.7357265083773881
0.5957413185254283,-0.034151594359195236
0.6299710831708518,0.15651952622382015
0.5196441549126277,0.02839291478368744
0.587170940395704,-0.18991463248281248
0.5390035450921078,-0.16379622145677303
0.5390035450921078,-0.3121005095030752
0.5196441549126277,-0.11757935463740837
0.617824977567282,-0.10561081827654373
0.8408346221808188,0.6281672006908269
0.5280174033644358,1.1560195963194986
0.7271890716275246,-0.099273825894867
0.6470083465251336,0.2908611989977602
0.6359961167647581,-0.11186243928985584
0.7453862988577041,0.04711030187198961
0.5196441549126277,-0.36351189683230956
0.4973633661928578,-0.33042663458955535
0.6332666108799014,-0.3591039907747283
0.5461885425619118,-0.08625267352960247
0.6445664948944824,-0.014899302573936124
0.5348886585473309,0.25430265967357046
0.6246962327501772,0.002463270479781121
0.5390035450921078,-0.3951123138909167
0.6180221072451982,0.7343416414193881
0.8181566097062686,-0.6003454905541288
0.7230741850827477,-0.09147272854717814
0.5390035450921078,0.2900070318592598
0.617824977567282,-0.4539930554029418
0.7424566698482483,0.30754517849897034
0.7078296814480445,-0.6935180826840671
0.6263953556970063,-0.013874561451372891
0.7453862988577041,1.467583874505011
0.6526490956454021,-0.5009792906444106
0.6180221072451982,1.2702889224704097
0.8351938730605504,0.44629362466339284
0.6263953556970063,0.8143657653010621
0.6526490956454021,0.455479832478203
0.7343740690973286,0.2528406285072132
0.5196441549126277,0.1816454360684071
0.5390035450921078,1.056367957646936
0.5957413185254283,0.06969668418188413
0.7162029298998526,-0.09531589900565962
0.6180221072451982,0.19414840615220097
0.7230741850827477,-0.2003244766276635
0.6263953556970063,0.13811537739260527
0.7230741850827477,1.2257923324627011
0.6445664948944824,1.1442230685298136
0.7078296814480445,0.01696993341810915
0.6526490956454021,-0.5404541778150407
0.6526490956454021,-0.5116044111185819
0.5196441549126277,-0.3945185420746848
0.6373814974246783,0.0453248164890655
0.7510270479779726,0.037581573679236646
0.6180221072451982,-0.23264712775102636
0.5280174033644358,-0.21972185596844912
0.5461885425619118,-0.14440975392200578
0.6332666108799014,-0.12650075682699968
0.617824977567282,0.7487750673903973
0.8351938730605504,0.1491624151434071
0.5348886585473309,-0.31800111529794034
0.6299710831708518,0.6340565147800226
0.609451729115474,-0.014220951604860477
0.6263953556970063,0.6148355158981851
0.6332666108799014,-0.2893541217065702
0.7271890716275246,0.4247433593168227
0.8351938730605504,0.29639725281034224
0.6855488927282746,0.6867139606036924
0.7197786573736981,0.12431443035845302
0.609451729115474,-0.4198235971388019
0.7453862988577041,0.7002570472737056
0.5957413185254283,-0.6084802148087309
0.7453862988577041,-0.31824606929991883
0.6526490956454021,-0.3879635274882826
0.6263953556970063,1.4020027419592747
0.7424566698482483,-0.06705567551005998
0.7197786573736981,0.6660806591339196
0.8408346221808188,0.7542624096253369
0.7283490355034223,-0.17638450107065573
0.8351938730605504,-0.6827476736062832
0.7368159207279799,-0.2586898678544942
0.617824977567282,0.5735394643662232
0.628811119294954,-0.28605928354601284
0.7283490355034223,-0.16973780910912306
0.6526490956454021,1.780953698295734
0.7162029298998526,-0.3823670224766552
0.7343740690973286,-0.439903689410281
0.7510270479779726,-0.2884871406469602
0.7510270479779726,0.7166933942797848
0.7424566698482483,0.169308316276507
0.6180221072451982,-0.20873471337919663
0.7343740690973286,0.08408802230519685
0.7368159207279799,0.7622312902949848
0.7197786573736981,1.008204062717089
0.7453862988577041,-0.3451413923105649
0.5461885425619118,0.06661545185297324
0.4973633661928578,-0.5440489765119981
0.8408346221808188,-0.34128924180653014
0.7343740690973286,-0.478421314502592
0.628811119294954,0.9912235882566504
0.7283490355034223,0.24954695720380837
0.7230741850827477,0.3875533307748583
0.617824977567282,-0.3016913175512171
0.7271890716275246,-1.1328656520937614
0.6332666108799014,0.08307215383936628
0.6246962327501772,0.0533168529450152
0.7283490355034223,1.206627906119352
0.8181566097062686,-0.5665677302018846
0.5957413185254283,-0.21260778081286053
0.6263953556970063,0.08276901209939846
0.6445664948944824,-0.12076863558450157
0.7271890716275246,-0.5513134117240447
0.7283490355034223,-0.5550705778874148
0.5196441549126277,-0.6315853871792394
0.5390035450921078,-0.3559754879334111
0.5348886585473309,-0.8941614024093063
0.6470083465251336,-0.5569624533498835
0.7510270479779726,0.9420213783974485
0.7283490355034223,-0.1437969852402572
0.5461885425619118,-0.05336661713535429
0.587170940395704,-0.3181880887128047
0.7343740690973286,-0.4020004345656088
0.8351938730605504,0.5902293700731183
0.6263953556970063,-0.3634324243173847
0.6299710831708518,0.22902823307865716
0.6180221072451982,0.45768846089355886
0.6470083465251336,-0.5039408301312889
0.6470083465251336,-0.5104299881075223
0.8351938730605504,-0.5314742670974668
0.6526490956454021,-0.08078192052167432
0.8351938730605504,-0.8858862953826802
0.5390035450921078,0.5558481145983165
0.7343740690973286,-0.15133069137052302
0.5280174033644358,-0.46420436407536897
0.7424566698482483,1.243139921804568
0.7283490355034223,-0.4429383156161582
0.5461885425619118,-0.0713543492956048
0.8408346221808188,0.29522912312131144
0.6359961167647581,0.31848795454892187
0.617824977567282,-0.4787149868042534
0.5280174033644358,-0.3459733850861518
0.7424566698482483,0.38297981162832306
0.5196441549126277,-0.1334434869529716
0.6180221072451982,-0.5607334907794166
0.6470083465251336,-0.3765364227479125
0.8181566097062686,0.13376748539529315
0.8408346221808188,-0.1886496542892775
0.6373814974246783,-0.11728587319040207
0.8351938730605504,-0.6778596660348906
0.7197786573736981,-0.6109602172338736
0.8351938730605504,-0.44158632207240867
0.7343740690973286,-0.43043594513184497
0.7453862988577041,-0.45694891172238555
0.5957413185254283,0.39710003694756324
0.6445664948944824,-0.5650177861414718
0.6299710831708518,-0.7434473313473833
0.5390035450921078,-0.6903671623905422
0.5348886585473309,-0.6351227810849799
0.4973633661928578,-0.3202852823960076
0.6526490956454021,0.7530012244007995
0.7162029298998526,-0.10980012560181429
0.7271890716275246,-0.6102021750293118
0.4973633661928578,-0.5910287594068832
0.6359961167647581,-0.055809369324705815
0.587170940395704,0.3361992727215236
0.628811119294954,-0.1291122893438033
0.5348886585473309,-0.2112023141872269
0.6180221072451982,0.023212692596287776
0.7283490355034223,1.402205791238355
0.6180221072451982,0.186376558090795
0.609451729115474,-0.26668449052063786
0.7283490355034223,0.8891571606176261
0.4973633661928578,0.36184526421578067
0.7453862988577041,-0.4690915161899424
0.5390035450921078,-0.1830242430562396
0.7078296814480445,0.027888507213415625
0.5390035450921078,-0.43710249648849664
0.7343740690973286,-0.13667937346664816
0.5348886585473309,0.2038661033154764
0.5280174033644358,-0.06052949840095939
0.628811119294954,-0.09216881250594444
0.7271890716275246,-0.336386941469969
0.6359961167647581,-0.294964930851713
0.609451729115474,0.6761160021834101
0.7343740690973286,0.1447068033137917
0.6445664948944824,0.13877982633376462
0.6373814974246783,-0.06904833077135075
0.5957413185254283,0.9894115242622437
0.4973633661928578,0.5662529445461371
0.7510270479779726,-0.1595762708351287
0.7271890716275246,0.08823914672374966
0.6359961167647581,-0.176385495712505
0.5196441549126277,0.8581731775097957
0.5390035450921078,-0.7763658301937832
0.4973633661928578,0.7460361012310373
0.7271890716275246,-0.304378470160767
0.7453862988577041,1.0158603188329343
0.7078296814480445,0.3201021697372184
0.7453862988577041,-0.04601194745476267
0.6263953556970063,0.40136433326097887
0.7424566698482483,0.936084193347439
0.4973633661928578,-0.6302558772212786
0.628811119294954,1.2934075030600205
0.7453862988577041,0.00021617821229669154
0.4973633661928578,-0.5784065158407883
0.5196441549126277,-0.0850351526316519
0.6180221072451982,0.5578876782965762
0.6332666108799014,-0.22524111669192753
0.6470083465251336,-0.1857059005066155
0.5461885425619118,-0.19570274191058845
0.5348886585473309,1.0072427240118764
0.5348886585473309,-0.24368317560398722
0.6526490956454021,-0.23863377831140026
0.609451729115474,0.7750752460977623
0.587170940395704,0.32322267763200574
0.6299710831708518,-0.5053408763637898
0.8408346221808188,-0.46010547427910775
0.6299710831708518,-0.640347128588517
0.628811119294954,-0.9032407281804511
0.6180221072451982,2.3415818838588445
0.6180221072451982,-0.13734990267320285
0.6299710831708518,1.5419702041040062
0.8351938730605504,0.1889171148427078
0.7453862988577041,-0.1398572429578273
0.6299710831708518,-0.29225162465591287
0.5196441549126277,0.26015748895086976
0.5461885425619118,-0.7060668439515294
0.5461885425619118,-0.3773454130404408
0.6526490956454021,-0.8799580602604433
0.6332666108799014,0.4148577081617313
0.5957413185254283,1.5468993281422445
0.7230741850827477,-0.2818728249473699
0.6373814974246783,-0.3850955412080568
0.6180221072451982,1.3748902411758417
0.6470083465251336,-0.38443210453305254
0.8181566097062686,0.6100149090513921
0.5348886585473309,-0.07009652308864162
0.5957413185254283,-0.5839924080670126
0.6299710831708518,-0.38798167580471365
0.7424566698482483,1.2958673388525241
0.6180221072451982,0.6769962508251729
0.6445664948944824,1.3995494169370901
0.7283490355034223,-0.5508663337749944
0.7510270479779726,-0.22885883527789974
0.5461885425619118,-0.6209374123547177
0.5390035450921078,0.38248027930571427
0.7271890716275246,0.7216277328369357
0.5390035450921078,-0.46210454294351655
0.8181566097062686,-0.26936230625337587
0.609451729115474,0.21622990354029503
0.7453862988577041,0.6235161967454207
0.7453862988577041,-0.434783304288109
0.7453862988577041,-0.3022182313488442
0.6246962327501772,0.9250672138251329
0.5348886585473309,1.0835271913265239
0.7230741850827477,-0.4975672687210879
0.7197786573736981,1.829538059988319
0.6470083465251336,-0.4227566893906051
0.7510270479779726,-0.40910696358432835
0.6526490956454021,1.029990968812085
0.6445664948944824,0.4195411637446981
0.6299710831708518,0.4403833876083738
0.7453862988577041,0.984835652825489
0.6246962327501772,-0.011648228124359616
0.6470083465251336,0.9312465088796823
0.6299710831708518,-0.42156495618901835
0.6332666108799014,0.42734927086611707
0.6359961167647581,1.4411892566806748
0.7230741850827477,-0.7393293879507324
0.7510270479779726,0.38479765651357023
0.5957413185254283,0.2518057536624304
0.628811119294954,0.7816317307971042
0.5280174033644358,0.110488304951321
0.6526490956454021,-0.32757348311070067
0.6263953556970063,-0.2385590593304288
0.6263953556970063,-0.3824487365018981
0.7271890716275246,1.1374122256753871
0.5348886585473309,-0.4822335917926569
0.5348886585473309,-0.5475084542533459
0.5348886585473309,0.15569042727825944
0.8351938730605504,-0.3767982948014419
0.6373814974246783,-0.2775076554298748
0.7343740690973286,0.7080444017104948
0.8181566097062686,0.6235801687742778
0.7271890716275246,-0.5930691022472453
0.7271890716275246,-0.3087056045989429
0.7162029298998526,0.6451534741602257
0.6470083465251336,-0.3856713017659456
0.7424566698482483,-0.23554455387107753
0.7510270479779726,-0.04089999484615703
0.7368159207279799,1.736139007593528
0.7368159207279799,0.4422245090168524
0.7078296814480445,0.9484269102022427
0.6180221072451982,-0.1010285046264967
0.6373814974246783,0.13260352224462613
0.7453862988577041,-0.5737396836991816
0.5348886585473309,0.012708797698964491
0.5196441549126277,0.42559929265938257
0.6855488927282746,0.8528146262114923
0.6526490956454021,-0.22625258576186819
0.5957413185254283,0.1926988144108991
0.5461885425619118,0.9491618174984141
0.5348886585473309,0.7320039856714402
0.7162029298998526,-0.942227878477639
0.5390035450921078,-0.253152122256927
0.7343740690973286,0.012415911099902033
0.7078296814480445,0.5632383229125548
0.8408346221808188,-1.0350797834522847
0.5348886585473309,-0.7128207033587651
0.7368159207279799,-0.8148399506372428
0.609451729115474,-0.5287753760751115
0.609451729115474,-0.3605616816836107
0.8408346221808188,-0.20157314603637844
0.6299710831708518,0.8848716258023506
0.6299710831708518,-0.5936508222592779
0.628811119294954,-0.21593858072678235
0.6180221072451982,0.9968552644648404
0.587170940395704,-0.466050900961188
0.6373814974246783,0.6724002450029418
0.6526490956454021,-0.22836628956949967
0.6470083465251336,-0.42707048795103575
0.5348886585473309,1.5519299554980375
0.7368159207279799,-0.14246197878437272
0.6246962327501772,0.3834475462992909
0.6180221072451982,-0.44076510371757
0.6470083465251336,0.403843627498773
0.6299710831708518,0.7681867281195898
0.7078296814480445,0.3088173136708714
0.6359961167647581,-0.012068047579409713
0.7453862988577041,-0.07664098690214083
0.8181566097062686,-0.4496963462903158
0.6526490956454021,0.4092003794243477
0.6359961167647581,1.0514934825786257
0.7078296814480445,-0.8689029505366491
0.6246962327501772,-0.10754175844391389
0.6299710831708518,0.31328997750893994
0.6299710831708518,-0.3040671376248551
0.617824977567282,0.20794546464002173
0.6332666108799014,0.793006036938648
0.5280174033644358,-0.05590375178169865
0.7162029298998526,-0.7542996829286844
0.628811119294954,-0.016965158845566153
0.7510270479779726,-0.7051763426372101
0.5957413185254283,-0.2691915759953967
0.6373814974246783,0.753032068109905
0.7230741850827477,1.1096908138226267
0.6299710831708518,-0.8409337486620031
0.6180221072451982,0.5371739913203385
0.7453862988577041,0.024755811152911145
0.5461885425619118,-0.5035009613309922
0.6180221072451982,0.08735626639025051
0.5280174033644358,-0.5843075824639473
0.8181566097062686,-0.48743731816463076
0.8351938730605504,-0.7385725531553612
0.6246962327501772,-0.48756792928664316
0.628811119294954,-0.44157059714966784
0.8351938730605504,-0.5038333935219601
0.7078296814480445,-0.6356428893003843
0.6445664948944824,0.23180670830667038
0.7230741850827477,0.30901289918326313
0.7368159207279799,-0.4877373679160733
0.6359961167647581,-0.48730382111540194
0.5348886585473309,-0.1398508596738517
0.7343740690973286,-0.4645663452726686
0.6526490956454021,-0.28465611302785565
0.6359961167647581,0.19755549538014927
0.7197786573736981,0.6164555434729667
0.7424566698482483,-0.14592188160352848
0.8408346221808188,1.2966223403091295
0.5390035450921078,0.25056955623759614
0.7424566698482483,1.391875497432518
0.4973633661928578,-0.059244896217559184
0.617824977567282,-0.3544064229079897
0.7283490355034223,0.6364535224671823
0.5957413185254283,0.2211168039955076
0.8181566097062686,-0.9583988123594508
0.7162029298998526,0.10201665420315653
0.7283490355034223,-0.20467917326324414
0.6855488927282746,-0.3911801261264419
0.6526490956454021,-0.06240290230908219
0.7162029298998526,0.45731606898896804
0.5390035450921078,-0.21281695337937323
0.8351938730605504,0.5941369169093225
0.6526490956454021,0.020598749917277837
0.7230741850827477,1.2273446275132822
0.6470083465251336,-0.5327128073098962
0.7078296814480445,-0.689850873151263
0.6359961167647581,0.22541147439276454
0.7510270479779726,0.253316098817713
0.5348886585473309,-0.45200850331411263
0.7368159207279799,1.3377219551087405
0.7424566698482483,-0.4236551446686924
0.6373814974246783,0.5417464947316717
0.7343740690973286,-0.15364318219270579
0.6526490956454021,-0.4534237988123065
0.6263953556970063,0.32114335289440243
0.7078296814480445,-0.27860755275030596
0.6299710831708518,1.0461484959727612
0.6180221072451982,-0.07914001305664409
0.5348886585473309,-0.014902599972380859
0.6263953556970063,-0.7934901502784857
0.4973633661928578,-0.6991185383764682
0.7271890716275246,-0.05606109415277405
0.6445664948944824,0.3222849090764689
0.7510270479779726,-0.9300550345360536
0.5196441549126277,0.8498160282028878
0.6359961167647581,-0.5705574071625398
0.4973633661928578,0.021454057895861633
0.6470083465251336,-0.8118232037598447
0.7078296814480445,-0.40778938739364606
0.6180221072451982,0.10744535043885595
0.7271890716275246,-0.14239660710099178
0.4973633661928578,-0.5998870206363907
0.7197786573736981,-0.6453590838443927
0.7162029298998526,0.7331187876781945
0.5280174033644358,0.5156029347513049
0.6359961167647581,1.496717909412218
0.7343740690973286,-0.3115654987574499
0.628811119294954,-0.6757546245920893
0.8181566097062686,0.28761849794819627
0.6180221072451982,0.5760701952894175
0.7343740690973286,-0.17003289199163873
0.6359961167647581,-0.16482841531468484
0.8181566097062686,-0.26961407600922005
0.8181566097062686,-0.830721619851403
0.5957413185254283,0.5151269906844349
0.7368159207279799,0.049419336232516486
0.6373814974246783,-0.08567162186804556
0.7162029298998526,-0.4081418521577139
0.5957413185254283,0.3110513290214224
0.6299710831708518,-0.19113612693889842
0.7271890716275246,-0.5493211676568861
0.7283490355034223,-0.19998110173719408
0.6445664948944824,-0.4024641231693241
0.6470083465251336,-0.22379219130075467
0.6359961167647581,-0.7587883525337582
0.6332666108799014,1.5392240563522381
0.8351938730605504,-0.28438475021305976
0.6263953556970063,0.16310909264170226
0.6445664948944824,-0.1978533070538055
0.6526490956454021,-0.9783127559153244
0.7271890716275246,-0.406708450586463
0.6526490956454021,-0.2646665881853441
0.8181566097062686,-0.49814721652879773
0.6180221072451982,0.22742538512345056
0.5390035450921078,-0.127203279866256
0.6299710831708518,-0.4333431852175675
0.7424566698482483,-0.072656624956833
0.7162029298998526,0.12019631287248078
0.5390035450921078,-0.028181441331466717
0.7078296814480445,-0.5498042325704684
0.7162029298998526,-0.40267300997991634
0.7453862988577041,-0.28660471437952123
0.5957413185254283,0.168734729612398
0.5461885425619118,-0.365844940582544
0.7230741850827477,-0.7863259611043891
0.5348886585473309,-0.13340473150664744
0.587170940395704,-0.29171818803328725
0.6373814974246783,0.30564479295102276
0.587170940395704,-0.2436384007593979
0.8408346221808188,-0.619939757234786
0.5461885425619118,0.4867161863539119
0.6373814974246783,1.1933491506220368
0.6526490956454021,0.6685122476584953
0.7078296814480445,-0.316366545015874
0.8181566097062686,-0.5171841717236456
0.5461885425619118,0.7751512108672701
0.6373814974246783,0.33469710508800565
0.5390035450921078,-0.20349648838377843
0.7162029298998526,0.33518189295010925
0.5348886585473309,-0.701740609106653
0.7283490355034223,-0.2709312771040866
0.7510270479779726,0.7253770166064455
0.7343740690973286,0.13851434207231195
0.6263953556970063,-0.26586708536543796
0.5390035450921078,-0.35841682558687854
0.5348886585473309,-0.27653264717263115
0.7271890716275246,-0.5525930299256318
0.628811119294954,0.40048360232403624
0.5461885425619118,-0.45224110902271186
0.6526490956454021,-0.22222877526680584
0.7453862988577041,0.31948614921182206
0.609451729115474,0.13537519866487147
0.7162029298998526,0.804379287654272
0.6359961167647581,-0.3434705430176157
0.8351938730605504,-0.6080139189977501
0.7283490355034223,0.11377286698111877
0.8351938730605504,0.8297070713099055
0.7453862988577041,0.8239747164001404
0.7271890716275246,0.06823997539963178
0.7283490355034223,1.253926008230379
0.5461885425619118,-0.20596349939385872
0.7368159207279799,-0.17179431345703555
0.7510270479779726,-0.06045558172458754
0.6526490956454021,0.42412448832717264
0.7368159207279799,0.8258572070675383
0.587170940395704,-0.484099773311698
0.5280174033644358,1.0911653930774743
0.6470083465251336,-0.3910131678469295
0.7453862988577041,0.6830510159311355
0.5280174033644358,3.4512821981257145
0.6332666108799014,0.5519495828833734
0.8181566097062686,-0.13740468389096794
0.7162029298998526,-0.35777010194285497
0.609451729115474,0.06957477228038067
0.6246962327501772,0.43716008944763984
0.7078296814480445,-0.7958995457228061
0.6359961167647581,1.4866997469139116
0.6263953556970063,-0.24635158227569787
0.7510270479779726,1.2515446399062566
0.5280174033644358,0.20813342218459252
0.6263953556970063,1.1570158804659936
0.6526490956454021,-0.435769683145253
0.7197786573736981,0.8610278812282676
0.4973633661928578,0.7344964456493697
0.6180221072451982,0.34071006872825615
0.5196441549126277,-0.721689962096119
0.6299710831708518,-0.35466864820529886
0.6445664948944824,-0.3280276869854524
0.6299710831708518,-0.33850704637104223
0.6299710831708518,-0.5118016332477204
0.7343740690973286,0.8097399685564213
0.8181566097062686,0.007126596656632511
0.7197786573736981,-0.2445459113227822
0.5348886585473309,-0.309631262977409
0.6526490956454021,0.7978096619485002
0.6526490956454021,-0.3858165212729907
0.5348886585473309,-0.27046543824801733
0.6445664948944824,-0.32867750445814276
0.5348886585473309,0.031044901597697572
0.6470083465251336,-0.3088339165935467
0.6332666108799014,1.500716464566436
0.5390035450921078,-0.5001673289245913
0.7197786573736981,0.63346267128656
0.7162029298998526,-0.7986496499418891
0.5390035450921078,-0.5236526749234826
0.7510270479779726,1.0191059627816452
0.7343740690973286,0.1488199595366284
0.6526490956454021,0.8855876588316225
0.4973633661928578,-0.6957384541166785
0.5280174033644358,-0.13863669174412108
0.6180221072451982,-0.7380816822866533
0.6359961167647581,0.6260884984401793
0.7078296814480445,-0.564079528650259
0.7078296814480445,-0.18436088054114674
0.7343740690973286,-0.31397897005640696
0.5390035450921078,-0.25193413527955794
0.7197786573736981,-0.607556029954085
0.7283490355034223,-0.018839452166331316
0.5280174033644358,-0.5472746394166419
0.5196441549126277,0.09862855210958188
0.617824977567282,0.7929063537132094
0.7197786573736981,-0.18284842326404094
0.5348886585473309,0.8110310558943146
0.6180221072451982,-0.19775233105377182
0.5390035450921078,0.748434325483353
0.7343740690973286,-0.6984857290583755
0.7230741850827477,1.4195943892030454
0.6470083465251336,-0.5126835062635191
0.6373814974246783,1.544425594478057
0.6470083465251336,-0.8341184702268124
0.6299710831708518,0.8917785468626753
0.7078296814480445,0.05596308411982687
0.7368159207279799,1.6426537382558715
0.5280174033644358,-0.1455246167430555
0.5196441549126277,0.8503283260785041
0.7162029298998526,0.08988844242111815
0.609451729115474,1.7541831564740031
0.6263953556970063,1.014402880894149
0.5461885425619118,0.14741478395840157
0.6470083465251336,1.3261627656508197
0.6180221072451982,0.31340240903591676
0.7078296814480445,-0.3554620908396129
0.5957413185254283,-0.3228227167869447
0.6445664948944824,-0.06421361445511753
0.6470083465251336,-0.3430308191389633
0.8181566097062686,1.2922036222562463
0.7453862988577041,1.4058636685802548
0.6332666108799014,0.4160364139053816
0.7283490355034223,-0.21675454737668698
0.6445664948944824,0.37751857453266846
0.5461885425619118,-0.7193280239315544
0.6470083465251336,1.6580901552096492
0.7424566698482483,-0.33639334070942006
0.7453862988577041,0.2627429937186566
0.8181566097062686,-0.12437892795365191
0.5348886585473309,-0.25843845302788
0.6263953556970063,0.28815914980054225
0.7343740690973286,-0.5981468011080102
0.7162029298998526,0.12629989551624277
0.628811119294954,0.9642622006149334
0.5957413185254283,1.2213174735175578
0.5390035450921078,-0.18738319410080756
0.4973633661928578,-0.5974152199813545
0.8181566097062686,-0.5738480654197851
0.7230741850827477,-0.09498592770062009
0.6246962327501772,-0.36732170401092384
0.6526490956454021,1.1631664096190768
0.6299710831708518,-0.526516342348341
0.6299710831708518,-0.053730316371211395
0.6445664948944824,0.22027901526047666
0.5196441549126277,0.44072259938590197
0.7283490355034223,-0.10335142139764975
0.6470083465251336,-0.628266575850777
0.7283490355034223,-0.246104507689703
0.7230741850827477,-0.1549161859423982
0.7230741850827477,0.2536250134810766
0.5390035450921078,-0.9995187323201502
0.6526490956454021,0.2173206750593919
0.628811119294954,0.8554119675162678
0.5196441549126277,0.01621281431112631
0.6526490956454021,-0.3700160229725888
0.7283490355034223,-0.3479470669902617
0.7343740690973286,-0.6957748952074378
0.7343740690973286,0.0205068121543599
0.5390035450921078,1.1711439441310485
0.5390035450921078,0.6928591258871721
0.628811119294954,-0.17486738760377818
0.5348886585473309,-0.6747396348915157
0.6180221072451982,0.27901281579612547
0.5280174033644358,-0.06297009893752775
0.7343740690973286,-0.3060235739433449
0.7197786573736981,0.9749096223862549
0.5390035450921078,-0.7157733016893769
0.7510270479779726,-0.3469943653062991
0.4973633661928578,-0.47952099227100453
0.617824977567282,-0.20849235791840331
0.7343740690973286,-0.45186515438175673
0.628811119294954,-0.03768132664446988
0.7078296814480445,0.36772409126655003
0.5957413185254283,-0.016974039604701674
0.6445664948944824,-0.30252912953380073
0.6332666108799014,-0.07823956370422691
0.7343740690973286,-0.06078765908311601
0.6263953556970063,0.12908585539142114
0.7078296814480445,-0.749238410581734
0.6263953556970063,-0.16074035557033828
0.6180221072451982,-0.19029837066881233
0.6299710831708518,0.3321364062004466
0.6180221072451982,-0.3886834651864449
0.7078296814480445,0.5742392972757919
0.6445664948944824,-0.4268005771668866
0.5461885425619118,-0.3008753636023478
0.6263953556970063,1.040795841383997
0.6526490956454021,-0.040487429565633226
0.7510270479779726,-0.36707237263600123
0.5280174033644358,0.46269785912347505
0.8181566097062686,-0.6138906848294625
0.6526490956454021,0.6004336502860659
0.7197786573736981,0.7619049940567296
0.6373814974246783,0.014746690045261301
0.6359961167647581,-0.28197498106365204
0.6359961167647581,0.441580124260335
0.5280174033644358,-0.7700655253508649
0.6526490956454021,0.09612142115834321
0.7230741850827477,0.13938276494367974
0.8408346221808188,-0.660061680538915
0.609451729115474,-0.2529455894251485
0.7230741850827477,-0.06200788704211557
0.5280174033644358,1.0023531455973422
0.5957413185254283,-0.2076375839923681
0.6373814974246783,-0.2987966368242279
0.7078296814480445,-0.9487966300263824
0.6180221072451982,0.35938603794480495
0.6526490956454021,0.22459822575645638
0.5348886585473309,-0.5168027981447862
0.5461885425619118,-0.19173585600229914
0.8351938730605504,-0.33873205662102807
0.609451729115474,0.07279980891983362
0.7271890716275246,-0.39176688611687477
0.6470083465251336,-0.21908388188010153
0.7368159207279799,0.394561384013967
0.8408346221808188,-0.7775520769551697
0.7078296814480445,0.48665980804955855
0.5196441549126277,-0.3137143130220241
0.7424566698482483,-0.37180898096810155
0.6526490956454021,-0.43519272574853374
0.8181566097062686,-0.6816859908513355
0.587170940395704,-0.3978580467188291
0.6299710831708518,-0.29235849702176486
0.4973633661928578,-0.3845875122432464
0.6263953556970063,0.8814571065443613
0.6526490956454021,-0.5639715907336843
0.7510270479779726,-0.43693832052680026
0.7424566698482483,-0.007130847421525033
0.5957413185254283,0.4393607201530909
0.628811119294954,-0.11380825236990633
0.8351938730605504,0.8402912031947349
0.6246962327501772,-0.24593320653095235
0.5957413185254283,1.019246822857064
0.609451729115474,-0.19534248939604626
0.5196441549126277,-0.5302737493635162
0.617824977567282,0.8570477051613125
0.6180221072451982,0.9326337186116923
0.6180221072451982,0.21792548183925486
0.6470083465251336,-0.6289163972906326
0.7424566698482483,0.7165058041147615
0.8408346221808188,0.922727444014421
0.5348886585473309,-0.06732005406976732
0.7453862988577041,-0.5449890134953089
0.7162029298998526,0.7841019376043611
0.8408346221808188,-0.6465388763168084
0.5280174033644358,-0.21635453257905368
0.617824977567282,0.39664639222219866
0.5348886585473309,0.5656305441388574
0.7453862988577041,-0.41494061404603977
0.6373814974246783,0.07069173335186674
0.5390035450921078,0.3735895991226166
0.8408346221808188,-1.2212636157142496
0.7197786573736981,0.2953112153373757
0.8181566097062686,-0.2915784906008202
0.7162029298998526,-0.37884094636431054
0.5280174033644358,-0.2408033154000005
0.8408346221808188,-0.8628265823188475
0.6359961167647581,0.2364648935764162
0.6373814974246783,-0.3417256749524759
0.609451729115474,-0.0015410288671259265
0.6299710831708518,-0.5295410322910536
0.5461885425619118,-0.5635610749307152
0.5348886585473309,2.065794867756746
0.5957413185254283,-0.3607197905172679
0.7424566698482483,0.8936780697859793
0.6855488927282746,0.28974719300916796
0.6180221072451982,0.2941850180507656
0.6445664948944824,-0.09264618419048287
0.6470083465251336,0.5721207191957277
0.7283490355034223,-0.49433336051846766
0.5280174033644358,0.4240432097684351
0.5196441549126277,-0.2523910908825443
0.7510270479779726,-0.28578906894390693
0.7453862988577041,0.6320490367187709
0.7453862988577041,-0.24063317546795115
0.6470083465251336,-0.4218707845720426
0.7510270479779726,0.5799835146416876
0.7510270479779726,1.4308654920662474
0.5196441549126277,-0.3244860074798005
0.5390035450921078,-0.4908151810204475
0.7510270479779726,0.17977638337960677
0.8181566097062686,0.4629904630211851
0.7271890716275246,-0.3868150284178094
0.587170940395704,0.4769791912067004
0.5957413185254283,0.7178908133121165
0.4973633661928578,-0.41147406016548943
0.7510270479779726,0.3382550158647055
0.7162029298998526,-0.6090240983992654
0.6855488927282746,-0.675671435844453
0.8181566097062686,0.007888400319301159
0.5461885425619118,-0.8885271728713362
0.8408346221808188,-0.3810123979834108
0.7343740690973286,-0.06553602592472396
0.5280174033644358,-0.22092204408386473
0.5196441549126277,0.5566489706376966
0.5957413185254283,-0.49541094283605003
0.6373814974246783,0.061277863123063714
0.5196441549126277,0.0354219847678342
0.6299710831708518,-0.8111291171029059
0.7510270479779726,-0.6115814165023956
0.8408346221808188,-0.16830395903577677
0.6855488927282746,-0.19451942627878982
0.6180221072451982,0.6283908281085108
0.617824977567282,-0.39487960590813487
0.7510270479779726,0.20061229474313358
0.5280174033644358,-0.4897238506294844
0.5390035450921078,-0.3807113958554774
0.587170940395704,0.40562354288842584
0.6470083465251336,0.2675306920268583
0.7453862988577041,0.6971877526390725
0.5196441549126277,-0.2949928608134222
0.617824977567282,1.547624119733419
0.8181566097062686,0.2835619827334003
0.6359961167647581,-0.31604655950784255
0.7283490355034223,-0.24518186458661462
0.587170940395704,0.47473787487886654
0.7078296814480445,-0.8161978265983438
0.7162029298998526,-0.4983578708379959
0.5390035450921078,-0.08449198819751708
0.8181566097062686,-0.7698623780316258
0.5280174033644358,0.31577884782769694
0.7271890716275246,0.47275071097543286
0.8351938730605504,-0.37030913551716016
0.6246962327501772,0.07730176352467344
0.6526490956454021,0.5551000393620784
0.5196441549126277,-0.4270967881858382
0.6299710831708518,-0.6031441644594061
0.8408346221808188,0.06112458219757677
0.5390035450921078,-0.6496908898138588
0.7283490355034223,-0.4026777771506597
0.617824977567282,0.451920066013079
0.4973633661928578,-0.643097597253477
0.5196441549126277,-0.921180789586431
0.6263953556970063,-0.3882232213882967
0.4973633661928578,-0.07752734936311612
0.6263953556970063,0.125137188469855
0.6299710831708518,-0.04970686326319429
0.7271890716275246,0.32909908793795284
0.7283490355034223,0.7514780403044385
0.7343740690973286,-0.09643034395307659
0.6470083465251336,0.8788480021965895
0.5957413185254283,0.7017326211749983
0.7230741850827477,-0.4582701300939422
0.6299710831708518,-0.705405981460497
0.7343740690973286,0.1594909558137586
0.7424566698482483,0.11983137422856971
0.5390035450921078,-0.4816073761851073
0.7510270479779726,-0.16151209963714153
0.7510270479779726,0.5105888177273741
0.609451729115474,1.4811763591858693
0.6180221072451982,-0.5004205102738968
0.5280174033644358,-0.32684219882920246
0.7271890716275246,-0.788521005975646
0.8181566097062686,-1.0120516010775702
0.8351938730605504,0.9194776630215251
0.617824977567282,1.2040690019370812
0.6470083465251336,0.11113543773658663
0.6526490956454021,-0.5581557038668181
0.7343740690973286,0.40679854232259616
0.5280174033644358,-0.08332895390145201
0.5390035450921078,-1.0270903335850552
0.6246962327501772,-0.2654258598529988
0.8351938730605504,-0.40140859359266257
0.6263953556970063,-0.12217117357444918
0.6526490956454021,-0.3241348687256135
0.7424566698482483,0.1956192717213694
0.5348886585473309,-0.8517977083020838
0.7510270479779726,0.006087490658309824
0.6299710831708518,0.8312904112675965
0.7453862988577041,-0.1925151477929654
0.5957413185254283,0.295008565111499
0.587170940395704,-0.7245170283529849
0.5196441549126277,-0.5073123056802212
0.609451729115474,0.6611338685629138
0.7424566698482483,-0.08667278451064486
0.7197786573736981,-0.48506383221881044
0.8181566097062686,0.09246512371794102
0.8181566097062686,-1.012502935160203
0.617824977567282,0.6500351390304288
0.6332666108799014,-0.4190488562327889
0.5957413185254283,-0.27258853616180245
0.6445664948944824,0.3534338376921172
0.5461885425619118,-0.140011354718035
0.6855488927282746,-0.16628622115798297
0.7162029298998526,-0.3767705787717162
0.5348886585473309,-0.30524547566280913
0.8351938730605504,-0.6932577740963523
0.5957413185254283,0.9626151507712759
0.6526490956454021,-0.3138360294924011
0.8408346221808188,-0.562236383106496
0.5348886585473309,-0.3627017845836169
0.7453862988577041,-0.4672197810164119
0.6299710831708518,-0.6372858711144898
0.6246962327501772,0.01120798921951216
0.609451729115474,0.631584087200177
0.7453862988577041,1.1676585250005558
0.4973633661928578,-0.2143738114011846
0.6359961167647581,1.6119405227428414
0.6470083465251336,-0.09359426375972413
0.7453862988577041,-0.05549526378924807
0.7230741850827477,-0.5291984687460525
0.587170940395704,-0.5074321866030055
0.5957413185254283,-0.06441007932011744
0.6180221072451982,-0.5714534564294497
0.6263953556970063,0.36445698542197114
0.8181566097062686,0.5984407184419546
0.7424566698482483,0.609260195681225
0.4973633661928578,0.15374561182877633
0.6180221072451982,-0.16504581124472784
0.4973633661928578,-0.13764527731739523
0.7162029298998526,-0.3027629061286566
0.4973633661928578,0.5209643966773527
0.6263953556970063,-0.2864497297059281
0.6470083465251336,0.8176524103482908
0.7283490355034223,0.9604806835832802
0.7510270479779726,-0.023728278664557068
0.7510270479779726,0.1571451374929902
0.4973633661928578,-0.41822654563447764
0.6855488927282746,-0.567312537576748
0.7510270479779726,1.3712912198146328
0.6373814974246783,0.20780456325376828
0.6445664948944824,0.06320611081922878
0.7283490355034223,0.31207794754580487
0.5196441549126277,0.20935702005844858
0.587170940395704,0.04164601732631479
0.5348886585473309,-0.39400204449513476
0.6373814974246783,0.5069143571378509
0.7230741850827477,0.7749074479913466
0.8351938730605504,-0.41588805764096204
0.7271890716275246,-1.283517593558949
0.6526490956454021,-0.40205132407861993
0.7424566698482483,0.3070774831882498
0.6470083465251336,-0.41261392429361443
0.7343740690973286,-1.320243333383518
0.7271890716275246,-0.17250795345811654
0.7368159207279799,-0.09483656875520408
0.628811119294954,-0.9117304184538266
0.7453862988577041,-0.5235715500171714
0.4973633661928578,-0.5558252409331513
0.7368159207279799,-0.29923870326375146
0.587170940395704,-0.4640080908195684
0.5196441549126277,0.10180190086695629
0.6180221072451982,1.731959112035089
0.6373814974246783,-0.06084032674860418
0.6299710831708518,-0.4278657718191373
0.8351938730605504,-0.04974936496494686
0.6373814974246783,0.7834440404419238
0.7078296814480445,-0.7975873351093699
0.8351938730605504,0.4478525449042312
0.7453862988577041,-0.026934010391138075
0.7453862988577041,1.607147087415306
0.628811119294954,-0.24496965951726313
0.8408346221808188,-0.3179222384804652
0.7510270479779726,-0.14912820769424195
0.7197786573736981,0.08707753793956974
0.7271890716275246,0.4136206172501652
0.6246962327501772,-0.39680978674539924
0.5957413185254283,-0.5352889468339883
0.6263953556970063,0.856626543933305
0.6526490956454021,-0.5635213514106121
0.5957413185254283,0.14909273146174706
0.8181566097062686,-0.16769487756525148
0.609451729115474,-0.3362222439969513
0.7162029298998526,-0.8014044547264848
0.6855488927282746,-0.6018030501247554
0.6246962327501772,0.14607385319873611
0.7283490355034223,0.2607822971791155
0.6332666108799014,-0.019856493063443836
0.6246962327501772,-0.30624984711353603
0.7510270479779726,-0.2302379845400676
0.7453862988577041,0.9158112692026302
0.6470083465251336,-0.6547857119761085
0.7424566698482483,0.9071035299683349
0.7424566698482483,-0.8386290812584127
0.7368159207279799,-0.42091920144882417
0.6445664948944824,0.4507092001979184
0.6373814974246783,-0.42678432379167736
0.5461885425619118,1.0640083817492636
0.5280174033644358,0.010713928880704882
0.5957413185254283,-0.4797780710133119
0.6445664948944824,1.2882112431430501
0.7162029298998526,1.0454759199637635
0.6299710831708518,-0.3260505953429734
0.7424566698482483,1.0874040079211968
0.7197786573736981,0.1351633831104715
0.7424566698482483,-0.6158849899823452
0.7271890716275246,-0.24126638806843004
0.6373814974246783,0.6288098483364177
0.6180221072451982,-0.18779726684807152
0.7368159207279799,-0.4550057290682606
0.4973633661928578,-0.2702014991388766
0.7343740690973286,-0.30715653645209934
0.6246962327501772,-0.9749462891091232
0.7510270479779726,-0.4285479024276558
0.587170940395704,-0.04666725935496585
0.6526490956454021,0.6572346018528588
0.7078296814480445,0.3968951541494332
0.6180221072451982,-0.15397618999842289
0.617824977567282,0.8728505022577847
0.5390035450921078,-0.21688033656654798
0.7162029298998526,0.6430261485723351
0.5348886585473309,-0.12784546294492255
0.6445664948944824,0.9598163823532194
0.628811119294954,0.027309147994146965
0.8408346221808188,1.023543200750055
0.6263953556970063,-0.6072001677400168
0.5957413185254283,1.6620513038634044
0.6299710831708518,-0.13539930031526498
0.7230741850827477,-0.7890631442484924
0.6359961167647581,-0.17696275395431138
0.587170940395704,0.3908172305617329
0.5196441549126277,-0.07072525450384287
0.6470083465251336,-0.5253189949092365
0.7078296814480445,0.25144076659034786
0.609451729115474,-0.010165658768749863
0.5280174033644358,-0.34709307223493574
0.6470083465251336,-0.3579489729883005
0.587170940395704,0.17232066093490828
0.6332666108799014,0.5078072874047674
0.617824977567282,0.6848272787309401
0.617824977567282,0.04575126069441915
0.8408346221808188,-0.23011445199192782
0.617824977567282,-0.15946006621030778
0.6180221072451982,-0.32573249084689476
0.7343740690973286,-1.0635376590687438
0.7368159207279799,-0.20022904580370993
0.6445664948944824,-0.06895734251542607
0.5348886585473309,-0.5329278821281145
0.5461885425619118,-0.21806815717821465
0.7283490355034223,-0.4428163212749006
0.4973633661928578,0.7574918121032959
0.609451729115474,-0.4637909582482037
0.5280174033644358,-0.38485351504484067
0.6263953556970063,-0.36899083197627014
0.6470083465251336,-0.39534303536520193
0.6299710831708518,0.9055351677197401
0.7510270479779726,-0.11534712895929489
0.7283490355034223,-0.41991735780721806
0.5390035450921078,-0.27401603204419084
0.6373814974246783,0.899708579060297
0.7510270479779726,-0.3239188504128655
0.7162029298998526,-0.5067436222213632
0.4973633661928578,0.893029385041241
0.6445664948944824,0.1480636019914925
0.5196441549126277,-0.506382678273531
0.7510270479779726,1.443723850120698
0.6180221072451982,0.619429147267326
0.4973633661928578,0.21294000175413086
0.7368159207279799,-0.575782268709172
0.628811119294954,0.14013911738161722
0.6526490956454021,-0.015285644823327282
0.6359961167647581,-0.007012594276238016
0.6526490956454021,0.2061662827380688
0.4973633661928578,-0.6710904018976234
0.7197786573736981,1.0372010125631785
0.609451729115474,-0.23744785585404532
0.617824977567282,-0.11643854311470281
0.8181566097062686,0.2103425373430149
0.7271890716275246,-0.045746270862285776
0.6445664948944824,-0.32248821312445797
0.5390035450921078,-0.508333127915554
0.7510270479779726,0.24519080333794663
0.6180221072451982,0.8544549501032769
0.8181566097062686,0.8308133328015462
0.6332666108799014,0.6983731815149921
0.6445664948944824,0.6594674220246132
0.8181566097062686,-0.8698430339907236
0.7368159207279799,1.2040311611736252
0.7078296814480445,-0.18013626220658618
0.5957413185254283,0.9627670649295774
0.6263953556970063,0.4230517584944755
0.6855488927282746,-0.19858220316451902
0.7197786573736981,0.02565836584610759
0.7368159207279799,-0.5986111901777798
0.628811119294954,-0.1281432310900802
0.7271890716275246,-0.41091772017318856
0.7197786573736981,0.38668360612971575
0.6373814974246783,0.5678000460817672
0.6180221072451982,0.24785338674028345
0.5196441549126277,-0.5487041355859326
0.8408346221808188,-0.16299597151612755
0.5957413185254283,0.2754139207255306
0.6445664948944824,-0.3479692311225516
0.617824977567282,-0.17075987369440537
0.6299710831708518,-0.3381400296347502
0.609451729115474,-0.7239411197798532
0.6445664948944824,0.9964516510467968
0.8351938730605504,0.4894971218040398
0.587170940395704,0.25447059596509813
0.7230741850827477,0.22341347547776624
0.7283490355034223,-0.9427635459671899
0.5280174033644358,0.7484790279885067
0.4973633661928578,0.026339725900008326
0.6299710831708518,-0.016619990696635778
0.6299710831708518,-0.6269840487837308
0.8408346221808188,0.22249533438550528
0.587170940395704,0.31030139086456276
0.7197786573736981,0.5486360384213723
0.5390035450921078,0.04632192689869774
0.5390035450921078,-0.3575240093613988
0.6470083465251336,-0.16371652270412868
0.7424566698482483,0.2009215022812182
0.7197786573736981,0.9396399864155102
0.5348886585473309,-0.5851551119031503
0.7271890716275246,-0.6838699415470614
0.5461885425619118,-0.44594138787995896
0.7162029298998526,0.21108135086343593
0.6445664948944824,-0.05996495267005053
0.6332666108799014,0.5381768446972279
0.8181566097062686,-0.1673663510653649
0.6299710831708518,-0.8651820284856188
0.7453862988577041,-0.5970116395986838
0.6445664948944824,-0.5768903699342638
0.6470083465251336,0.9540099401289234
0.6373814974246783,0.9312519828328598
0.6470083465251336,-0.13867033430155762
0.6526490956454021,-0.38368068659852567
0.7453862988577041,0.2716409906474472
0.7078296814480445,-0.2547531989081698
0.7078296814480445,0.4932660580859931
0.6526490956454021,-0.46898535664790425
0.4973633661928578,0.808829462606742
0.587170940395704,0.014036319657833252
0.628811119294954,-0.48801232333580197
0.7078296814480445,-0.6343903899760218
0.5957413185254283,0.2437249548892081
0.8181566097062686,-0.6512656614010011
0.628811119294954,0.8563966947656197
0.6359961167647581,0.2662175566163828
0.5348886585473309,-0.18946439688296113
0.6855488927282746,-0.24137467667037393
0.5348886585473309,-0.37600565097919925
0.5280174033644358,0.9968583557376796
0.5957413185254283,-0.2478867499843131
0.6246962327501772,0.2945041818876757
0.8351938730605504,-0.7389989029817221
0.6180221072451982,-0.16433137524590608
0.7230741850827477,0.01040376535216192
0.5280174033644358,-0.46070386117155915
0.5280174033644358,0.22881338612547653
0.8181566097062686,-0.5742824696282546
0.5461885425619118,0.04966902039861121
0.6855488927282746,-0.4356942404835363
0.5390035450921078,-0.7334385341554877
0.6299710831708518,-0.07005665411460082
0.6180221072451982,-0.43644557792550087
0.6855488927282746,-0.830500794661226
0.8351938730605504,0.7976965467670982
0.5957413185254283,-0.25902161253860445
0.6470083465251336,0.0019255748194079159
0.6246962327501772,-0.43097803178407823
0.5390035450921078,-0.1579849665153688
0.5461885425619118,0.8182885687713138
0.7162029298998526,-0.5305365565730555
0.6263953556970063,0.43111396148024883
0.628811119294954,0.5871544237986276
0.4973633661928578,-0.3605597082720315
0.5196441549126277,-0.21894322179254183
0.7230741850827477,-0.1432837942105536
0.8408346221808188,0.22959517802932716
0.4973633661928578,-0.027169879971165822
0.8181566097062686,-0.4470151423447118
0.5390035450921078,-0.7385636352854131
0.617824977567282,0.2307315189828706
0.5957413185254283,-0.37931523897788855
0.7230741850827477,-0.45960637591770526
0.6359961167647581,-0.20245258967751684
0.6526490956454021,-0.5263517431893179
0.5957413185254283,0.2834970133046749
0.6359961167647581,-0.04766187959286883
0.6470083465251336,-0.3961788913598101
0.7230741850827477,0.36904979999251675
0.609451729115474,-0.1647205883685265
0.7162029298998526,0.7455281398597352
0.7283490355034223,-0.4029851978425856
0.7453862988577041,-0.06601522459300713
0.8351938730605504,-0.4495329122525638
0.6470083465251336,-0.7691654720880954
0.8181566097062686,-0.1165016233762618
0.7230741850827477,-0.0025593389330128558
0.6470083465251336,-0.514318220151581
0.8351938730605504,-0.6989260279563869
0.5390035450921078,0.14076331694426703
0.6373814974246783,-0.2333770555472714
0.7283490355034223,0.5199886702291932
0.7368159207279799,1.1882622851838234
0.6180221072451982,-0.3647492756793602
0.6470083465251336,0.4035746484382027
0.6373814974246783,-0.08337943706531648
0.5196441549126277,-0.11145482752693903
0.4973633661928578,0.5881497010612189
0.7368159207279799,0.17187976162784757
0.6470083465251336,1.1130160156971778
0.7197786573736981,0.5333521291898909
0.5280174033644358,0.18595634087509816
0.617824977567282,-0.5453469330602194
0.6299710831708518,-0.4152441322761935
0.7510270479779726,-0.4970849971439223
0.6299710831708518,-0.49776623251422125
0.5390035450921078,-0.38427751652392483
0.6470083465251336,0.7909104441597309
0.6263953556970063,-0.03587781192317452
0.7162029298998526,-0.7648673669721018
0.6332666108799014,0.77300016704139
0.628811119294954,0.643982097647703
0.6180221072451982,-0.6847017990729208
0.7230741850827477,0.5718092168818397
0.8181566097062686,0.5335847893402664
0.6263953556970063,0.6935015842665639
0.628811119294954,0.6946646274671274
0.6359961167647581,-0.6045015194775812
0.7162029298998526,0.6040965701278037
0.7343740690973286,0.4173080383317951
0.5390035450921078,-0.421149223062342
0.6373814974246783,-0.6936149744587677
0.7453862988577041,0.30311638055948176
0.5348886585473309,0.011630773856217802
0.7453862988577041,0.5266385625306292
0.7162029298998526,-0.10496458464069591
0.7271890716275246,0.5071027798613871
0.7424566698482483,-0.3051618125445152
0.7230741850827477,-0.6750003726734335
0.6246962327501772,-0.4423586760845649
0.5957413185254283,0.2320285339838405
0.5348886585473309,-0.8275781807083489
0.6855488927282746,0.672020580833446
0.6445664948944824,-0.27255958847767064
0.7197786573736981,0.14878705885829946
0.5196441549126277,0.6017922701231103
0.7271890716275246,1.1052595512922134
0.6445664948944824,0.5731444376985825
0.587170940395704,-0.32173601064357216
0.6373814974246783,-0.3346228005976597
0.7510270479779726,-0.17948895685270394
0.5280174033644358,-0.1815076402593847
0.6332666108799014,0.7633495962315793
0.6246962327501772,-0.4211780860370825
0.7283490355034223,0.07380634981434842
0.7078296814480445,0.2258386219991526
0.617824977567282,-0.18760026723987938
0.6263953556970063,0.2372777947842083
0.8181566097062686,1.066997706241899
0.4973633661928578,-0.09763045578391516
0.7271890716275246,0.4975973193958497
0.5390035450921078,-0.24198675202809744
0.7230741850827477,-0.47329103972175957
0.6470083465251336,0.06957153131780758
0.6332666108799014,-0.10732172141572827
0.7230741850827477,1.0544590528114393
0.6263953556970063,-0.5997686147398648
0.6332666108799014,0.6182416279141343
0.7453862988577041,-0.4410353276406512
0.6470083465251336,-0.46072506440084104
0.5390035450921078,-0.41150061217130307
0.6180221072451982,-0.35367450320770577
0.7197786573736981,0.20431360326760473
0.628811119294954,0.275517713477902
0.5390035450921078,0.10722910869431046
0.6246962327501772,-0.09077839830509882
0.6299710831708518,-0.1562766483339736
0.5280174033644358,0.8499182962734149
0.6373814974246783,1.0530690890398167
0.6470083465251336,-0.32687537156780244
0.6180221072451982,-0.12300975683988602
0.6180221072451982,-0.2883251999903428
0.6359961167647581,0.4229522565532926
0.5280174033644358,1.3082035254888789
0.8408346221808188,-1.0097731722440286
0.7368159207279799,1.4167174456539005
0.6373814974246783,-0.07760269420523103
0.587170940395704,0.1517704924966894
0.7424566698482483,0.10554524264387954
0.617824977567282,0.7296490302436945
0.6855488927282747,-0.4419228668427861
0.6526490956454021,-0.2809314821178446
0.6855488927282746,-0.2595903502423841
0.6470083465251336,0.7880881548825015
0.7271890716275246,-0.25326706677597977
0.8351938730605504,-0.4120622083038789
0.5280174033644358,-0.4593874510570677
0.6263953556970063,0.05641558957699078
0.6299710831708518,-0.4764838519479798
0.7510270479779726,-0.42236775305046814
0.6263953556970063,-0.1773341205416029
0.6263953556970063,-0.11199901453668015
0.8181566097062686,-0.457127727908229
0.8408346221808188,-0.772096929930185
0.609451729115474,-0.30495464962729424
0.6299710831708518,-0.235883521232508
0.617824977567282,-0.020627070988783358
0.6246962327501772,0.2853858653833278
0.4973633661928578,-0.2936423368247004
0.6299710831708518,-0.4937904154777907
0.617824977567282,1.0386956230734885
0.5461885425619118,-0.016456516519519626
0.7368159207279799,-0.6249218354023329
0.5461885425619118,-0.8831416747886969
0.6526490956454021,0.043056658978227746
0.6470083465251336,-0.15555045223301867
0.6855488927282746,-0.759771486830602
0.6359961167647581,0.2798601207302982
0.6855488927282746,-0.5841662784492865
0.5348886585473309,-0.44415256028432903
0.7230741850827477,-0.13780925263320454
0.7078296814480445,1.1726672935960682
0.587170940395704,0.7587651207631613
0.7078296814480445,-0.17044027974462794
0.6246962327501772,-0.588170493934847
0.8351938730605504,-0.12988756521124234
0.5196441549126277,0.1897829358459716
0.5348886585473309,-0.08259301938288072
0.6180221072451982,-0.624078309061763
0.5280174033644358,-0.45274575141657636
0.7424566698482483,-1.2046732569442944
0.6332666108799014,-0.5857196954141833
0.4973633661928578,-0.11039527805754679
0.6246962327501772,-0.45643269516349505
0.7162029298998526,-0.1777485010626082
0.628811119294954,1.1833190348066762
0.5957413185254283,-0.2974359733739442
0.6373814974246783,-0.08606940418974096
0.4973633661928578,-0.7179798631998422
0.6263953556970063,0.8259222987404411
0.7197786573736981,0.869170894706878
0.8408346221808188,-0.629782194782976
0.7197786573736981,-0.20298483876485918
0.6470083465251336,-0.47950114915853115
0.7078296814480445,-0.018570148004412035
0.5280174033644358,-0.25430880677123024
0.6526490956454021,0.8212948366914994
0.4973633661928578,-0.5343057088030101
0.6359961167647581,-0.615641387003188
0.7283490355034223,-0.09914210175605609
0.7343740690973286,-0.14185710970692667
0.6299710831708518,-0.09869333719600304
0.587170940395704,0.08666548188069068
0.7283490355034223,0.302082872935981
0.7271890716275246,0.7991809869818908
0.7510270479779726,-0.13779033382318973
0.6359961167647581,0.6504496213804039
0.8408346221808188,-0.45539040118628527
0.5957413185254283,-0.7890605688649571
0.6299710831708518,-0.44048938812401783
0.617824977567282,0.1401165195369336
0.7078296814480445,-0.5136134805801187
0.6180221072451982,-0.3400208177247987
0.6526490956454021,-0.820983017140077
0.8408346221808188,-1.100623485827965
0.6180221072451982,-0.5775145301488845
0.6470083465251336,-0.6799425731077791
0.7162029298998526,0.7323697907293988
0.6180221072451982,0.48505370506337886
0.6263953556970063,0.6329705368514389
0.7078296814480445,0.2551485483987138
0.6299710831708518,-0.016466369561532135
0.6855488927282746,0.7177710815867874
0.6332666108799014,-0.29660696325079294
0.8408346221808188,-0.7817638658149058
0.7162029298998527,-0.797908986836046
0.5280174033644358,-0.07479593510792909
0.5461885425619118,0.5256379551892124
0.5280174033644358,-0.1600686482923227
0.4973633661928578,0.2692915850202634
0.7162029298998526,-0.16421156269554116
0.5461885425619118,0.2831556684040317
0.5461885425619118,0.40550126314750634
0.6359961167647581,0.7378348985228749
0.4973633661928578,0.42393102646535996
0.7271890716275246,-0.3846974876765096
0.6299710831708518,-0.20297040572904518
0.617824977567282,0.17512880418030585
0.7283490355034223,1.0798135473952604
0.587170940395704,-0.13601194871510686
0.6359961167647581,-0.42709892463544463
0.6246962327501772,1.0541835970014999
0.8181566097062686,-0.6549245195693965
0.7162029298998526,-0.12583875629557817
0.7197786573736981,-0.5846648049982412
0.7078296814480445,-0.8309186436337339
0.6526490956454021,-0.3980233890426519
0.7162029298998526,-0.25012650205275266
0.7283490355034223,-0.2532126638578385
0.6470083465251336,-0.5334013963817859
0.7162029298998526,-0.7678864056632778
0.7078296814480445,-0.406764365483344
0.5280174033644358,-0.2274230790065907
0.6299710831708518,0.013665528787402126
0.617824977567282,0.1766108849743897
0.7271890716275246,0.16032746531509967
0.7368159207279799,1.775303156121397
0.7162029298998526,-0.7666496354099142
0.6263953556970063,0.5417716643596824
0.5957413185254283,-0.06698906132907034
0.6332666108799014,-0.7560418870693338
0.6246962327501772,-0.14973858245291644
0.7453862988577041,1.1987695265566862
0.8351938730605504,-0.6286398908397529
0.7510270479779726,0.4949933547132599
0.6180221072451982,-0.5591419708242265
0.6246962327501772,0.5947494271557906
0.587170940395704,-0.34134804077723363
0.6526490956454021,-0.6344273250853635
0.7453862988577041,0.21789083805683718
0.6526490956454021,-0.2967748722213755
0.617824977567282,-0.4765111964368309
0.7162029298998526,-0.6701349436871393
0.6445664948944824,0.8609231486353742
0.6180221072451982,0.16359216523706066
0.6470083465251336,-0.1327685975122621
0.5957413185254283,-0.7250968706920666
0.7271890716275246,0.2994505174143173
0.6263953556970063,0.1336521017340081
0.5196441549126277,-0.2764199757425938
0.5280174033644358,-0.23863939483029822
0.5348886585473309,0.5921747317096644
0.4973633661928578,-0.4483796969437695
0.628811119294954,0.871247234142862
0.5461885425619118,-0.03334090444667781
0.7343740690973286,-0.08982859796604015
0.6855488927282746,-0.8299910200930967
0.6299710831708518,0.4935886474039404
0.7197786573736981,0.6640947505987017
0.7510270479779726,-0.39181937411259243
0.7230741850827477,-0.6922690724329156
0.4973633661928578,-0.4101703140248861
0.7230741850827477,1.1716971689346916
0.8181566097062686,0.38289354782370755
0.5280174033644358,-0.31912548585840417
0.6526490956454021,-0.41053801071886276
0.8408346221808188,0.26536735843813697
0.5390035450921078,-0.5322323216681956
0.6263953556970063,1.0644258792336663
0.6855488927282746,-0.8302492841834452
0.7453862988577041,-0.37670848839022725
0.6332666108799014,-0.2814756642834087
0.617824977567282,1.1229581470393297
0.6855488927282746,0.1051727204636409
0.6855488927282746,0.71464304810078
0.7453862988577041,0.9624499655176272
0.7343740690973286,-0.45912532107759224
0.6445664948944824,0.5901097475864366
0.8351938730605504,-0.08011628828895245
0.6526490956454021,-0.4437774654144032
0.5461885425619118,-0.45448266865922515
0.7283490355034223,-0.2758389677516237
0.5390035450921078,1.1466158639715194
0.6263953556970063,-0.6180528513637882
0.8408346221808188,0.5358805547096582
0.5196441549126277,-0.07258346357432044
0.7230741850827477,2.1391619809384723
0.6470083465251336,-0.2458687131495722
0.7230741850827477,-0.037413256712907406
0.6373814974246783,-0.2200330764038293
0.7453862988577041,0.09179234882367804
0.587170940395704,0.2782597084952003
0.609451729115474,1.310607532163826
0.5196441549126277,-0.429243644152164
0.7162029298998526,0.2722763990187209
0.5957413185254283,0.6039132656924893
0.7453862988577041,1.1052248331880978
0.4973633661928578,-0.4962944377004491
0.8181566097062686,0.09187549776311665
0.7078296814480445,-0.17427201939953774
0.5461885425619118,-0.19280131726840954
0.7230741850827477,0.41776106829063975
0.7510270479779726,-0.43146600289426745
0.7510270479779726,-0.4339980403907115
0.5280174033644358,-0.040158016252427986
0.6373814974246783,0.042929703303644096
0.6263953556970063,-0.9319658087853109
0.6299710831708518,-0.9006149995553969
0.7510270479779726,0.7162340706714652
0.8408346221808188,-0.48599790674931764
0.7343740690973286,-1.1699787450587362
0.5196441549126277,0.5797509939091404
0.5280174033644358,-0.25789439288963417
0.5196441549126277,-0.24386352449408877
0.7197786573736981,0.7107687574457736
0.5280174033644358,-0.3227765940438386
0.7230741850827477,-0.13858673437822555
0.5348886585473309,-0.2780210886672042
0.5461885425619118,-0.1058983937697735
0.5390035450921078,-0.36310062708649016
0.7230741850827477,-0.6519941997992718
0.6263953556970063,-0.6133469575270285
0.6445664948944824,-0.30587279897034225
0.6470083465251336,0.20715303449651534
0.617824977567282,0.2409465930529333
0.6526490956454021,-0.12345593265207877
0.7230741850827477,-0.4474548507974376
0.6445664948944824,-0.2269359533304049
0.5196441549126277,-0.46112169403030023
0.6332666108799014,-0.1953661944346784
0.7230741850827477,-0.4902212031973304
0.5390035450921078,-0.5685885986787427
0.6445664948944824,0.20620129545924282
0.8181566097062686,0.04825338754078934
0.7162029298998526,0.15308080302028082
0.7162029298998526,-0.5022905752781643
0.7453862988577041,-0.24930290979770425
0.587170940395704,0.004762116319789844
0.6180221072451982,-0.5997869823490387
0.7230741850827477,-0.6850501492045079
0.5461885425619118,0.12360669131346858
0.5957413185254283,-0.5315379785381774
0.6526490956454021,-0.7370185836878884
0.5461885425619118,-0.21701480388673156
0.8181566097062686,-0.8375047842800899
0.6526490956454021,-0.8510468650458236
0.6299710831708518,-0.5566945994823734
0.7424566698482483,0.23155259229715042
0.6470083465251336,-0.3969032269081543
0.5390035450921078,0.039581077252890395
0.587170940395704,-0.776115984153141
0.6299710831708518,-0.0632954177757794
0.7078296814480445,0.33107106633470473
0.609451729115474,-0.00888875221049179
0.7283490355034223,1.4815801509841615
0.617824977567282,-0.21262217052226534
0.6246962327501772,-0.2091778948067513
0.5461885425619118,-0.3086425658835093
0.5461885425619118,1.3997148493261546
0.6470083465251336,0.06580895256009367
0.5348886585473309,0.40827572036368687
0.6180221072451982,-0.19527729028089813
0.5348886585473309,-0.35454731107588777
0.5461885425619118,-0.18500703843324773
0.7343740690973286,-0.4466081001636557
0.7230741850827477,0.19730111358039903
0.617824977567282,-0.20244854926750855
0.7283490355034223,-0.10978316987544356
0.8351938730605504,-0.8708677875470777
0.4973633661928578,-0.5024928997730023
0.7283490355034223,0.8620213821640854
0.6855488927282746,0.12608645260407902
0.6373814974246783,0.20358684519030368
0.7230741850827477,-0.7124930631194468
0.6299710831708518,-0.018967691023073607
0.6246962327501772,-0.9279885806990479
0.8351938730605504,-0.3803622589631432
0.8408346221808188,-0.5223234381954514
0.6263953556970063,1.238627415956435
0.5390035450921078,-0.6711311235051517
0.6470083465251336,0.5129554526533039
0.6263953556970063,0.8479072499553655
0.7197786573736981,0.3384316180210253
0.4973633661928578,-0.5272052384722359
0.8351938730605504,0.04942826052583027
0.7283490355034223,0.09801760155295469
0.5957413185254283,0.32158551640869126
0.8351938730605504,0.17901458147590166
0.5348886585473309,-0.5798440797511879
0.6445664948944824,0.5302366309807695
0.8181566097062686,-0.13501628109660924
0.8351938730605504,-0.30144737116163756
0.6359961167647581,0.03943953662122246
0.5280174033644358,0.14156110524710586
0.7510270479779726,-0.1450140519479629
0.7343740690973286,-0.057602998060130806
0.7510270479779726,0.33258452374493697
0.7197786573736981,-0.38967925562622263
0.4973633661928578,-0.5499589818888728
0.6299710831708518,-0.21803151304880014
0.6855488927282746,-0.9823533815165792
0.6470083465251336,0.3859593161691258
0.7453862988577041,-0.6475319944530454
0.5461885425619118,-0.14850953429378277
0.7510270479779726,0.1458112664636111
0.7283490355034223,0.5853687187859171
0.5461885425619118,1.5304375394332888
0.7271890716275246,0.31847880591411315
0.7510270479779726,-0.3149909639875366
0.6263953556970063,-0.5393722371142168
0.5196441549126277,-0.3166551488101761
0.7453862988577041,0.14796046165740862
0.7271890716275246,0.3509378847546615
0.5957413185254283,-0.1583911839175165
0.6373814974246783,0.28733253860341956
0.7453862988577041,-0.3772296427707349
0.6445664948944824,-0.3596293112393991
0.7368159207279799,0.8404679467335205
0.7368159207279799,0.6836101205860887
0.5196441549126277,-0.11773188399280277
0.7162029298998526,-0.7857026440953626
0.7453862988577041,-0.4698574535877355
0.6299710831708518,0.2922282385573882
0.587170940395704,0.8502064305033515
0.7424566698482483,0.6130169235861475
0.6299710831708518,-0.0930707194658863
0.6180221072451982,-0.720800958253111
0.5957413185254283,-0.42394234712887013
0.5348886585473309,0.04137503788875574
0.587170940395704,-0.15225913988757822
0.8408346221808188,1.0473635413551077
0.6180221072451982,0.46147830750178753
0.7197786573736981,-0.6247757975146135
0.5196441549126277,-0.39474878310334527
0.5280174033644358,-0.4566431429737003
0.5461885425619118,-0.35490567517471305
0.8181566097062686,-0.10697616039182911
0.7510270479779726,-0.16267032339861753
0.5280174033644358,-0.2078614854246425
0.4973633661928578,-0.41269874067943957
0.5348886585473309,0.02759205015173516
0.6526490956454021,-0.33858739540110067
0.6855488927282746,-0.3949484329099513
0.6470083465251336,-0.40393707768753195
0.6855488927282746,-0.368596797587572
0.7162029298998526,-0.5957531420796258
0.6359961167647581,-0.3420866001606271
0.7197786573736981,0.6532062242619462
0.609451729115474,0.19467602495282177
0.6180221072451982,0.7241759463053233
0.6263953556970063,-0.48307652912723664
0.617824977567282,-0.5984238033908484
0.6299710831708518,-0.18760262442324765
0.6470083465251336,-0.784440709522209
0.6445664948944824,0.9107622887217303
0.7283490355034223,2.0092063353341487
0.6180221072451982,-0.6567943289832878
0.8181566097062686,-0.39710080393256414
0.5461885425619118,1.3098553530243504
0.5348886585473309,-0.6661587241769252
0.609451729115474,0.1905899100096965
0.8408346221808188,-0.8034619617543434
0.6373814974246783,-0.3172135999667339
0.6470083465251336,0.02919463852578119
0.7230741850827477,0.3481659475561293
0.7453862988577041,-0.5205596846214885
0.6180221072451982,-0.6531765468977084
0.628811119294954,-0.5936270037852192
0.6180221072451982,0.3609515502135433
0.7162029298998526,-0.03377565272897243
0.617824977567282,-0.4925479587435484
0.6180221072451982,-0.6258174118238605
0.7197786573736981,-0.043777432180815645
0.7283490355034223,0.8814757620705251
0.6263953556970063,0.3998149714248169
0.7283490355034223,-0.6004225963049517
0.8181566097062686,-0.6326213058670076
0.6180221072451982,-0.21330094246044928
0.7162029298998526,0.30472777810588336
0.8181566097062686,-0.3303880897094635
0.7271890716275246,-0.37446504227873173
0.7197786573736981,0.05796331592010573
0.5390035450921078,0.34469213298964196
0.5348886585473309,-0.47017837091303427
0.8351938730605504,1.5430636904780797
0.6855488927282746,-0.3687373092020226
0.587170940395704,-0.5271625083917474
0.6246962327501772,0.48582305210673227
0.8408346221808188,0.07055206447549445
0.5280174033644358,0.5275916942576231
0.6470083465251336,-0.1485858849450834
0.5196441549126277,0.35558601231901754
0.7510270479779726,0.2581765560896665
0.7343740690973286,-1.0347973673299156
0.7368159207279799,1.1671318069823522
0.6359961167647581,0.1946431711640184
0.5461885425619118,-0.03957692526378698
0.6373814974246783,0.6845386223900289
0.6180221072451982,1.3816646644696844
0.6180221072451982,1.1791502027597653
0.8181566097062686,0.5732092446240705
0.6855488927282746,0.42247876524459793
0.8181566097062686,1.017655581614342
0.7453862988577041,0.11373165672011332
0.6445664948944824,-0.18046437032118212
0.7078296814480445,-0.7444816326969629
0.7510270479779726,-0.6155745518556003
0.7368159207279799,-0.7530473403950965
0.5461885425619118,-0.46255968819032267
0.587170940395704,-0.5412230020020427
0.587170940395704,0.19578636782821068
0.6526490956454021,1.4623778937444092
0.6180221072451982,0.25820804850267387
0.628811119294954,0.3415970473263944
0.8181566097062686,-1.2700856921618207
0.6526490956454021,-0.4278764720088475
0.587170940395704,1.5337746071822376
0.6526490956454021,-0.09516036828114294
0.6855488927282746,-0.2321341005354054
0.7283490355034223,-0.17221060084447404
0.7424566698482483,0.29882917909960927
0.4973633661928578,-0.01604548517435217
0.8181566097062686,-0.6256873817959498
0.6332666108799014,0.4527541022506585
0.609451729115474,0.8698588645477516
0.7453862988577041,-0.388753655809772
0.7424566698482483,1.1224175177010838
0.7424566698482483,-0.17191405485571887
0.6445664948944824,0.6442128826247283
0.5390035450921078,0.1652104220603956
0.7283490355034223,-0.2590699811988164
0.5280174033644358,0.3159662138227435
0.7162029298998526,0.28780775787964064
0.8408346221808188,-0.17967900812167026
0.8351938730605504,0.20565098105769164
0.5957413185254283,0.10195475013281474
0.5957413185254283,-0.08037750792926768
0.7271890716275246,0.44632915406341034
0.5348886585473309,-0.2715009180127833
0.5461885425619118,-0.574973173555107
0.5461885425619118,0.24418398270266606
0.5196441549126277,-0.22511693900864527
0.7283490355034223,0.5696668006793768
0.7343740690973286,-0.21402666175134955
0.6855488927282746,-1.0895940095369934
0.6445664948944824,-0.17101479249123397
0.628811119294954,-0.1606431738869052
0.587170940395704,0.12554001540545867
0.6263953556970063,-0.4589296019653305
0.5461885425619118,0.05702955411200761
0.7453862988577041,-0.7158440986819857
0.5957413185254283,-0.06322467512820484
0.6526490956454021,-0.13166656829833978
0.6526490956454021,0.8481405468291905
0.5348886585473309,-0.5729021007114944
0.6332666108799014,-0.4131984236590115
0.6855488927282746,-0.6909414062310667
0.7197786573736981,1.098080336719164
0.617824977567282,-0.5606527082689762
0.6180221072451983,-0.03651114900973529
0.609451729115474,-0.42263603608373085
0.6299710831708518,0.2090202015233048
0.6359961167647581,-0.2344073118215408
0.6299710831708518,0.32514943930231366
0.8408346221808188,-0.07155086063723826
0.4973633661928578,0.18975271378762992
0.6373814974246783,-0.25977074492380353
0.6470083465251336,-0.06142371543649017
0.7424566698482483,-0.6246749675362395
0.7197786573736981,0.0857738805819851
0.7510270479779726,0.8483548922231221
0.7162029298998526,-0.6243963350333328
0.8181566097062686,-0.5435504303438086
0.628811119294954,0.10691746709220229
0.6445664948944824,0.5433650333813028
0.6373814974246783,-0.03697057706766482
0.5348886585473309,0.06064971739303082
0.5461885425619118,-0.5123353820937477
0.7271890716275246,-0.22626324959503397
0.5461885425619118,-1.0428330289849321
0.6263953556970063,-0.10097511338760945
0.6263953556970063,0.48112705301370773
0.6180221072451982,-0.21804878474475642
0.609451729115474,-0.4414699979253044
0.5390035450921078,-0.2754198705701379
0.587170940395704,-0.6120441292884388
0.6180221072451982,0.14958043155141598
0.5390035450921078,0.4830626323411049
0.7197786573736981,0.04978534218621211
0.7078296814480445,0.8066310657263926
0.6299710831708518,-0.0083146948723134
0.5461885425619118,-0.1861632971547897
0.5196441549126277,0.2696463128684199
0.6180221072451982,-0.48972300421559284
0.7343740690973286,-0.539105274033094
0.7271890716275246,-0.2271182135890475
0.5348886585473309,-0.1950948017730374
0.7230741850827477,0.08971811858376788
0.6359961167647581,0.42817923556253645
0.7510270479779726,-0.12585800392954816
0.5390035450921078,-0.27355082405835185
0.6263953556970063,-0.7092969711556188
0.6299710831708518,-0.4160688213355247
0.6526490956454021,0.06866222574425085
0.5461885425619118,-0.11372337225118229
0.6299710831708518,-0.4555189089056926
0.7283490355034223,0.27550954517847703
0.6373814974246783,1.7520289352553728
0.609451729115474,0.9302197269727164
0.7343740690973286,0.2018023062347697
0.4973633661928578,0.587620408053696
0.6526490956454021,-0.0017247862052178764
0.4973633661928578,-0.49726497104125295
0.4973633661928578,-0.485538160347109
0.5280174033644358,-0.11571638012331209
0.7230741850827477,0.7234752942960291
0.7368159207279799,0.14833999405857912
0.7453862988577041,0.2663667830551145
0.4973633661928578,-0.2392858150275895
0.4973633661928578,0.5909707828991251
0.7343740690973286,0.26293339440923014
0.6855488927282746,0.29289590725223213
0.8181566097062686,-0.4814570417875028
0.7230741850827477,-0.5211308997066916
0.8351938730605504,-0.1841954521800243
0.609451729115474,-0.3316400087153056
0.617824977567282,0.10391432454495741
0.7343740690973286,-0.809722055876119
0.7510270479779726,0.7735813599961923
0.5957413185254283,0.28193448147511535
0.7424566698482483,0.5627534956043857
0.5280174033644358,0.036990790808160035
0.6299710831708518,-0.5422322208511352
0.7368159207279799,-0.462270076963263
0.6470083465251336,0.49236209462587854
0.628811119294954,-0.9539824128021103
0.6299710831708518,-0.63928371140461
0.5390035450921078,0.09014869990557739
0.6180221072451982,-0.5510223673970901
0.5957413185254283,-0.2843756301512617
0.5280174033644358,-0.20451780589076934
0.5196441549126277,-0.28594063683272075
0.7510270479779726,-0.2133103324815907
0.7453862988577041,-0.4175751759145836
0.7510270479779726,-0.5813095057743352
0.8408346221808188,-0.06565244295690043
0.6445664948944824,-0.21231905673937151
0.6526490956454021,0.172759271179609
0.587170940395704,0.039338557327516455
0.5280174033644358,-0.47534051658483184
0.5390035450921078,0.831814726742413
0.617824977567282,-1.0051598855180424
0.7078296814480445,-0.16582549999155916
0.7510270479779726,-0.5455309408363019
0.7453862988577041,0.02035183232999871
0.6263953556970063,-0.6107660323754927
0.6359961167647581,-0.2971844045667909
0.6299710831708518,-0.756833676038983
0.6470083465251336,-0.4308516263704859
0.7453862988577041,-0.06264204154452568
0.5390035450921078,0.48672900657331875
0.7424566698482483,0.9956178050523449
0.5196441549126277,-0.35067492837726155
0.6855488927282746,-0.4161883898688208
0.5280174033644358,-0.2101896863576812
0.6180221072451982,0.9964201226777901
0.5348886585473309,1.3488962379532585
0.6470083465251336,0.6788813904520113
0.7078296814480445,-0.3542605054176291
0.5196441549126277,0.6147890034657807
0.7271890716275246,-0.6118033962275186
0.7453862988577041,-0.46475527673792727
0.7343740690973286,1.0054809365573125
0.5390035450921078,-0.35944304651396697
0.7343740690973286,-0.4127910574699884
0.6263953556970063,-0.7566624818410215
0.587170940395704,0.555665771960829
0.628811119294954,0.32517011709817545
0.6299710831708518,-0.20023296267882484
0.8408346221808188,0.7669104982857639
0.6470083465251336,-0.5559658056160901
0.4973633661928578,-0.20610280417916593
0.6332666108799014,0.2499825718281159
0.6445664948944824,-0.5808788043629716
0.8408346221808188,1.0664855484791205
0.7271890716275246,-0.018252994277167534
0.6855488927282746,-0.1285902318297224
0.6359961167647581,-0.8354579321061322
0.7343740690973286,-0.10475440091330901
0.6180221072451982,-0.36540426211454796
0.5280174033644358,0.8077011164719803
0.5280174033644358,0.06649299538128917
0.7343740690973286,-0.5784383262834139
0.8408346221808188,-0.34447086897579493
0.7343740690973286,-0.9930651380148228
0.6470083465251336,-0.27204498975468056
0.7197786573736981,1.640280329691214
0.6526490956454021,0.09268831942369171
0.6373814974246783,-0.4351811724436244
0.609451729115474,-0.734104708905794
0.5280174033644358,-0.5935246068561192
0.7162029298998526,-0.5653274935398065
0.7424566698482483,-0.9698862681537378
0.4973633661928578,-0.1153076660066546
0.4973633661928578,-0.4052830331181598
0.609451729115474,-0.3239251029685486
0.5196441549126277,-0.44755235672849014
0.5957413185254283,0.29951472739561946
0.7078296814480445,0.06158167714439189
0.4973633661928578,0.2595527113067534
0.8181566097062686,1.1319629530391682
0.6299710831708518,-0.6388319247342168
0.4973633661928578,0.2762591822757302
0.8408346221808188,2.1211475813269454
0.5390035450921078,-0.4075928119625587
0.7453862988577041,1.305791844431821
0.5348886585473309,-0.14084195972850888
0.5196441549126277,-0.3187977476008078
0.6445664948944824,-0.35806143985460387
0.587170940395704,-0.02638811944511832
0.7510270479779726,0.3605156810575434
0.7230741850827477,-0.013280824138379166
0.8351938730605504,1.5411487928474306
0.6526490956454021,-0.503199878964291
0.8408346221808188,0.5549894863158068
0.6445664948944824,1.029047222907245
0.5957413185254283,-0.4676159496510472
0.4973633661928578,0.4921000548799018
0.6855488927282746,-0.6617578571679118
0.6855488927282746,-0.6255041095735566
0.7162029298998526,0.5818275155858591
0.7283490355034223,-0.47534094227841417
0.5957413185254283,-0.20737496447215714
0.617824977567282,-0.24486398421218475
0.8351938730605504,1.622933311298611
0.8181566097062686,-0.43702770604266056
0.609451729115474,-0.8301697244740484
0.617824977567282,-0.08886258386207924
0.7453862988577041,0.7618795870575438
0.609451729115474,-0.6243768567727916
0.6526490956454021,0.5692400580764161
0.5348886585473309,0.4421260784398755
0.7271890716275246,-0.6826498346693908
0.617824977567282,-0.4105401131054181
0.7424566698482483,-0.8608954454607312
0.587170940395704,-0.008760371828077318
0.7453862988577041,-0.449742083576023
0.5196441549126277,-0.640628985837759
0.5461885425619118,0.09377919753494546
0.5348886585473309,0.512496824758812
0.7162029298998526,1.2205599386281678
0.7078296814480445,-0.10172667843258609
0.4973633661928578,0.30153124516447594
0.5461885425619118,-0.5502053993385436
0.609451729115474,-0.20895574671300188
0.7078296814480445,-0.7792349246509571
0.6470083465251336,-0.32106094503896865
0.8351938730605504,0.6493420943067334
0.5196441549126277,-0.20791179807010307
0.6180221072451982,-0.5148499142258445
0.6263953556970063,-0.6694096474186583
0.7453862988577041,0.27241791431839657
0.7078296814480445,-0.574234978329432
0.7197786573736981,-0.13196732610916662
0.8351938730605504,0.48842534974515717
0.8181566097062686,-0.5140397069849767
0.8181566097062686,1.0291707174317906
0.7230741850827477,0.4694505494357816
0.7424566698482483,-0.47493526477721576
0.6470083465251336,-0.07266818196017855
0.628811119294954,-0.2325671959331041
0.7368159207279799,-0.15489704883845024
0.6332666108799014,-0.4396468696197976
0.6445664948944824,-0.06796313063962311
0.5390035450921078,0.12472816145611443
0.7078296814480445,-0.010828238115325406
0.5957413185254283,-0.4968076206920929
0.5196441549126277,-0.722449560581187
0.5280174033644358,-0.4633836992651546
0.628811119294954,-0.796444871945779
0.609451729115474,0.9129645226418839
0.6470083465251336,-0.3878257535916897
0.6526490956454021,-0.8033236243300895
0.5390035450921078,-0.06127675391082554
0.6299710831708518,-0.45632261244117905
0.5390035450921078,0.3358563402821637
0.6246962327501772,1.3586405072481509
0.6180221072451982,-0.7728827890698591
0.6332666108799014,-0.517858660172612
0.6299710831708518,-0.15337758985372352
0.6445664948944824,0.4411706638738525
0.6332666108799014,-0.006109137242120366
0.7271890716275246,0.34323733424584446
0.7343740690973286,0.5906397910997903
0.7230741850827477,-1.1329232888723433
0.7230741850827477,0.3104616244436377
0.6470083465251336,-0.12820693409056827
0.7283490355034223,-0.18234518535920674
0.5280174033644358,-0.24573272067416968
0.5348886585473309,0.9998274533701783
0.8351938730605504,-0.4964744489544274
0.5957413185254283,-0.448772279342516
0.7283490355034223,0.9529577527431072
0.7162029298998526,0.0011967664306948844
0.7368159207279799,-0.46174625130094366
0.7510270479779726,0.06921461518070493
0.617824977567282,0.11956887062746713
0.6373814974246783,-0.10034131734914031
0.7230741850827477,0.17860735025704488
0.5957413185254283,0.17373054332907412
0.6526490956454021,-0.3876280558423366
0.8181566097062686,-0.14437340664854958
0.5957413185254283,0.278079478386962
0.8181566097062686,0.4300427901082292
0.7510270479779726,0.7992511741057318
0.6526490956454021,-0.5595942754128532
0.6526490956454021,-0.2674081916691585
0.7283490355034223,-0.29278210107807523
0.6263953556970063,-0.5103336228602247
0.6855488927282746,-0.48137093672073555
0.7510270479779726,-0.3911532059628615
0.7343740690973286,-0.9961577521343221
0.8181566097062686,-0.6010821581958252
0.8408346221808188,-0.1832278354638237
0.6263953556970063,-0.7005601140720095
0.8351938730605504,0.17444773862116425
0.5390035450921078,-0.33056721672144007
0.8408346221808188,-0.30956346017555514
0.8181566097062686,0.22549320522074112
0.6470083465251336,-0.619684175134555
0.6180221072451982,-0.40606230150760464
0.7424566698482483,-0.3116932789291903
0.5280174033644358,-0.2142976233892131
0.8408346221808188,0.9152694652066605
0.5461885425619118,-0.36171355606300715
0.7510270479779726,0.06622611399554623
0.6855488927282746,-0.41037874395804214
0.5461885425619118,-0.15105616708339503
0.7343740690973286,0.5946005857650738
0.6855488927282746,0.3678102441572525
0.6180221072451982,-0.4742581835079837
0.7271890716275246,-0.542079322124672
0.6526490956454021,-0.5579387320683601
0.5280174033644358,-0.12089786458532287
0.5280174033644358,-0.5490685317134668
0.609451729115474,-0.6778391410180986
0.6526490956454021,-0.981072054823168
0.7230741850827477,-0.26898133869440516
0.6359961167647581,0.07543714956608405
0.6526490956454021,-0.5124236085492573
0.7197786573736981,0.27815502725228813
0.6445664948944824,-0.2563450071372403
0.6526490956454021,-0.5118966005770925
0.7453862988577041,-0.6332990981654414
0.617824977567282,0.2117466691414781
0.4973633661928578,0.5978142975647174
0.628811119294954,0.7593424125063822
0.6373814974246783,-0.34256448927068733
0.587170940395704,-0.24274236808093697
0.6526490956454021,-0.28226430265760016
0.5461885425619118,0.8219556971214189
0.7078296814480445,0.5796902337201701
0.7078296814480445,0.870669960315023
0.7343740690973286,-0.5516073613991969
0.6299710831708518,-0.4528202046756642
0.7510270479779726,-0.5004492020564733
0.5957413185254283,0.13763741027642618
0.6246962327501772,0.37577876024515533
0.6246962327501772,0.165548574635063
0.7424566698482483,0.0906768626865373
0.6470083465251336,0.15438879622909107
0.5196441549126277,0.48716946138422823
0.6299710831708518,0.09499389956328497
0.6373814974246783,0.3246111682747784
0.7162029298998526,-0.5758462079242586
0.6373814974246783,0.18039019575916182
0.628811119294954,-0.6483151931648177
0.7078296814480445,-0.9909850814248112
0.7271890716275246,0.6528851595360478
0.5196441549126277,-0.3589988395293917
0.6299710831708518,0.02678806041332371
0.6373814974246783,-0.7149810503748787
0.7230741850827477,-0.29476030956405475
0.6470083465251336,0.20998000898343583
0.8408346221808188,-0.15998935076399057
0.6359961167647581,-1.0926757855265252
0.6373814974246783,1.0127342199345692
0.6470083465251336,-0.48217303695370456
0.7283490355034223,0.3130096347939153
0.8351938730605504,-0.7183397131272274
0.6526490956454021,-0.6240449236734484
0.5390035450921078,-0.36722301690397385
0.8408346221808188,-1.028443813909185
0.4973633661928578,-0.5039780953561707
0.587170940395704,0.7490257533949597
0.7343740690973286,-0.8599929625374181
0.7230741850827477,-0.423328471837408
0.5348886585473309,0.15397922888455673
0.5390035450921078,-0.33373146135840764
0.5280174033644358,-0.7986230448758314
0.7271890716275246,-0.6157374147371012
0.6263953556970063,0.4714242522167671
0.609451729115474,0.2372353018964235
0.7453862988577041,0.1711990696154897
0.6299710831708518,-0.03983423765234628
0.6359961167647581,0.019651564502579322
0.7271890716275246,-0.9259041916008635
0.8351938730605504,0.009573789072990557
0.4973633661928578,-0.6895420653784866
0.5280174033644358,-0.6942202867667272
0.8351938730605504,0.19681051922171422
0.7424566698482483,0.22218900768270644
0.7197786573736981,0.27511890872488054
0.6445664948944824,1.4521860677061404
0.6470083465251336,0.4271356535566707
0.6180221072451982,0.004886604966034769
0.6855488927282746,-0.5362848473758139
0.7510270479779726,-0.17609999232910056
0.6332666108799014,0.41929866772253344
0.6855488927282746,0.16722163667605716
0.609451729115474,2.3797125523241043
0.7162029298998526,0.8306875658339664
0.7510270479779726,0.6440225737481191
0.7078296814480445,0.28195791302804496
0.7283490355034223,-0.029596742975196322
0.7510270479779726,0.8488283383568025
0.4973633661928578,-0.1001884603807624
0.617824977567282,0.6057037471492001
0.5280174033644358,0.2674541183482154
0.5348886585473309,0.028733151695601422
0.7162029298998526,0.2382990442320294
0.6263953556970063,-0.38955783624353885
0.7197786573736981,-0.27966371538950596
0.6246962327501772,0.7223528329157033
0.5196441549126277,-0.22992830199546332
0.8351938730605504,-0.9231198135874942
0.5348886585473309,-0.6686253293492103
0.4973633661928578,-0.0294770393541689
0.7230741850827477,-0.14313758480151395
0.4973633661928578,-0.49392338970060873
0.6299710831708518,-0.6989792048008168
0.6263953556970063,0.07075744166046449
0.7510270479779726,0.8278490950054744
0.7453862988577041,0.5412739527326639
0.6470083465251336,-0.5741366739889432
0.5461885425619118,0.9801615873326807
0.7343740690973286,-0.30206841296220577
0.7343740690973286,-0.18336786605759747
0.6855488927282746,-0.6305755978566179
0.7162029298998526,-0.4111696884041494
0.7271890716275246,0.1373371390598177
0.587170940395704,-0.14938605540278
0.5280174033644358,0.20931444758053175
0.6445664948944824,0.5325711662610412
0.6332666108799014,-0.18488832030952224
0.6246962327501772,-0.8341315477411332
0.5280174033644358,-0.07725221434839868
0.6263953556970063,-0.1436039028012724
0.6332666108799014,-0.5030147901519918
0.6445664948944824,0.6976134263004127
0.8408346221808188,-0.49294650962363873
0.7510270479779726,0.28109601817111796
0.6373814974246783,0.07381137576838348
0.6855488927282746,0.2383737617940107
0.8408346221808188,-0.2487253133767644
0.7197786573736981,1.044917275843075
0.7453862988577041,-0.5265104010412348
0.7368159207279799,-0.21710076613148543
0.7510270479779726,-0.22331976468890924
0.7510270479779726,0.10894841099942654
0.4973633661928578,-0.3554391545101146
0.7230741850827477,-0.43477028100766496
0.5348886585473309,-0.3153914269841471
0.5957413185254283,0.3312361066773487
0.7230741850827477,-1.2025095132484065
0.6445664948944824,0.13691893613574657
0.6332666108799014,-0.5422131142541384
0.5280174033644358,0.9260476093024834
0.6299710831708518,0.6543778962936788
0.7283490355034223,-0.560089723573283
0.5461885425619118,-1.0358755038268543
0.6526490956454021,0.9073296288723578
0.7162029298998526,-0.31582259403813845
0.7078296814480445,-0.5981703091398037
0.6855488927282746,0.08781790292806013
0.617824977567282,0.07902050582904951
0.8181566097062686,-0.28475016255305186
0.6855488927282746,-0.4092563858303294
0.7343740690973286,-0.32803354424513986
0.8408346221808188,0.26904363316320856
0.587170940395704,0.27317354151272155
0.6526490956454021,-0.38456108924131643
0.6332666108799014,-0.20499267965660933
0.6299710831708518,-0.24584442912773924
0.6373814974246783,-0.55385483500673
0.6299710831708518,-0.5686372540769906
0.7424566698482483,-0.20707192534529317
0.6180221072451982,-0.12773471646686224
0.6332666108799014,-0.6181380271897551
0.5280174033644358,-0.8001679173297886
0.6180221072451982,0.7775080473306671
0.587170940395704,-0.39262951786986966
0.7453862988577041,-0.5044922636937919
0.6470083465251336,-0.48385720693876333
0.6299710831708518,-0.8027566523756907
0.6359961167647581,-0.08050499501200603
0.6373814974246783,1.0300569097632493
0.5461885425619118,-0.27180829848086313
0.5196441549126277,0.8460550494424973
0.7510270479779726,0.13057099178099796
0.7424566698482483,-0.4598135717240357
0.8351938730605504,0.8577437677362751
0.5957413185254283,-0.4476395536941009
0.6445664948944824,0.03908156151769482
0.5280174033644358,-0.3166927812112795
0.6526490956454021,-0.29443430787544356
0.7368159207279799,0.01044712202487974
0.628811119294954,0.5772127102419043
0.6246962327501772,0.5237026441260301
0.7230741850827477,-0.5582481190399144
0.7230741850827477,0.19321302678460262
0.5196441549126277,-0.3209458487782707
0.6180221072451982,0.054291605885424477
0.7162029298998526,-0.27024215250748646
0.7510270479779726,1.8699578110422743
0.5348886585473309,0.06968853100935257
0.6526490956454021,-0.08208969380336562
0.7510270479779726,-0.1307877138573098
0.587170940395704,-0.2838665837665997
0.7453862988577041,-0.443451752165537
0.5348886585473309,0.4312735193559448
0.6359961167647581,-0.309886169393536
0.6470083465251336,-0.4883430728678043
0.6359961167647581,0.6793906570643726
0.7162029298998526,-0.20912096488879373
0.8181566097062686,0.34868351121765506
0.6180221072451982,-0.40974637620318155
0.6445664948944824,-0.6111833642419534
0.6299710831708518,-0.19562293507055328
0.5461885425619118,-1.079482704007534
0.7343740690973286,0.5642263821507534
0.6263953556970063,0.257157202691053
0.6470083465251336,-0.5377508838386446
0.617824977567282,-0.5659168222457032
0.5461885425619118,-1.066907275492551
0.7162029298998526,0.778185816449957
0.7162029298998526,-0.20540404649708777
0.5957413185254283,-0.2526789162547547
0.5280174033644358,-0.23202004889521388
0.587170940395704,0.19852852957569522
0.6180221072451982,-0.30641232442309063
0.8351938730605504,0.3373862779480956
0.7343740690973286,-0.44740154832364887
0.8181566097062686,0.21516526632479105
0.6299710831708518,-0.1925770388133327
0.7197786573736981,0.9420781607174465
0.7271890716275246,-1.0577583251854636
0.8351938730605504,0.9537052091568772
0.5348886585473309,0.23955132490667075
0.5348886585473309,-0.9918037575302137
0.7368159207279799,-0.6227972056887551
0.5196441549126277,-0.20424774719317107
0.7343740690973286,-0.7767855553478036
0.7078296814480445,-0.7613264543438454
0.7283490355034223,-0.5271395670230943
0.7197786573736981,-0.022991310266671228
0.6332666108799014,0.8301252635448371
0.6359961167647581,-0.30249844262047626
0.5957413185254283,-0.4039742612538674
0.7197786573736981,0.7203689337014608
0.4973633661928578,-0.1915526402895001
0.5461885425619118,-0.4180352862280402
0.7510270479779726,0.7287070174214301
0.6332666108799014,-0.19763020206199472
0.5390035450921078,-0.5765871430525963
0.7230741850827477,-0.5580411336399687
0.6445664948944824,0.13158477335219976
0.6359961167647581,0.5865849548344129
0.6180221072451982,0.8662497369002323
0.7453862988577041,1.4429172598102706
0.587170940395704,-0.03902687318964959
0.5957413185254283,0.30887501193930533
0.7271890716275246,-0.27301754889058805
0.7510270479779726,-0.6246518751264685
0.7230741850827477,-0.5965272647255391
0.8408346221808188,1.0619278389525268
0.6263953556970063,0.0270234508581102
0.5390035450921078,0.5778974804183827
0.5957413185254283,-0.1954761064815851
0.4973633661928578,-0.04292017506807738
0.6299710831708518,-0.4350772233457898
0.6470083465251336,-0.6729289002269592
0.5348886585473309,0.5708477929027398
0.7453862988577041,-0.46480950925285536
0.6332666108799014,0.541460126118849
0.7283490355034223,0.9889414528253013
0.5957413185254283,-0.5591280402189367
0.8181566097062686,-0.21784059921581156
0.6855488927282746,0.8081069882046418
0.6470083465251336,-0.05872025180458562
0.7197786573736981,0.49329640543140896
0.6470083465251336,-0.5413444069065425
0.7078296814480445,-0.2632300818386682
0.7162029298998526,-0.946897417916833
0.6263953556970063,-0.4872001826180725
0.5280174033644358,-0.5016204878265483
0.7197786573736981,0.9764613984956122
0.8408346221808188,-0.23165808269459354
0.7197786573736981,-0.18036073711648537
0.6373814974246783,1.1360580827044868
0.5957413185254283,-0.17239333313591332
0.7510270479779726,-0.3255641682152498
0.6246962327501772,0.4294545645198352
0.6180221072451982,-0.5993613080615527
0.5280174033644358,0.49457739887570495
0.6263953556970063,0.526371350439685
0.4973633661928578,0.7638470221737028
0.6299710831708518,-0.6294114398006287
0.617824977567282,-0.11382193476871194
0.8408346221808188,-0.6044938978887463
0.628811119294954,0.3656673454654322
0.5348886585473309,-0.3435225440250538
0.5280174033644358,-0.0606792608582169
0.6299710831708518,0.8161969355045757
0.7368159207279799,0.46049863658541446
0.7283490355034223,0.26880799096254715
0.6445664948944824,-0.4292649720626983
0.4973633661928578,0.36283867595782526
0.5461885425619118,-0.5786905568053308
0.5957413185254283,0.4361537217465883
0.5957413185254283,0.8351316362539214
0.7230741850827477,-0.04285688633262785
0.628811119294954,0.26119649779494447
0.6855488927282746,-0.22355771511215783
0.6263953556970063,-0.5140598419942175
0.7424566698482483,1.0545440068906249
0.8351938730605504,-0.40321686516648914
0.6299710831708518,-0.6986974544554506
0.5196441549126277,-0.42164504805789277
0.6526490956454021,-0.28055023424774056
0.6526490956454021,-0.06531342131348505
0.587170940395704,0.55328912051306
0.8351938730605504,0.46995878712875916
0.6470083465251336,-0.2538809020187818
0.628811119294954,0.8509640220250573
0.587170940395704,0.6184212919485529
0.7424566698482483,0.4017966391610578
0.7368159207279799,-0.49140118367283525
0.7283490355034223,-0.6122308516104578
0.7343740690973286,-0.8726292871139834
0.617824977567282,0.7800450759629097
0.5390035450921078,0.3906452887390448
0.609451729115474,0.06777285707211045
0.5196441549126277,0.2542496700946403
0.6445664948944824,-0.28890239167540527
0.587170940395704,1.1641441886861
0.6470083465251336,-0.7778721004799705
0.7343740690973286,-0.4347079431218435
0.6855488927282746,-0.3693193059128825
0.7424566698482483,-0.10050657777936778
0.7368159207279799,-0.4366786621286101
0.7453862988577041,-0.4413495216675454
0.7343740690973286,-0.8956321467518761
0.5461885425619118,-0.6895765812644106
0.6263953556970063,-0.26606639580874075
0.4973633661928578,-0.76106761804217
0.628811119294954,0.15783792522639928
0.587170940395704,-0.03485262869187544
0.7424566698482483,-0.2422981175212845
0.6445664948944824,-0.5802448097640962
0.6470083465251336,-0.2902098802121288
0.7162029298998526,-0.5677699938311538
0.6263953556970063,-0.16952673927502093
0.8181566097062686,0.8068336161053545
0.6246962327501772,-0.19525232773232654
0.6299710831708518,-0.452615586841147
0.6470083465251336,-0.767120241871613
0.6470083465251336,-0.5796001967098724
0.7271890716275246,-0.37454157703237356
0.8351938730605504,-0.3442652073873274
0.5348886585473309,0.4575161262402937
0.6299710831708518,-0.1016375217205937
0.6855488927282746,-0.8955192182012891
0.6445664948944824,0.21428341149800667
0.7078296814480445,0.16665386242858082
0.6373814974246783,-0.5629454005381946
0.4973633661928578,-0.3733085725301892
0.7343740690973286,0.762212743167928
0.7453862988577041,0.9674829275210935
0.6359961167647581,0.7142652849103399
0.7453862988577041,0.7840694374129754
0.5348886585473309,-0.019218966270696747
0.5280174033644358,0.3590623313769622
0.7343740690973286,-0.45334130437551995
0.6263953556970063,-0.45551533772098685
0.7078296814480445,0.015407470941413037
0.7424566698482483,-0.7829637139755116
0.6359961167647581,-0.09980132883055837
0.8181566097062686,0.004172920081925824
0.7343740690973286,-0.18417372481855332
0.7078296814480445,-0.5102249266000096
0.7510270479779726,1.1608211523024097
0.587170940395704,-0.3208419305267689
0.7162029298998526,0.7584849505270758
0.5348886585473309,-0.4325180983549894
0.4973633661928578,0.6281640390772774
0.6526490956454021,-0.6068160613706058
0.5196441549126277,2.1748646472293407
0.6445664948944824,0.08898795419403482
0.6332666108799014,0.25579120857091786
0.8351938730605504,-0.6508177616408588
0.6299710831708518,0.7567292455399031
0.8408346221808188,-0.211629234168639
0.6359961167647581,-0.1347041138868047
0.5390035450921078,-0.5552909679886283
0.5461885425619118,-0.37133605998214414
0.5348886585473309,0.09515678154194174
0.8351938730605504,-0.5920705336699855
0.6526490956454021,0.5619243329975734
0.5280174033644358,-0.41540915608702694
0.6332666108799014,-0.07978255507540477
0.5280174033644358,0.267519564630305
0.7453862988577041,-0.44266528038437597
0.5461885425619118,-0.9630203070401515
0.6526490956454021,-0.2360689886694915
0.6332666108799014,0.248252204457185
0.7162029298998526,0.18120128931704216
0.609451729115474,0.14359482210729535
0.6180221072451982,-0.16072891443939247
0.6373814974246783,-0.43397145740442306
0.6359961167647581,-0.28332135289131966
0.7343740690973286,-0.89950086671736
0.7230741850827477,0.027163662560101276
0.8408346221808188,-0.8990822525344565
0.587170940395704,0.8389035206615792
0.6263953556970063,-0.16085517282571526
0.7230741850827477,0.3997991759209726
0.5461885425619118,-0.32652487904049593
0.7424566698482483,0.254636456440136
0.7283490355034223,-0.8881602224931247
0.7283490355034223,-0.5145819461364168
0.6470083465251336,0.46617923790502724
0.8351938730605504,-0.020950219014040816
0.7271890716275246,-0.4857049809449461
0.587170940395704,-0.0740878865446174
0.5196441549126277,0.24385962016200935
0.617824977567282,-0.01234957383104851
0.5196441549126277,0.5192019933381781
0.4973633661928578,-0.2291620933138135
0.6180221072451982,0.7704612562588232
0.5390035450921078,0.1046746234406617
0.7197786573736981,1.0320989655329713
0.5957413185254283,-0.34998677334660466
0.5280174033644358,-0.36892685907146605
0.6180221072451982,0.503265964831984
0.7368159207279799,-0.3814127251189952
0.7162029298998526,-0.6841624522663565
0.6470083465251336,0.08864601582876919
0.6445664948944824,0.22306964761703252
0.6359961167647581,-0.32724941955364223
0.5461885425619118,-0.3660477786243718
0.7343740690973286,-0.17027446280967562
0.609451729115474,0.5419070774977734
0.6299710831708518,-0.5296161947162406
0.6180221072451982,0.8457118610355135
0.6332666108799014,-0.044331050639631386
0.7368159207279799,0.6303948005607665
0.7283490355034223,0.6647342287752238
0.8351938730605504,-0.05698751147729786
0.5390035450921078,-0.15893187176220747
0.7078296814480445,-1.0826409560205175
0.6246962327501772,1.651535449541465
0.8408346221808188,-0.45261137094258136
0.6332666108799014,-0.48997109285992596
0.5957413185254283,-0.40539430205196414
0.6299710831708518,0.5015955631722322
0.7078296814480445,-0.44691307972330724
0.7453862988577041,0.28902668224606
0.7078296814480445,-0.27904968986322215
0.8181566097062686,-0.1848512105880039
0.6470083465251336,-0.49660117919120456
0.5461885425619118,-0.8201021041519923
0.617824977567282,1.334868555090193
0.6246962327501772,0.18051834695858782
0.7283490355034223,0.09108130762744604
0.6470083465251336,1.0813671703504886
0.5196441549126277,-0.03056800552403316
0.6299710831708518,-0.7782475665483339
0.7078296814480445,-0.570397320005616
0.4973633661928578,0.117309384635922
0.5280174033644358,1.1350637920713595
0.587170940395704,1.144574512225223
0.5957413185254283,-0.6697745857726289
0.5196441549126277,-0.5892635083459452
0.7453862988577041,-0.5181793344093304
0.7453862988577041,-0.06992855796126185
0.5196441549126277,-0.12219468638321118
0.6180221072451982,-0.526906074226876
0.5196441549126277,-0.47554143585903164
0.6526490956454021,-0.13443344548360292
0.6526490956454021,1.1563739632534007
0.5957413185254283,0.19175084890549687
0.5957413185254283,0.41086404524640097
0.6263953556970063,-0.26640590082582993
0.8408346221808188,-1.0243214976951727
0.4973633661928578,-0.0697292824722347
0.5348886585473309,0.4180154673004155
0.6373814974246783,0.4167584966437976
0.7510270479779726,-0.36057277416524103
0.6359961167647581,0.5768651776325888
0.5348886585473309,-0.3117272673961078
0.5348886585473309,0.45194079470709103
0.7162029298998526,-0.889596777554775
0.5196441549126277,0.151909657933452
0.4973633661928578,-0.1933826659574836
0.617824977567282,0.05812477122782622
0.6299710831708518,-0.5268912563082782
0.7197786573736981,-0.21004729208252393
0.5957413185254283,-0.3069745345801312
0.6180221072451982,-0.032578017369102485
0.5390035450921078,-0.3608477363240066
0.617824977567282,0.9958170451975251
0.8351938730605504,-1.1997610215049068
0.6526490956454021,-0.3299939483121807
0.7424566698482483,-0.6843275828198188
0.7343740690973286,0.4725885512710253
0.7283490355034223,-0.5768825549181393
0.6299710831708518,-0.49239735929028106
0.6526490956454021,0.8802932704930269
0.617824977567282,0.6786771891290181
0.6263953556970063,-0.5661243022613782
0.6470083465251336,-0.0210859050910136
0.7283490355034223,-0.22002991038691755
0.6373814974246783,0.7187421455217231
0.5280174033644358,0.7596984477737161
0.5280174033644358,0.5042940655669033
0.8408346221808188,-0.1488898642414298
0.6470083465251336,0.5738914839321335
0.5461885425619118,-0.05414520681194812
0.8408346221808188,-0.09132813865619882
0.4973633661928578,-0.8553624721594861
0.6470083465251336,-0.2975134878160531
0.5348886585473309,0.39941246807045794
0.7197786573736981,1.246270658980552
0.6299710831708518,-0.22907988610960894
0.6445664948944824,0.0718125245379887
0.617824977567282,-0.5145599759661592
0.609451729115474,0.8783744174155259
0.7230741850827477,-0.0831231608391878
0.8351938730605504,-0.4122446403020022
0.7283490355034223,0.31369607627455376
0.4973633661928578,-0.5489832402254369
0.5957413185254283,-0.5002545179549042
0.6470083465251336,-0.5768372494176595
0.609451729115474,-0.9589002750470736
0.6332666108799014,-0.5939085994422139
0.7230741850827477,-0.5537476996634131
0.7230741850827477,-0.7791420173365724
0.4973633661928578,-0.172762675530524
0.5280174033644358,-0.47538899563626724
0.5196441549126277,0.2218002111855869
0.8351938730605504,-0.7197919811899456
0.6445664948944824,0.18014187621520317
0.8181566097062686,0.02989116942337766
0.6526490956454021,-0.09184464302330275
0.6470083465251336,-0.09356149023889804
0.7424566698482483,-0.2795607405640243
0.8351938730605504,-0.14053738204847888
0.8351938730605504,1.6976738750944538
0.7197786573736981,-0.27824266340683096
0.5280174033644358,-0.47060489959917207
0.587170940395704,0.3604521268736932
0.7424566698482483,-0.9477784761148378
0.5280174033644358,-0.6067869468552484
0.6526490956454021,0.03171331155548063
0.7162029298998526,-0.39063167939881044
0.6526490956454021,-0.5838954394089662
0.6373814974246783,-0.3953890283797827
0.5348886585473309,0.9051504060447568
0.7368159207279799,0.7455485813529059
0.6373814974246783,-0.33667101450476883
0.8351938730605504,0.5697721328984027
0.6263953556970063,-0.29104932442479153
0.5390035450921078,-0.0029015962084291136
0.7453862988577041,-0.5609645323708011
0.4973633661928578,-0.5720771064023322
0.8408346221808188,-0.3728779615430615
0.7230741850827477,0.6204774057167847
0.609451729115474,-0.23581680221096674
0.7343740690973286,-0.6118990358681915
0.6299710831708518,0.03010549348190439
0.6332666108799014,1.2870791943058602
0.7368159207279799,-0.30878572990414777
0.7510270479779726,0.7838421338618378
0.7230741850827477,0.3663588360550373
0.6263953556970063,-0.49839606195309183
0.6359961167647581,-0.31475152010273455
0.7424566698482483,-0.5290397895912875
0.5280174033644358,-0.24028630711393323
0.6526490956454021,-0.022557003716042634
0.6359961167647581,0.2179940571944976
0.5196441549126277,-0.27429318384986934
0.7162029298998527,-0.38205474895791713
0.609451729115474,0.31183963871143994
0.8351938730605504,0.36553402224101395
0.6373814974246783,-0.22356271197397792
0.5461885425619118,-0.08950371611052155
0.609451729115474,0.050783341144462146
0.6299710831708518,-0.0698300617736809
0.7271890716275246,-0.42976978508945085
0.6470083465251336,-0.45705879035682323
0.6246962327501772,-0.039372765696991996
0.7343740690973286,-0.25740506698209314
0.5196441549126277,-0.8858916267689383
0.7230741850827477,-0.8199459435119087
0.6470083465251336,0.3107546004299996
0.628811119294954,-0.7733023522000463
0.7078296814480445,1.9748265036387305
0.5348886585473309,-0.2947884867530827
0.7510270479779726,0.6276203494988006
0.4973633661928578,-0.006778491284094468
0.8408346221808188,0.4121466082070341
0.7510270479779726,-0.14917142770054226
0.7510270479779726,-0.41205650614955025
0.617824977567282,1.1647525328674417
0.4973633661928578,-0.09763045578391516
0.6526490956454021,-0.2923697951784677
0.8181566097062686,-0.41494911475659596
0.5461885425619118,-1.0526588312508676
0.7271890716275246,-0.4980581206183156
0.7078296814480445,0.47835031554581264
0.6263953556970063,0.09274827002072317
0.6263953556970063,-0.33345838941634987
0.6445664948944824,0.1079308486438395
0.628811119294954,1.6883928453813652
0.5196441549126277,-0.7188978547843263
0.7078296814480445,-0.30528369650252357
0.6445664948944824,1.0169194690276115
0.6263953556970063,-0.2495590350943816
0.5348886585473309,0.5554596775322329
0.6855488927282746,0.2953959411038217
0.587170940395704,-0.06842185036063442
0.6855488927282746,0.06548080055985483
0.6373814974246783,0.7163117247371069
0.7510270479779726,0.40050217958656575
0.7271890716275246,1.1895521417494122
0.4973633661928578,-0.10825293639777889
0.587170940395704,0.08740424333357932
0.617824977567282,0.5325127504330233
0.7271890716275246,-0.4778017991193345
0.6855488927282746,0.9812518570943057
0.6373814974246783,0.09921795942929856
0.7283490355034223,-0.6961439320098188
0.7197786573736981,-1.007620075849448
0.7453862988577041,-0.12552415223464397
0.5280174033644358,-0.5173132972630082
0.6359961167647581,-0.702870911532092
0.6299710831708518,-0.7367373642311918
0.5196441549126277,-0.7793595008641424
0.6180221072451982,0.2623915090177049
0.7343740690973286,-0.4190913239009237
0.6855488927282746,-0.3596583741147362
0.7453862988577041,1.6267970090364963
0.5390035450921078,-0.44974930188581497
0.8351938730605504,0.11058431870834162
0.7271890716275246,-0.6099884277503815
0.6855488927282746,-0.8204351456172587
0.6359961167647581,-0.3052717245508007
0.7453862988577041,-0.12378173762960487
0.6470083465251336,-0.11159930637435744
0.6180221072451982,-0.6380709488495855
0.6332666108799014,0.03297622177947113
0.8408346221808188,-0.47295328511952944
0.7271890716275246,0.5655816903047933
0.6526490956454021,0.7346771329156505
0.8408346221808188,-0.5930808811766644
0.5280174033644358,-0.059807319076135734
0.5957413185254283,-0.4010939542250377
0.5461885425619118,-0.4549834133182672
0.5280174033644358,-0.249991350569788
0.5348886585473309,-0.5627697489447652
0.7343740690973286,-0.4427663620680817
0.7230741850827477,0.09834210404419652
0.7271890716275246,0.010033317990102986
0.6373814974246783,-0.17373308234066004
0.7271890716275246,-0.43219514604668297
0.617824977567282,-0.636864789889733
0.7197786573736981,-0.6922261382173697
0.609451729115474,-0.15928250766915697
0.7424566698482483,-0.6158878094988463
0.6855488927282746,-0.2863834526028637
0.7343740690973286,0.4594111172346025
0.6855488927282746,-0.47421722786919207
0.7230741850827477,1.269961069230932
0.7510270479779726,0.5296326210122315
0.6263953556970063,-0.26583507946689366
0.6445664948944824,0.10715134070841092
0.6470083465251336,-0.6629801189110183
0.5196441549126277,0.014114837319756601
0.8351938730605504,0.3809325558552956
0.6180221072451982,0.29829410430446013
0.5390035450921078,-0.3820662087413459
0.5461885425619118,-0.9711831662639387
0.5390035450921078,-0.8931258925367864
0.7283490355034223,0.5974928717917318
0.6470083465251336,0.8763461146260977
0.6445664948944824,0.8943455358850064
0.6246962327501772,1.5750262998749358
0.8408346221808188,-0.15996748365095348
0.7510270479779726,-0.09095253857202656
0.628811119294954,0.5218461578309291
0.6180221072451982,-0.36075202688976105
0.7453862988577041,-0.2753489826807081
0.8408346221808188,-0.8741840849032988
0.5461885425619118,-0.6587613376212921
0.5196441549126277,-0.22401958278385298
0.5280174033644358,0.22976985567532615
0.609451729115474,-0.6686514603517426
0.6373814974246783,-0.0690878144549556
0.6263953556970063,0.13821854053913274
0.5348886585473309,-0.28344270558293905
0.7197786573736981,-0.1203684747260656
0.8181566097062686,-0.6386728255656169
0.4973633661928578,-0.5198623814701343
0.8408346221808188,0.43656233697583524
0.6299710831708518,0.06270968863746884
0.8351938730605504,-0.1940980109559578
0.7453862988577041,-0.3579717258628909
0.628811119294954,-0.5346206570195559
0.628811119294954,-0.2841484446409693
0.6246962327501772,-0.5931469855744784
0.6445664948944824,-0.14908495173091357
0.609451729115474,-0.906547976202115
0.6359961167647581,0.027402170983673924
0.6180221072451982,0.8173413315245969
0.6526490956454021,1.0665211859508368
0.5390035450921078,-0.1518627055877777
0.6855488927282746,-0.6955677139268772
0.7162029298998526,-0.3414881369360394
0.5957413185254283,-0.3319668949522308
0.6526490956454021,-0.08937218921356449
0.6359961167647581,-0.21694807579768322
0.8181566097062686,-0.09078608589241777
0.6359961167647581,-0.6021340625328543
0.8351938730605504,0.08523149939441388
0.6470083465251336,-0.6423196556474641
0.7453862988577041,0.305536649515452
0.7424566698482483,-0.6527266666737744
0.6526490956454021,-0.73024335322067
0.5348886585473309,-0.34855955935592536
0.7453862988577041,0.32907454409603865
0.6373814974246783,-0.2876358859729533
0.8408346221808188,0.6830423299915139
0.5280174033644358,0.4762646085706792
0.4973633661928578,-0.44433723404326286
0.8181566097062686,-0.04170346706854988
0.617824977567282,0.4876706001450425
0.6299710831708518,-0.22827607295478924
0.5390035450921078,0.9192629517630022
0.6855488927282746,-0.38267606130879145
0.7271890716275246,0.39484249896077206
0.5196441549126277,-0.0598148591122154
0.609451729115474,-0.45847602705107116
0.5280174033644358,-0.8797400587234465
0.5390035450921078,-0.342811381492234
0.5390035450921078,-0.15494901634194685
0.6332666108799014,0.732215418366643
0.7424566698482483,0.7760773906450923
0.6855488927282746,0.2450514466091659
0.6332666108799014,0.36548254233185906
0.5461885425619118,1.2102312724555175
0.628811119294954,-0.26130246252317213
0.4973633661928578,-0.16634727300248697
0.617824977567282,-0.477020882756258
0.628811119294954,0.6331765420187202
0.6855488927282746,-1.0123964158865615
0.5461885425619118,-0.22414489926434256
0.7230741850827477,-0.5117256826869383
0.4973633661928578,-0.38770587576723603
0.7162029298998526,-0.5722639842266531
0.6246962327501772,-0.38760496466105854
0.7453862988577041,-0.3383516897192032
0.7424566698482483,-0.2250477039206178
0.7453862988577041,0.05078523064338403
0.6332666108799014,-0.11957138834613046
0.7424566698482483,-0.13971773820978595
0.5280174033644358,-0.8081092876454687
0.6263953556970063,-0.7508299640964567
0.6180221072451982,-0.062050838222441174
0.6359961167647581,-0.06057593593336774
0.7343740690973286,-0.04231322839285945
0.7453862988577041,0.3405922187516838
0.6359961167647581,0.005574308182306864
0.7230741850827477,-0.4391655982815495
0.7453862988577041,0.5117743286021891
0.5348886585473309,-0.13981306839219992
0.5390035450921078,-0.16207248845947675
0.5390035450921078,0.2657168522697958
0.628811119294954,0.3880460992244633
0.6246962327501772,-0.2946023661389978
0.6332666108799014,0.19374047708754039
0.8181566097062686,-0.3257183419924432
0.8351938730605504,0.16781275882102786
0.7343740690973286,-0.5209948339329746
0.4973633661928578,0.2906585357369441
0.5390035450921078,0.4242498535239482
0.5280174033644358,0.5962738080781615
0.5461885425619118,-0.5864295600582378
0.7271890716275246,0.5122069270812294
0.5196441549126277,1.620092048270652
0.5196441549126277,-0.6167296696954833
0.7343740690973286,-0.5060563270126653
0.5196441549126277,-0.39996868882254516
0.7283490355034223,0.4273488199069233
0.7197786573736981,-0.5130853524661633
0.6180221072451982,-0.2883251999903428
0.6470083465251336,-0.6155173345337981
0.5348886585473309,-0.2898537608685897
0.7271890716275246,0.1460082964547349
0.5461885425619118,-0.23807146930473783
0.6246962327501772,-0.5540709610213135
0.8181566097062686,-1.1137009757622918
0.6359961167647581,-0.06730166490195355
0.8351938730605504,-0.6792919275981739
0.7162029298998526,-0.2837215370365402
0.7343740690973286,-0.5088107278301244
0.6332666108799014,2.0018826636549987
0.609451729115474,-0.26979079608791917
0.6299710831708518,-0.6029273828947321
0.5348886585473309,-0.4460810291189954
0.6373814974246783,-0.4108665157635104
0.5461885425619118,-0.1819742014378274
0.7271890716275246,-0.2794846698412404
0.7368159207279799,-0.18114292397092446
0.7078296814480445,-0.41210459096370683
0.6332666108799014,0.43891894747890325
0.8408346221808188,-0.4095994983529337
0.7197786573736981,-0.3616858390938677
0.6855488927282746,0.7561928289372927
0.7283490355034223,-0.02825777099565896
0.6470083465251336,0.36842115401645137
0.7162029298998526,-0.4526186407163646
0.5196441549126277,-0.15408639028427168
0.4973633661928578,-0.9750127901763446
0.5461885425619118,-0.39839580310078937
0.5348886585473309,-0.2989198633974349
0.8181566097062686,-0.6650151818739407
0.6526490956454021,-0.6288267152691821
0.5280174033644358,0.11518189312729654
0.5957413185254283,-0.4202981134469364
0.6332666108799014,1.4358007041171155
0.7197786573736981,0.9962371334315386
0.5390035450921078,-0.32443844367839036
0.5280174033644358,1.4264939348887962
0.5461885425619118,-0.41202257632684014
0.8408346221808188,0.8412000439502306
0.8351938730605504,0.7229349974962216
0.7230741850827477,-0.3337989620897709
0.6373814974246783,0.05821687650751428
0.7424566698482483,-1.1039249404772318
0.7453862988577041,-0.31582257567865013
0.7271890716275246,0.07807503356756951
0.5390035450921078,0.41342399573690247
0.5196441549126277,1.1531948320118004
0.7283490355034223,1.3212906470238945
0.7368159207279799,-0.029193070070616334
0.6299710831708518,-0.5105389191842646
0.6445664948944824,-0.26609499129366837
0.8408346221808188,0.2884015647430799
0.4973633661928578,1.486679995560734
0.4973633661928578,-0.6740844350670586
0.8351938730605504,1.0812677211025845
0.6246962327501772,-0.1404261056640102
0.6526490956454021,0.1894991711856392
0.617824977567282,0.18284662072355662
0.7162029298998526,0.1651099057201031
0.7078296814480445,-0.5655444035995802
0.7283490355034223,0.5288534067862605
0.6299710831708518,-0.05088897098401268
0.5957413185254283,-0.4311847963307903
0.5957413185254283,0.07014981788681707
0.4973633661928578,0.8000151874794772
0.5390035450921078,1.4394763610950192
0.7197786573736981,-0.5197100158373444
0.6445664948944824,-0.21907342540415448
0.617824977567282,-0.07749878626510376
0.7453862988577041,-0.534854745509004
0.5348886585473309,-0.13755707135885653
0.7510270479779726,1.430856996097025
0.7078296814480445,0.6056384434386963
0.609451729115474,0.8265500896172526
0.7283490355034223,0.9859115960018561
0.8181566097062686,0.20169753199791807
0.628811119294954,0.5567654980328974
0.7162029298998526,0.5175213765547199
0.6526490956454021,-0.35713502358295
0.6263953556970063,0.3710980016555817
0.5348886585473309,-0.7247059986615012
0.617824977567282,1.0425221855192652
0.6445664948944824,0.28017046694190195
0.7078296814480445,-0.871975462939891
0.6359961167647581,0.23977032627036643
0.6263953556970063,0.33731412418115825
0.7197786573736981,-0.36643638060614875
0.6526490956454021,-0.39544690099747404
0.6332666108799014,-0.4672713558097205
0.5461885425619118,-0.43610359465945187
0.7271890716275246,0.03330474613003376
0.6263953556970063,-0.4220459531890929
0.8351938730605504,-0.7425087721077379
0.587170940395704,-0.07189105161431986
0.6470083465251336,0.22904967550007482
0.7271890716275246,-0.7069444832266787
0.7283490355034223,-0.25152093353947613
0.8181566097062686,0.11564895799334873
0.7162029298998526,-0.13810594762649098
0.6332666108799014,0.2264026782538925
0.7343740690973286,0.12512368333416013
0.6299710831708518,-0.513026888133022
0.7283490355034223,-0.5654004283392948
0.8351938730605504,-0.3181677720549546
0.6526490956454021,-0.6254254449218966
0.6180221072451982,0.15808231422237495
0.5280174033644358,-0.29318277974386225
0.4973633661928578,0.3583545600236806
0.5957413185254283,-0.6314170983854437
0.5280174033644358,-0.8210147770347538
0.7368159207279799,-1.0376274079486367
0.628811119294954,-0.6070300582294056
0.6263953556970063,-0.3528607889229461
0.5196441549126277,0.20184613776806037
0.609451729115474,-0.5794520531993276
0.5957413185254283,-0.0780065380557382
0.4973633661928578,-0.6784781314526964
0.6470083465251336,0.2027618693547153
0.8408346221808188,-0.6005416857969298
0.6373814974246783,-0.31717599249393813
0.7230741850827477,0.11866393426138211
0.7271890716275246,1.8187302658432616
0.6373814974246783,0.03155562034886372
0.8408346221808188,-0.22392733086164196
0.5280174033644358,-0.32013215007389983
0.6526490956454021,-0.07671112790915513
0.5280174033644358,0.24329037635178574
0.5390035450921078,-0.4377513269434837
0.6299710831708518,1.4305517988982137
0.6373814974246783,-0.4340945908653995
0.609451729115474,1.1881157575449834
0.7230741850827477,-0.5879938801298735
0.8408346221808188,-0.25140985526151094
0.5957413185254283,0.6580001425181301
0.5957413185254283,0.03588098198221501
0.6180221072451982,0.7852040731654836
0.7283490355034223,0.6218951310524239
0.6526490956454021,0.742008619926039
0.6526490956454021,-0.33707944677017687
0.6526490956454021,0.088501749397915
0.6526490956454021,-0.08367364632550611
0.8351938730605504,-0.7842358698552174
0.6855488927282746,0.39512353461737526
0.4973633661928578,-0.4029312990902061
0.5196441549126277,0.23540880290395882
0.7283490355034223,0.24967230401776785
0.8181566097062686,-0.7730857345397697
0.7271890716275246,-0.7316830544625407
0.7230741850827477,0.4752980653787987
0.6445664948944824,0.9703943381027057
0.6263953556970063,-0.27352930637411726
0.5196441549126277,-0.12908877985427014
0.6332666108799014,-0.2571714754807912
0.5461885425619118,0.9017753295847472
0.5461885425619118,0.8712765490985374
0.7343740690973286,0.11243650115800341
0.5957413185254283,0.13379183996725919
0.7230741850827477,0.831001111865335
0.7510270479779726,1.1423352757359553
0.5461885425619118,0.6893144399543213
0.6373814974246783,0.43384188272826507
0.609451729115474,0.0653769373050076
0.617824977567282,0.013222678415676481
0.5957413185254283,1.4123328517360354
0.5461885425619118,0.13675283551226314
0.4973633661928578,-0.5090015276094012
0.6263953556970063,1.3833029973630067
0.7162029298998526,0.6465654528454557
0.8408346221808188,-0.6538139568644646
0.7197786573736981,0.4672418350453801
0.7230741850827477,-0.6618429708053665
0.628811119294954,-0.41216889588666505
0.6263953556970063,0.26030671749190504
0.8351938730605504,-0.4907118718825031
0.7510270479779726,0.4726318768589255
0.7283490355034223,0.9828200344286726
0.6526490956454021,-0.18935429534749854
0.6470083465251336,-0.4665412582023376
0.7162029298998526,-0.823567340904265
0.7162029298998526,-0.7266458680640231
0.628811119294954,1.099951413279101
0.5957413185254283,-0.3712434846611849
0.7424566698482483,-0.25549114780243326
0.6470083465251336,1.015626065051484
0.5348886585473309,-0.373511921103009
0.7271890716275246,-0.7015204476674154
0.5348886585473309,-0.6995154550636448
0.6470083465251336,-0.12378497348838824
0.5957413185254283,0.5193700093410298
0.7078296814480445,0.06474073803502511
0.7453862988577041,2.5689776681603034
0.6373814974246783,0.350973639942464
0.7343740690973286,-0.16408504335247764
0.6373814974246783,0.3603910783771498
0.6359961167647581,0.7765641796012284
0.5461885425619118,-0.47382490516191467
0.7510270479779726,1.4730933391425143
0.8351938730605504,0.12610131384979306
0.6855488927282746,-0.7529510300846672
0.5348886585473309,-0.5528194588041997
0.6526490956454021,-0.47398429998324726
0.6299710831708518,0.07672420590424334
0.6445664948944824,-0.06191448982976
0.6526490956454021,0.32460291666347296
0.609451729115474,0.3952035904127629
0.5957413185254283,0.15584565179244858
0.5280174033644358,-0.38203415783872596
0.7162029298998526,-0.42076476385687955
0.6299710831708518,-0.5602642532874528
0.6246962327501772,0.4012188676271663
0.5196441549126277,-0.14451351979987626
0.6246962327501772,-0.7824635279730223
0.5280174033644358,-0.25542424820452947
0.7283490355034223,-0.5671511882509193
0.7343740690973286,-0.31048918481030297
0.7078296814480445,0.25834600557262366
0.4973633661928578,-0.6679945227764009
0.8181566097062686,-0.7145548096980476
0.6373814974246783,-0.6288931258028553
0.5196441549126277,-0.128902574589928
0.5280174033644358,-0.48449384536653467
0.609451729115474,-0.5498503129477503
0.7343740690973286,-0.264179645552596
0.6246962327501772,1.1209182981115227
0.617824977567282,-0.766816986253404
0.6470083465251336,-0.33510474804021756
0.5348886585473309,0.05960352955357273
0.5348886585473309,-0.45395155096103934
0.6332666108799014,-0.4422759066345505
0.6373814974246783,0.042051066233335654
0.7162029298998526,-0.40283980669455394
0.5390035450921078,0.29755491091466746
0.7283490355034223,0.174241353804384
0.7283490355034223,0.38453035893862375
0.8408346221808188,1.3337980581324085
0.7510270479779726,0.8207004198745811
0.7271890716275246,-0.37773207450688084
0.6526490956454021,-0.31542678326589263
0.7162029298998526,0.6430261485723351
0.8181566097062686,-0.8758439869453782
0.7510270479779726,-0.6478775848917628
0.7162029298998526,0.8286511270382603
0.4973633661928578,-0.342071937274031
0.7283490355034223,-0.44555149799311516
0.8408346221808188,-0.9859141529012696
0.7283490355034223,0.9716970377301424
0.7510270479779726,-0.4517980239092049
0.8181566097062686,2.057911932040841
0.6332666108799014,2.210581040896927
0.6332666108799014,0.3976498219554969
0.5196441549126277,-0.4268490443549212
0.5390035450921078,-0.28399875679780245
0.4973633661928578,-0.23765246493561787
0.6263953556970063,-0.2574708647424233
0.5461885425619118,0.006229115167862398
0.8408346221808188,-0.037251865892414915
0.6180221072451982,1.1518565297138115
0.7271890716275246,0.06461087786872755
0.6246962327501772,-0.2136025282633287
0.6246962327501772,-0.3838991067824553
0.8351938730605504,-0.6815436041165691
0.6359961167647581,0.03902446517721703
0.609451729115474,-0.39043114556624664
0.4973633661928578,-0.3495984031545682
0.5348886585473309,-0.7107610559464834
0.8351938730605504,0.909073768793963
0.8181566097062686,0.4614855964046628
0.617824977567282,-0.30108012393029626
0.5390035450921078,0.09381018063597413
0.7271890716275246,0.4942046141120221
0.6299710831708518,0.16969144597071173
0.6332666108799014,-0.33337174412131726
0.5280174033644358,0.24592567807030874
0.5390035450921078,-0.13786551865607916
0.7078296814480445,-0.49029985765303263
0.587170940395704,0.30334152878228793
0.7283490355034223,-0.2567301489899896
0.4973633661928578,-0.21893921636390157
0.6263953556970063,0.7616451051099966
0.6445664948944824,-0.24337537393273462
0.6332666108799014,-0.4576624822268819
0.7078296814480445,-0.5477637029699555
0.5196441549126277,-0.383663352049439
0.6855488927282746,-0.055690135004377694
0.4973633661928578,-0.33297685171838143
0.6526490956454021,-0.6618878417356643
0.7424566698482483,-0.35883697810935095
0.6855488927282746,0.2810592935588734
0.5280174033644358,-0.020767063313342438
0.6373814974246783,-0.46474258314861044
0.7510270479779726,0.37196417806936766
0.7343740690973286,-0.31217987571691413
0.8408346221808188,-0.5618637069242169
0.587170940395704,-0.8001535394679401
0.8351938730605504,0.06274818681120764
0.5280174033644358,0.9387479429359418
0.6359961167647581,-0.13182798500209036
0.7230741850827477,-0.5324096115582613
0.6470083465251336,-0.4558666352406492
0.628811119294954,0.24286426572195052
0.7283490355034223,0.06584312215909782
0.6263953556970063,0.41721843189796526
0.7510270479779726,-0.6841038100271408
0.5461885425619118,0.8110494925540147
0.5957413185254283,0.034219013634915085
0.5957413185254283,0.6140336804792528
0.5196441549126277,-0.568056550446198
0.617824977567282,-0.7464861916562178
0.6263953556970063,0.6628669891094172
0.7197786573736981,-0.018819569377240497
0.5196441549126277,-0.28771919329007556
0.7197786573736981,0.04234438784107386
0.8408346221808188,-1.1148547126622814
0.7368159207279799,0.1881839363710932
0.7510270479779726,0.32617612567015075
0.6855488927282746,0.20513582553153087
0.6526490956454021,-0.3009157613811914
0.617824977567282,-0.5271498868467218
0.8408346221808188,-0.4790760119997892
0.6263953556970063,1.256808360542831
0.6299710831708518,-0.16004295678275482
0.6373814974246783,0.16773406865402773
0.6470083465251336,-0.4472126064521349
0.6246962327501772,-0.152084756893396
0.6180221072451982,1.3252522998633092
0.7510270479779726,-0.20558007964998715
0.628811119294954,0.778989710874875
0.6246962327501772,-0.9171171156557061
0.7510270479779726,-0.5910115143435275
0.6299710831708518,0.20120397192018136
0.6855488927282746,-0.6199494658040828
0.6180221072451982,-0.8971364543683283
0.587170940395704,-0.3251314209600167
0.7424566698482483,-0.554265042328344
0.6855488927282746,0.022507589766500136
0.7343740690973286,0.7389561520448855
0.7368159207279799,0.06553398973019586
0.609451729115474,-0.29404882886732453
0.5280174033644358,-0.39027018484216036
0.587170940395704,-0.4730062653399004
0.6299710831708518,-0.7275779583737342
0.5390035450921078,0.20838789896019028
0.7343740690973286,-0.8724347893899733
0.5280174033644358,-0.05046831281394526
0.6332666108799014,0.41277286341006914
0.7271890716275246,-0.7585542563968802
0.6373814974246783,-0.3759589839703236
0.7453862988577041,-0.46893730688037333
0.5957413185254283,-0.23886131564020774
0.5461885425619118,-0.785435561507607
0.7230741850827477,0.04521084783661877
0.7343740690973286,0.10402032998492305
0.617824977567282,0.41440356858337346
0.5280174033644358,-0.2530363737571725
0.7343740690973286,-0.6809151064856369
0.6855488927282746,0.370739649354222
0.6445664948944824,-0.2806233484393513
0.5957413185254283,-0.64895086881152
0.8181566097062686,0.12024396813992788
0.5461885425619118,-0.5736857493566588
0.5461885425619118,-0.6499747425563143
0.6246962327501772,0.37586012999298546
0.8408346221808188,-0.1542640199824391
0.5390035450921078,-0.5975838516961509
0.7453862988577041,-0.09326207051620283
0.7271890716275246,-0.5262971824205036
0.7283490355034223,0.18299110237689165
0.6470083465251336,-0.5291356259913566
0.5348886585473309,-0.9150735219211531
0.5461885425619118,0.16174428953046038
0.7162029298998526,-0.8201048431686739
0.609451729115474,-0.7833379634880601
0.6263953556970063,1.2948455369236611
0.5348886585473309,0.3928483539963519
0.8181566097062686,-0.34311693266312876
0.8351938730605504,-0.26290704573857815
0.8351938730605504,-0.3769056013999599
0.5390035450921078,-0.18524676487693387
0.5461885425619118,2.7009766772487716
0.5348886585473309,0.4334313288248173
0.609451729115474,1.0206837825564585
0.7078296814480445,-0.2487233375209646
0.7453862988577041,1.5955702621676822
0.5957413185254283,0.5508762867170645
0.8181566097062686,-0.8727159687210522
0.5348886585473309,0.10822227931082984
0.7368159207279799,-0.4349380865840688
0.7283490355034223,1.3667841582149134
0.6470083465251336,0.35332981418132225
0.8181566097062686,0.11921628345225754
0.5196441549126277,-0.3403295310860824
0.5280174033644358,0.7565409212952656
0.8351938730605504,-0.9385309927297336
0.7424566698482483,1.8047838930269062
0.5390035450921078,-0.262519512306232
0.8351938730605504,-0.22713502881038183
0.7271890716275246,-0.3028604044599366
0.8408346221808188,-0.27152879189071477
0.5280174033644358,-0.31040150141139533
0.7283490355034223,-0.20699281361969668
0.7162029298998526,-0.39253829008862645
0.7368159207279799,-0.2461340059935831
0.5390035450921078,-0.44011604426260337
0.7368159207279799,1.1321568263405934
0.7453862988577041,1.4024731824006977
0.6299710831708518,0.09781870273414361
0.628811119294954,0.23542611351744092
0.6299710831708518,-0.3973316408775017
0.7078296814480445,-0.3971017173518261
0.6263953556970063,0.9508068030495858
0.5461885425619118,-0.6034047109917472
0.5461885425619118,0.39634996274533574
0.6246962327501772,-0.24326626841418364
0.5196441549126277,0.6149751629195658
0.617824977567282,-0.6478174898472205
0.6855488927282746,-0.7609496078021311
0.6373814974246783,-0.3216460757152474
0.6470083465251336,-0.30566044387608976
0.6373814974246783,-0.3817186372940734
0.8408346221808188,-0.3896206684401256
0.8408346221808188,-0.4718271573964494
0.6263953556970063,-0.5727204745390901
0.7510270479779726,-0.41224947069386264
0.6299710831708518,0.0762914637339398
0.7078296814480445,0.23238630525837478
0.5461885425619118,0.37653735912851594
0.6359961167647581,-0.1921975479706507
0.8351938730605504,-0.7469353157900919
0.6855488927282746,-0.4768662786040454
0.5196441549126277,0.09240012283381882
0.4973633661928578,-0.1781289217292002
0.8408346221808188,1.6993494294674476
0.6180221072451982,0.45074614550610403
0.6526490956454021,0.3209738416290552
0.6299710831708518,0.5690222340616127
0.6180221072451982,0.44504541833619526
0.6180221072451982,-0.2039833910872207
0.5280174033644358,-0.4042179250725523
0.4973633661928578,-0.2537872683991006
0.4973633661928578,-0.564307445042523
0.8181566097062686,0.657055657738035
0.8351938730605504,-0.6568277118729663
0.6526490956454021,0.88753543279553
0.6263953556970063,-0.3412127292630618
0.8351938730605504,-0.32618163249238685
0.5196441549126277,0.8330550817142214
0.6470083465251336,-0.5658182972983804
0.7078296814480445,-0.31884218662688757
0.7424566698482483,-0.4470849635590496
0.6359961167647581,-0.23457296639352132
0.7510270479779726,0.5621929451043641
0.5390035450921078,-0.6653443946020285
0.6470083465251336,-0.2542250470185805
0.7230741850827477,-0.5176737561025565
0.7453862988577041,0.6958641541647951
0.7453862988577041,-0.09944498812437785
0.8351938730605504,-0.41948540772833115
0.7271890716275246,-0.1416545520101009
0.7271890716275246,-0.3955526516039777
0.6373814974246783,-0.32454460216537606
0.6180221072451982,0.6086820021986422
0.8408346221808188,-0.4800794038916314
0.8181566097062686,1.1234478115658937
0.587170940395704,0.5333787541284783
0.609451729115474,0.3665876457180044
0.6526490956454021,-0.4100133966014444
0.6332666108799014,0.2951623536706107
0.7453862988577041,-0.5624426855868098
0.6526490956454021,-0.5104261839368324
0.7368159207279799,-0.1977367734264116
0.628811119294954,0.7277007125531975
0.8408346221808188,-0.36497318345075075
0.6445664948944824,-0.0057165898467368415
0.5196441549126277,-0.4875764637307905
0.587170940395704,-0.26567573017517027
0.6445664948944824,-0.3000463724136725
0.8181566097062686,1.0948159170322769
0.5461885425619118,1.129739373129329
0.6470083465251336,0.5993298558576702
0.5957413185254283,-0.08562116354404292
0.5957413185254283,1.602473046586334
0.7078296814480445,-0.4288191987714446
0.6855488927282746,1.6485073669469785
0.7271890716275246,-0.8042878502494339
0.4973633661928578,-0.5855935583727312
0.6180221072451982,0.9795968355166379
0.7424566698482483,1.6496898651205036
0.587170940395704,0.07457896396721686
0.7230741850827477,0.5692643237208382
0.6526490956454021,-0.7792946501685956
0.8351938730605504,0.8193381625465292
0.7283490355034223,-0.4876330281514701
0.4973633661928578,0.3838851775201789
0.7283490355034223,0.1713924295361915
0.6180221072451982,0.4749280819526879
0.7197786573736981,-0.4087596958023161
0.6299710831708518,1.2062603513194392
0.6470083465251336,-0.32439904358562033
0.7283490355034223,-0.24627998704884824
0.609451729115474,0.6801576801342508
0.6445664948944824,0.30911227179981227
0.609451729115474,0.11221458720464639
0.6332666108799014,0.012167962237056296
0.6359961167647581,0.7097849261477593
0.628811119294954,0.21514656893515482
0.617824977567282,1.2543473154506861
0.6373814974246783,0.02558427211271419
0.8408346221808188,0.5859390347435026
0.7197786573736981,0.13271610427039282
0.7343740690973286,-0.23458180965355685
0.6359961167647581,0.5303087761981773
0.8408346221808188,-0.3394740510074411
0.7343740690973286,-0.4244183806439902
0.7453862988577041,-0.15350043604787633
0.587170940395704,-0.08797902657410511
0.6526490956454021,0.24599179003407157
0.6263953556970063,-0.1596532895685579
0.7424566698482483,-0.3673544164787352
0.7162029298998526,-0.6398494807466125
0.6470083465251336,-0.33666780209141955
0.7078296814480445,-0.005581590095843025
0.7283490355034223,0.033833788961789235
0.7283490355034223,0.34040589204026106
0.8408346221808188,0.952532420874829
0.4973633661928578,-0.7561558570635646
0.7453862988577041,0.38750409169320943
0.8181566097062686,1.3715859357962898
0.6359961167647581,0.25805669529298303
0.7230741850827477,-0.33569260277405083
0.617824977567282,-0.7184799151308339
0.6445664948944824,0.07871606922507468
0.7197786573736981,-0.42711993899131584
0.628811119294954,-0.8762427525253662
0.7424566698482483,0.05624170817966301
0.6526490956454021,-0.8117181006038199
0.5957413185254283,0.838597643185724
0.5280174033644358,-0.47997885488743675
0.7343740690973286,0.18730885872787517
0.4973633661928578,-0.15772820831399825
0.7230741850827477,0.9767328657452922
0.6180221072451982,0.18607562058676363
0.7162029298998526,0.8006291566651206
0.609451729115474,0.35286359387283284
0.5461885425619118,-0.588478697636344
0.6470083465251336,-0.3505513614828999
0.6246962327501772,-0.022963654622364715
0.6855488927282746,-0.3254936484566052
0.6180221072451982,0.9535281263505963
0.6470083465251336,-0.514882353512384
0.6359961167647581,0.3080162745274472
0.7271890716275246,0.3368683485543674
0.7197786573736981,0.5591506247378503
0.8351938730605504,-0.19458918786433121
0.8408346221808188,0.8787822167024427
0.7230741850827477,-0.6577884431775786
0.587170940395704,0.03346479288612436
0.6263953556970063,0.6766008984325043
0.5280174033644358,0.0029271505945644982
0.7271890716275246,-0.22429880972827188
0.7162029298998526,-0.6562365952933096
0.5348886585473309,1.3973449776241205
0.6180221072451982,0.1472525069247378
0.7078296814480445,-0.5056586030326358
0.5196441549126277,-0.001645618106331348
0.6299710831708518,0.06299068018564302
0.7162029298998526,0.5531792849792035
0.7078296814480445,-0.36682665295213857
0.6855488927282746,-0.03352109465287567
0.6359961167647581,1.7195581200970225
0.7453862988577041,0.6312582270056707
0.5280174033644358,-0.5054726567628856
0.6855488927282746,0.2924429636782099
0.7510270479779726,0.44561623088575053
0.6263953556970063,-0.2111252738341307
0.8351938730605504,0.6048115722368155
0.5390035450921078,-0.63563603880116
0.6180221072451982,0.01352824781456119
0.6470083465251336,0.36252307978582865
0.8351938730605504,0.17359311962255708
0.8181566097062686,0.004682721768326292
0.6180221072451982,0.5393958008322012
0.7078296814480445,-0.5204411501452111
0.5196441549126277,-0.55615929144772
0.6263953556970063,-0.5183806754831887
0.7343740690973286,-0.28168408473791373
0.617824977567282,1.844841158695251
0.5348886585473309,-0.25010061976180126
0.7283490355034223,-0.18942254556155058
0.7197786573736981,-0.33333144852180124
0.7424566698482483,0.18408890096716868
0.5348886585473309,-0.3976130218701417
0.5196441549126277,-0.40768685594794873
0.5957413185254283,-0.3870626814775887
0.5348886585473309,0.4330628561822075
0.5390035450921078,0.45140511603834976
0.8351938730605504,-0.6849842633252118
0.7230741850827477,0.9166086824949439
0.5348886585473309,-0.0012202686941023
0.6332666108799014,0.34890859842616895
0.5196441549126277,-0.6749733455779807
0.7230741850827477,0.22598282095849165
0.7078296814480445,-0.5777189451045649
0.7271890716275246,-0.3406618248372761
0.6373814974246783,0.8024584410268407
0.5957413185254283,1.228569203082667
0.5280174033644358,-0.3198554376657522
0.6359961167647581,1.6375844112697993
0.8181566097062686,1.622544602473564
0.5461885425619118,0.15555275257574697
0.5280174033644358,0.0775737610077959
0.7510270479779726,-0.6601824604988551
0.4973633661928578,1.2662265403567068
0.5461885425619118,-0.7847956660021536
0.6470083465251336,0.031347580819640064
0.7368159207279799,0.33080901413782704
0.6246962327501772,0.12416149176924796
0.609451729115474,-0.45809474803851746
0.6180221072451982,0.7061596411736885
0.6246962327501772,0.1391375308254813
0.5280174033644358,-0.3793496703047194
0.6526490956454021,0.019441645926585926
0.7230741850827477,-0.26573940540330016
0.5390035450921078,-0.11482169316314611
0.7283490355034223,-0.2983087851198484
0.5957413185254283,-0.34415243901326514
0.628811119294954,1.4693957839650138
0.6526490956454021,-0.8789651741564005
0.7453862988577041,-0.5895493843938924
0.7078296814480445,-0.02745725166247248
0.587170940395704,-0.16375164432997563
0.6180221072451982,-0.005368590190779177
0.5196441549126277,0.20375838136225177
0.8351938730605504,0.10097532637337225
0.4973633661928578,-0.20123912930175786
0.7078296814480445,-0.04336344506027723
0.7510270479779726,1.0816327327026432
0.628811119294954,0.006199457388499141
0.617824977567282,0.13695220160464172
0.7453862988577041,1.1082013343060249
0.8408346221808188,0.12412466647428966
0.8351938730605504,0.07045054742683599
0.5280174033644358,0.5252330875660274
0.7197786573736981,-0.4195725886113924
0.8351938730605504,0.4996221765546718
0.7197786573736981,0.39309603790994807
0.7424566698482483,-0.2705335090823263
0.587170940395704,0.07140425690276297
0.8181566097062686,1.3518404284393135
0.7453862988577041,0.9284272714493583
0.7162029298998526,0.3645412710427992
0.7230741850827477,0.6091073578968776
0.8351938730605504,-1.095589885810854
0.6470083465251336,-0.43633000410458955
0.7271890716275246,-0.8783078190446492
0.5957413185254283,-0.2603639667866813
0.587170940395704,0.057036909870093466
0.7283490355034223,0.4025492394062664
0.7271890716275246,-0.7207648511857183
0.7230741850827477,-0.45830888235639505
0.6263953556970063,-0.19418536834411848
0.7271890716275246,0.7982256347792273
0.587170940395704,1.5480052395364927
0.8181566097062686,0.5653274813008796
0.6470083465251336,-0.08742793063879384
0.6470083465251336,-0.3915217560432846
0.7283490355034223,-0.490505736819843
0.8408346221808188,-0.6305689965488234
0.5280174033644358,0.5694570715730549
0.6332666108799014,0.5877407284000182
0.5196441549126277,-0.3985211919183588
0.6470083465251336,-0.09701891507049576
0.7453862988577041,0.44727570890130897
0.6470083465251336,0.5584319604867957
0.6246962327501772,1.3070233766045436
0.7368159207279799,-0.057737948964550756
0.7271890716275246,-0.3724921326426113
0.7453862988577041,-0.3007880455329024
0.5390035450921078,-0.024605649494589432
0.5461885425619118,-0.3004020094260696
0.5957413185254283,0.5569560123065485
0.6180221072451982,0.7728909960358051
0.6359961167647581,0.2524902721036202
0.4973633661928578,1.0367514237763047
0.8408346221808188,-0.599832921059299
0.5957413185254283,0.9953603273786982
0.8351938730605504,-1.1319987655127761
0.6180221072451982,0.08740694145111394
0.7368159207279799,0.5052628602787526
0.5280174033644358,0.2463453199060659
0.5461885425619118,1.0209938483436165
0.5461885425619118,0.23267902785548167
0.8351938730605504,-0.24305347719201276
0.8351938730605504,-0.24629688035149366
0.6855488927282746,0.21519517358120577
0.6470083465251336,-0.4599274666751253
0.6299710831708518,0.4207997711416549
0.6470083465251336,0.3606433226069642
0.7271890716275246,-0.7028642339839185
0.6470083465251336,-0.09657700680424175
0.7510270479779726,0.9856328042794245
0.7283490355034223,0.5582447069248218
0.7271890716275246,0.4369000790428942
0.617824977567282,0.047313855675635175
0.6470083465251336,-0.27318321145279445
0.7283490355034223,0.5639156780818688
0.6445664948944824,-0.7151053822882847
0.6263953556970063,-0.3599046934546415
0.6263953556970063,-0.5388539108832813
0.617824977567282,-0.3248921892575024
0.6263953556970063,0.7446025336417752
0.6246962327501772,0.8846337450402747
0.6373814974246783,-0.3920880366221641
0.6445664948944824,0.006556145456042328
0.7510270479779726,-0.3057663919637471
0.6470083465251336,-0.7550659405215163
0.7162029298998526,0.917566378674273
0.5196441549126277,0.1753878981471345
0.5280174033644358,0.949698199072073
0.617824977567282,0.9929904057134015
0.7510270479779726,-0.5397393402552867
0.6246962327501772,-0.16802933108212775
0.8408346221808188,-0.27510260513640117
0.5348886585473309,0.6670806501309405
0.7197786573736981,-0.1570244280726305
0.7230741850827477,-0.03805419080608774
0.7453862988577041,-0.5338465317976538
0.7424566698482483,-0.536628488023802
0.7453862988577041,0.043718488259786525
0.8351938730605504,-0.7083331424174278
0.6470083465251336,-0.10150915916075598
0.7230741850827477,0.09464365412382603
0.6263953556970063,-0.12289360611845723
0.7230741850827477,-0.5831955538637023
0.6855488927282746,0.870922874250016
0.8351938730605504,-0.25053933034411247
0.6445664948944824,-0.32672858972218305
0.5280174033644358,0.012852050609234
0.6526490956454021,1.536488492182841
0.5461885425619118,-0.4089329558741498
0.7453862988577041,-0.4300831984874732
0.587170940395704,-0.40799816917653364
0.8408346221808188,0.20194855696607072
0.6180221072451982,-0.38192781990716307
0.6445664948944824,-0.515702678472557
0.6246962327501772,-0.6708010107876599
0.6180221072451982,-0.4604222113806618
0.7271890716275246,-0.8854517775317263
0.609451729115474,0.12992233321999747
0.8181566097062686,0.5828875611676166
0.5280174033644358,-0.19646575299809116
0.8181566097062686,0.7265021339702719
0.7510270479779726,2.371213216757412
0.5280174033644358,0.50597038713672
0.5280174033644358,-0.6125815590318147
0.5390035450921078,-0.3916985579545179
0.6299710831708518,-0.2454893952026993
0.6180221072451982,0.3686911882857131
0.5348886585473309,0.27304025828369305
0.5280174033644358,-0.22348219616407827
0.6332666108799014,-0.9151047259319881
0.8351938730605504,-0.4313908788320414
0.7197786573736981,0.5789436969030558
0.5390035450921078,-0.3099981678983199
0.5390035450921078,-0.8759828702606093
0.5390035450921078,-0.25502750650297645
0.7230741850827477,1.2448318565718677
0.5957413185254283,0.19348978787381965
0.7453862988577041,-0.2129210889792169
0.4973633661928578,0.02427109109670267
0.7197786573736981,0.22376476338977458
0.8408346221808188,-0.23939437094139482
0.7078296814480445,-0.6538081769988427
0.5390035450921078,-0.5430947024810528
0.609451729115474,-0.2036596744604141
0.6855488927282746,-0.7484873080523186
0.7424566698482483,-0.8841302632111656
0.4973633661928578,0.764337058277752
0.7162029298998526,0.25219895981588214
0.5390035450921078,-0.4219515321233124
0.7078296814480445,0.3858470473544766
0.7078296814480445,0.07157977893127354
0.6299710831708518,-0.028393890660799004
0.6526490956454021,-1.0053469586637993
0.5348886585473309,-0.13710464127752908
0.5390035450921078,-0.6094399579955685
0.6526490956454021,-0.1361382633564423
0.6470083465251336,0.38465458839246536
0.6373814974246783,0.48601871636479665
0.5461885425619118,-0.22932283532149278
0.609451729115474,-0.10981703080972971
0.5196441549126277,-0.1311724875625614
0.5348886585473309,-0.32772734552435057
0.5348886585473309,-0.9598343368003588
0.4973633661928578,-0.29621662042526187
0.4973633661928578,0.7260483522460965
0.6470083465251336,-0.20814837288087235
0.7230741850827477,-0.4345408001054063
0.5957413185254283,1.1022814639752054
0.617824977567282,-0.4194940080122708
0.7283490355034223,0.01224111645505499
0.6526490956454021,-0.8489188782351494
0.7510270479779726,0.48358387882567544
0.6180221072451982,-0.09974648377118944
0.5957413185254283,0.2603839935761858
0.609451729115474,0.7195244348115502
0.5348886585473309,0.18130324098715989
0.6373814974246783,-0.11980093966821814
0.4973633661928578,-0.28313963849077994
0.617824977567282,-0.21673616481361452
0.617824977567282,1.0966857771455691
0.7162029298998526,0.3085686842206524
0.6470083465251336,-0.3423193894614909
0.6263953556970063,-0.3471416019469599
0.7343740690973286,-0.6519098648463891
0.5348886585473309,0.7440491127503819
0.7271890716275246,-0.6069014417543214
0.7078296814480445,-0.012740936959241722
0.4973633661928578,-0.5724162769511999
0.5957413185254283,-0.06563938241334644
0.8408346221808188,-0.11366197930789024
0.7343740690973286,-0.17837532908718967
0.6332666108799014,-0.2734594075801485
0.7162029298998526,-1.2772683680997745
0.7453862988577041,-0.2309747721373666
0.8181566097062686,0.402212674635854
0.6445664948944824,0.5864689600416392
0.8181566097062686,-0.7789672431981121
0.617824977567282,0.4317859146234134
0.587170940395704,1.0134815328351356
0.6263953556970063,-0.4083017338718862
0.8408346221808188,-0.28231371911121306
0.6526490956454021,-0.22315474939426383
0.7343740690973286,-0.28425871956608245
0.5390035450921078,-0.23401917444514203
0.5348886585473309,-0.018113687296433922
0.8181566097062686,-0.21385474131202498
0.7510270479779726,0.8382170346512985
0.6332666108799014,0.317355013834999
0.7162029298998526,-0.29959875881783543
0.628811119294954,-1.0868482337303829
0.5390035450921078,0.2928688667316396
0.6299710831708518,-0.6891251929702401
0.7453862988577041,0.867325767679986
0.7271890716275246,0.70066070300319
0.5957413185254283,0.2584770115024031
0.7283490355034223,0.22703455519976612
0.7078296814480445,-0.29584805206552534
0.6299710831708518,-0.6009492211709104
0.6299710831708518,-0.03400501651930088
0.7453862988577041,-0.41838707552464866
0.6332666108799014,-0.6060770207730348
0.7271890716275246,-0.007450350873988931
0.5348886585473309,-0.3738434294107572
0.6332666108799014,0.31876219989080357
0.8181566097062686,-0.10248404133396927
0.8351938730605504,0.22426783599107525
0.5461885425619118,0.30524797035287976
0.6373814974246783,0.5735824220073422
0.609451729115474,0.1790568572079425
0.7271890716275246,0.06623565818539023
0.5196441549126277,0.1267684298505054
0.7230741850827477,-0.6373061140086977
0.8351938730605504,0.3172995669380507
0.6445664948944824,-0.4517213392519879
0.7271890716275246,-0.39361689325665916
0.7424566698482483,-1.0807510054924083
0.587170940395704,0.8301197329457098
0.6470083465251336,-0.6201685773335127
0.7078296814480445,-0.6096631304022484
0.5280174033644358,0.19935998152568501
0.4973633661928578,0.9757577465412659
0.7343740690973286,-0.44110888621442523
0.7510270479779726,1.6809000004406907
0.5280174033644358,0.8262445804995597
0.8351938730605504,-0.40008401171223007
0.5461885425619118,0.2025276310488462
0.7510270479779726,-0.5449566571508957
0.5280174033644358,-0.4989509553102011
0.4973633661928578,0.12293238320396027
0.7424566698482483,-0.2947105361442415
0.6855488927282746,-0.7528383943438745
0.7453862988577041,-0.45204168887512963
0.5196441549126277,-0.5742880035112339
0.6180221072451982,0.5872094145642209
0.7343740690973286,0.6445087946050831
0.6263953556970063,-0.47520075505898685
0.6359961167647581,-0.4566766450547421
0.8181566097062686,0.4160035953688669
0.6445664948944824,-0.19510076944466748
0.6373814974246783,-0.06539516967797365
0.6359961167647581,1.1085053614168885
0.6470083465251336,-0.1635479791749493
0.8351938730605504,0.3787418957095625
0.7283490355034223,-0.1901378430417201
0.6359961167647581,0.45040110413765366
0.6855488927282746,-0.1470571110168284
0.609451729115474,-0.694981513299226
0.6263953556970063,-0.2719945857129162
0.6855488927282746,-0.1356378726712475
0.609451729115474,0.500011903514002
0.6263953556970063,-0.48909766448746517
0.5196441549126277,-0.3477393310793585
0.8181566097062686,1.3755032437670014
0.628811119294954,-0.3284263438735274
0.7197786573736981,-0.2539320314945409
0.6263953556970063,-0.48011479271348156
0.6180221072451982,0.020742010493500773
0.6855488927282746,0.12572184328244018
0.7283490355034223,-0.2942329156992764
0.7368159207279799,-0.7605054140836646
0.6445664948944824,1.2835652361980543
0.628811119294954,1.0280466283606677
0.6299710831708518,-0.8527950605360914
0.8181566097062686,0.08670728381349513
0.7197786573736981,-0.07554124561925157
0.7271890716275246,-0.32287402458586983
0.6359961167647581,0.6423381304446716
0.6526490956454021,1.6195562918587187
0.7271890716275246,0.39493959338912654
0.6332666108799014,0.4118096246824854
0.7343740690973286,-0.24048992521319612
0.6445664948944824,-0.588521851066135
0.6855488927282746,-0.594754347604044
0.6332666108799014,0.49634373506515317
0.7283490355034223,1.38766118415648
0.7368159207279799,-0.45965368826874325
0.4973633661928578,-0.2311034688154618
0.5280174033644358,-0.04671670203020917
0.5280174033644358,-0.5607239796536787
0.617824977567282,-0.6092123727538583
0.7283490355034223,0.03539937577253294
0.7271890716275246,0.4773746980441306
0.7453862988577041,-0.2862136130907891
0.5461885425619118,-0.5598395956272108
0.5348886585473309,-0.27965746636334515
0.6359961167647581,-0.8996106825366004
0.6855488927282746,-0.4892031363362552
0.7230741850827477,1.4332043275369513
0.5390035450921078,0.0008812026958862074
0.609451729115474,0.0967430599862159
0.7162029298998526,-0.12616718496480817
0.7368159207279799,-0.48103566795482255
0.6180221072451982,-0.6414693581205791
0.7424566698482483,-0.14693450127186924
0.6526490956454021,-0.4359161283060353
0.7271890716275246,0.29131768517267564
0.4973633661928578,-0.7289094954974628
0.5280174033644358,-0.07717059998466336
0.5348886585473309,0.738830221536471
0.6445664948944824,0.5068003117202425
0.7197786573736981,-0.44954512924746065
0.6299710831708518,0.11495811483161866
0.5196441549126277,0.259086462782363
0.5461885425619118,1.1443623169367494
0.6332666108799014,-0.66794449830916
0.7510270479779726,-0.7022504077127044
0.7368159207279799,-0.6112227526060374
0.6855488927282746,0.4719786360269783
0.7510270479779726,0.11164018194264214
0.7368159207279799,1.1516076446822028
0.8351938730605504,-1.153029770076301
0.5957413185254283,-0.02043926304954391
0.7162029298998526,-0.7349316220241375
0.609451729115474,-0.24834228213552517
0.5461885425619118,-0.5099736886168451
0.7162029298998526,-0.7659451120876749
0.6299710831708518,-0.671202744931266
0.5390035450921078,0.09460703716408991
0.7343740690973286,-0.6649548218547662
0.7271890716275246,1.1244043696799761
0.6180221072451982,-0.18799493165261377
0.6299710831708518,-0.453295769785391
0.6263953556970063,-0.5273496163555764
0.5390035450921078,-0.43161263208509787
0.609451729115474,0.8629607163871329
0.5390035450921078,-0.7208861582223403
0.7230741850827477,-0.6496991957785959
0.5280174033644358,-0.40014816049778257
0.7162029298998526,-0.39794303574843803
0.7078296814480445,0.7396926018192058
0.7453862988577041,-0.5106207058669681
0.6470083465251336,-0.26394796022499856
0.6373814974246783,-0.10421042327581165
0.7343740690973286,0.002800188221323774
0.6180221072451982,-0.8895064737676954
0.8351938730605504,0.5639064160287219
0.5390035450921078,-0.04417566557975361
0.7230741850827477,-0.663826322286578
0.8351938730605504,-0.6944535398925011
0.8408346221808188,0.5574310460453226
0.8408346221808188,0.7787160435600221
0.6470083465251336,-0.12018154714759222
0.609451729115474,0.1748694070443123
0.5348886585473309,0.0016238930685781305
0.5196441549126277,-0.19989548077678554
0.8181566097062686,2.0831992294695088
0.6180221072451982,-0.3634867162827001
0.7343740690973286,0.45780897837806833
0.7510270479779726,0.9187304797635183
0.5280174033644358,-0.38356266332168315
0.7368159207279799,-0.16804287447188515
0.6445664948944824,1.0598057085258672
0.7453862988577041,-0.6060922050369069
0.6470083465251336,-0.22238892580602104
0.6180221072451982,-0.05693443163947687
0.587170940395704,-0.305180534775251
0.609451729115474,-0.8342162184181808
0.7162029298998526,-0.5204847597967809
0.6332666108799014,-0.31458614183168637
0.7283490355034223,1.1762935286997622
0.6180221072451982,-0.39806795666643296
0.628811119294954,-0.19726658827747023
0.5390035450921078,-0.5555158255265124
0.6855488927282747,-0.32101974396448785
0.7453862988577041,-0.5656781540526661
0.5461885425619118,-0.6970706200877024
0.617824977567282,-0.13172281537173558
0.617824977567282,0.5078079434518609
0.7230741850827477,0.8543231257927905
0.7453862988577041,0.21387912960582534
0.7510270479779726,-0.8041394696538272
0.7424566698482483,0.926333921708253
0.7343740690973286,-0.9323328118962338
0.8181566097062686,-0.9643442124902276
0.7162029298998526,-0.32077751797793663
0.5390035450921078,-0.022886067913491348
0.6359961167647581,-0.759944997291603
0.6180221072451982,0.460672195473112
0.8408346221808188,-0.47650273755814365
0.7368159207279799,-0.9677213929886692
0.8408346221808188,-0.25007105934458496
0.6299710831708518,1.568528725156015
0.7078296814480445,-0.4711923816363791
0.8181566097062686,-0.05984772722347931
0.7162029298998526,-0.44002467332040274
0.7283490355034223,1.208816591419095
0.6246962327501772,1.4547542463897325
0.609451729115474,0.7372845519492894
0.7197786573736981,-0.6394247673832526
0.587170940395704,-0.21964074842497622
0.617824977567282,0.06406533148678073
0.6470083465251336,0.44285225763409
0.8351938730605504,0.17108928804879509
0.5348886585473309,-0.49112223511636116
0.7078296814480445,-0.5228514899679213
0.8351938730605504,0.007233675160690289
0.5390035450921078,-0.5252052805323872
0.6526490956454021,1.00554130405927
0.6855488927282746,-0.626061764672154
0.6180221072451982,0.03269277253309377
0.5390035450921078,0.21781823666283018
0.6332666108799014,-0.07279890021570579
0.6299710831708518,-0.019513848629832742
0.6470083465251336,-0.4076337147722808
0.617824977567282,1.2619825783033924
0.7343740690973286,-0.3660918212965416
0.7343740690973286,0.36425025283117995
0.6359961167647581,0.6202691401256526
0.5280174033644358,-0.043082736409468414
0.7343740690973286,-0.07225228720636778
0.6855488927282746,0.0295537431820323
0.6526490956454021,0.05237378877042875
0.5957413185254283,-0.08471055582292708
0.6263953556970063,-0.270761383399045
0.7230741850827477,0.533495557018299
0.7197786573736981,0.9575071753416463
0.7343740690973286,0.37685002206233476
0.4973633661928578,-0.41555621608496657
0.7230741850827477,-0.7114018723526241
0.7162029298998526,-0.6681411261701691
0.6373814974246783,0.03495253443103241
0.7197786573736981,-0.4808976716514054
0.6445664948944824,-0.291672268838965
0.4973633661928578,1.6912268868624682
0.609451729115474,-0.11851859548359794
0.609451729115474,1.4078782905475473
0.8181566097062686,0.09771627489061985
0.5196441549126277,0.06522498035816116
0.7510270479779726,0.32011602607181056
0.5348886585473309,-0.3250599171948946
0.7078296814480445,1.2470510541698798
0.5461885425619118,0.11799388026480195
0.4973633661928578,-0.2804140797761365
0.4973633661928578,0.12609069776367565
0.6332666108799014,0.7680695529697277
0.5390035450921078,-0.03976343496078111
0.5461885425619118,0.41712393361183187
0.6180221072451982,-0.42201652196274275
0.6855488927282746,0.34337024358644574
0.6526490956454021,-0.37667031533923057
0.5196441549126277,0.15705087821390296
0.7162029298998526,-0.31907938274298003
0.8181566097062686,-0.8166351676863268
0.4973633661928578,-0.6213275282129266
0.7510270479779726,-0.4612641170732155
0.5461885425619118,-0.5049538012377031
0.6470083465251336,0.18331722452001908
0.6470083465251336,0.33361401009592084
0.6299710831708518,-0.34790857090477617
0.628811119294954,-0.1520436663615507
0.7368159207279799,-0.5989808770934636
0.609451729115474,0.814836390833944
0.6526490956454021,0.2155112923360637
0.8181566097062686,-0.11464878643529752
0.7510270479779726,1.1668906718613659
0.7271890716275246,-0.3461693999986269
0.6470083465251336,0.5617300941020192
0.6470083465251336,-0.44451307115700356
0.5196441549126277,-0.37956391535853773
0.7078296814480445,-0.10988539144875942
0.6263953556970063,-0.32141938842345186
0.8181566097062686,-0.04483517628032807
0.5280174033644358,-0.37208918999107476
0.6855488927282746,-0.4526414833914344
0.7453862988577041,-0.4584269124813407
0.617824977567282,0.6058996292303528
0.7368159207279799,-0.051567352236370656
0.5348886585473309,-0.31820665815950067
0.6445664948944824,-0.3345815410353377
0.7078296814480445,0.47534487090918986
0.7283490355034223,-0.042637380072950815
0.617824977567282,0.9478228733234292
0.7283490355034223,-0.3022145516497792
0.6855488927282746,1.4401908774902816
0.5280174033644358,0.7280177485541781
0.587170940395704,0.046554419684149084
0.6246962327501772,-0.2891001655676699
0.6445664948944824,-0.3138385825008687
0.6359961167647581,-0.7639386987827803
0.587170940395704,0.5691307488894567
0.628811119294954,0.3989268505019171
0.5390035450921078,0.9171331299696
0.6332666108799014,1.9305006481786589
0.617824977567282,-0.04184670254186185
0.8408346221808188,-0.05267530624227135
0.6445664948944824,0.09937921267592864
0.6445664948944824,-0.45913685652795655
0.5461885425619118,-0.30973697698732083
0.5390035450921078,-1.050717563276154
0.6445664948944824,-0.20314233322043668
0.7230741850827477,0.3486194593907178
0.7230741850827477,-0.7546670245910291
0.5390035450921078,0.652980075331606
0.6332666108799014,0.03115552776257624
0.6263953556970063,-0.2771852343480051
0.5348886585473309,0.3673820099556335
0.7343740690973286,-0.8395382706917062
0.5348886585473309,0.9788534617435163
0.5196441549126277,-0.11196696193904726
0.5461885425619118,-0.8319379504956058
0.7453862988577041,1.709683810372944
0.6373814974246783,-0.005422191021028699
0.6445664948944824,1.327392489527372
0.6526490956454021,-0.24465671712836778
0.4973633661928578,-0.3218949049763016
0.6299710831708518,0.10419960761092117
0.6445664948944824,-0.229761473223141
0.5196441549126277,-0.6756241569422062
0.5196441549126277,-0.2717851229844298
0.7230741850827477,-0.4457278680007164
0.7453862988577041,-0.4003914828122286
0.7271890716275246,0.3267784040303424
0.6263953556970063,0.48052495888471913
0.7368159207279799,0.4468636926057994
0.5196441549126277,-0.7843612852594095
0.6855488927282746,0.12863845771360283
0.5957413185254283,-0.4526829891156795
0.5196441549126277,0.03485726261250488
0.609451729115474,0.534758204480204
0.6470083465251336,0.0951685885479353
0.6299710831708518,-0.014330304428411211
0.8351938730605504,0.22263277458865582
0.5461885425619118,-0.712546714881478
0.8408346221808188,1.0923384970616712
0.7162029298998526,0.5714595331136393
0.4973633661928578,-0.5088833673346768
0.7368159207279799,0.06534372399549226
0.6263953556970063,0.1666066168039897
0.5348886585473309,0.26505857603773586
0.7343740690973286,-0.036818868155185536
0.7424566698482483,0.03337210269887281
0.6299710831708518,-0.6815344139753914
0.7271890716275246,-0.6306447446026906
0.8351938730605504,0.11360997238465675
0.6373814974246783,-0.0028605898374157723
0.5348886585473309,0.5438603549858272
0.5390035450921078,-0.5678123626356988
0.5348886585473309,-0.6572698746219439
0.7283490355034223,-0.5043138018620053
0.5196441549126277,-0.15460924308766866
0.587170940395704,-0.26096233798798585
0.5390035450921078,-0.5919678137141595
0.5280174033644358,0.2376221914664307
0.7343740690973286,0.7387833955178373
0.6373814974246783,-0.3330192409145388
0.628811119294954,1.4049783442686001
0.5280174033644358,0.7583326368901699
0.5196441549126277,0.6653108622525729
0.6373814974246783,0.8965232955082671
0.6299710831708518,-0.32072227860591723
0.7283490355034223,1.121980695807991
0.6855488927282746,-0.01157168763090477
0.6470083465251336,-0.6401194296778745
0.7424566698482483,-0.3948008461703913
0.5390035450921078,1.2616535889183973
0.6855488927282746,0.2929533047889663
0.7283490355034223,0.3189447303875912
0.6332666108799014,1.2263559718995956
0.6470083465251336,0.05608129354797298
0.5196441549126277,-0.3420242167595043
0.5196441549126277,-0.4646943337479952
0.6445664948944824,0.7613471924095011
0.7510270479779726,0.7018068075552573
0.6180221072451982,-0.268684556265051
0.6470083465251336,-0.32720781368517965
0.6332666108799014,-0.04510290593586741
0.5196441549126277,0.6114581051762894
0.7162029298998526,-0.5457792901075489
0.5390035450921078,0.5956473800580275
0.8181566097062686,1.669143531735895
0.6263953556970063,0.6601829464725164
0.7230741850827477,-0.3731179109588061
0.609451729115474,0.43815774928630913
0.6180221072451982,-0.18294447665267127
0.7162029298998526,-0.4510376688116648
0.7453862988577041,0.0927214616275076
0.5957413185254283,-0.6469107258502542
0.5957413185254283,1.1789645782896878
0.7343740690973286,-0.4817683415767871
0.4973633661928578,-0.16622633651551538
0.4973633661928578,-0.3511903664616369
0.6263953556970063,2.1305536005038155
0.6855488927282746,0.21054570323518962
0.7424566698482483,-0.4426335244119953
0.7283490355034223,-0.8341031841799567
0.5461885425619118,-0.5968442507794095
0.7510270479779726,-0.08812090282792906
0.6855488927282746,-0.8776597285447445
0.7343740690973286,-1.1587998500462404
0.8408346221808188,2.3323564457458748
0.7283490355034223,0.8396223830987355
0.7424566698482483,-0.36483748582191505
0.8408346221808188,0.34779982873312487
0.6445664948944824,0.11504750269601904
0.5196441549126277,-0.646675688889183
0.8408346221808188,0.04818028347223491
0.6526490956454021,-0.5488666344650307
0.7424566698482483,0.04750324293546915
0.5196441549126277,-0.3631914980774932
0.6470083465251336,-0.5781810354066583
0.617824977567282,-0.23333580080752148
0.5196441549126277,-0.2828973883022578
0.7368159207279799,0.08269700290373871
0.6526490956454021,-0.43579423677678375
0.7197786573736981,1.0439628831910324
0.617824977567282,-0.44831049907630416
0.7343740690973286,-0.5690432067909433
0.7271890716275246,-0.3952368922330427
0.6299710831708518,-0.36752966783695573
0.4973633661928578,0.7574097520304366
0.7283490355034223,0.8531691844128759
0.7510270479779726,-0.5807162490913352
0.8181566097062686,0.06876693676656709
0.7368159207279799,0.43972786396496044
0.587170940395704,0.7820878356316766
0.7162029298998526,-0.8825388997412524
0.5390035450921078,-0.1897484301282119
0.5280174033644358,0.18170253721877938
0.7283490355034223,-0.2903675613129622
0.6332666108799014,0.3502469361957692
0.7197786573736981,-0.1591669084253945
0.6180221072451982,-0.14468740718220452
0.7368159207279799,2.030501991418628
0.8351938730605504,0.2904119562688634
0.6299710831708518,0.5269052708423227
0.5280174033644358,-0.37673537704998816
0.5390035450921078,-0.7502599048555629
0.5196441549126277,0.04727138204913994
0.5196441549126277,-0.7055250386012057
0.5957413185254283,1.359519688949777
0.6299710831708518,-0.8581226537052602
0.7283490355034223,0.1587624940687643
0.5461885425619118,-0.6104693901959128
0.5280174033644358,0.04863315125562917
0.5348886585473309,-0.6468872687993232
0.609451729115474,1.3714143650680557
0.6470083465251336,0.5861897286972314
0.5280174033644358,-0.016305232695798644
0.5280174033644358,-0.7750399264969604
0.5280174033644358,0.4784638433464903
0.6470083465251336,-0.17154011296388832
0.8351938730605504,-0.0656784196063418
0.4973633661928578,-0.238106617362408
0.6246962327501772,-0.6670218571450833
0.5390035450921078,0.4129142968146696
0.6359961167647581,0.80967215494758
0.6373814974246783,0.23624299869419418
0.6470083465251336,-0.11579891144190602
0.7510270479779726,-0.29906850642360133
0.6445664948944824,0.9965310793876593
0.6246962327501772,1.3275998541600114
0.5348886585473309,1.2009538083285
0.5390035450921078,-0.23843750356945237
0.5390035450921078,-0.6650214065295734
0.6299710831708518,-0.33788201083688707
0.7283490355034223,0.3970783271843972
0.8408346221808188,-0.3581451125572948
0.7162029298998526,-0.6683502526619125
0.8181566097062686,-0.17871178087736905
0.7078296814480445,0.38612537914950273
0.8181566097062686,0.029207019947514734
0.6299710831708518,-0.4128475357939376
0.6246962327501772,1.1694684915315947
0.6526490956454021,-0.1340581799497247
0.6445664948944824,0.02666329483508978
0.5461885425619118,-0.3695531212327027
0.6373814974246783,0.014760390565005888
0.7424566698482483,1.5469845699241165
0.5348886585473309,0.3918342286771763
0.6526490956454021,-0.6047106273990971
0.6526490956454021,-0.22569931162897539
0.6445664948944824,-0.5393637716853384
0.6263953556970063,-0.05116722003739149
0.6299710831708518,1.6261250298967784
0.5957413185254283,-0.16344961622297305
0.617824977567282,-0.2040026220804248
0.5348886585473309,0.20426997196706842
0.6246962327501772,-0.014902781082334338
0.6526490956454021,1.053317980598316
0.7162029298998526,0.7269015872074166
0.5348886585473309,-0.24786712919919707
0.7453862988577041,0.07289196531267739
0.7162029298998526,-0.14367819354178257
0.6373814974246783,-0.15320780195644024
0.8351938730605504,-0.019344088896275702
0.5957413185254283,0.4482195523359953
0.5280174033644358,-0.33833037169939406
0.628811119294954,1.2718296005283496
0.6246962327501772,0.1511323096332673
0.6526490956454021,-0.30592508847685856
0.617824977567282,0.595785910847992
0.4973633661928578,-0.2796755503844104
0.6246962327501772,-0.1460807298524937
0.7453862988577041,0.3351583824877894
0.6526490956454021,-0.7242546630063544
0.5196441549126277,-0.5273953177093719
0.6180221072451982,-0.3168339539082165
0.7283490355034223,-0.3243360478781048
0.5390035450921078,-0.3725989943905659
0.6263953556970063,1.8378747852119213
0.6373814974246783,-0.1649874774399318
0.5461885425619118,-0.08342443050437331
0.5348886585473309,0.5386456908134074
0.5280174033644358,0.8985807620389183
0.4973633661928578,0.13140656021159958
0.7078296814480445,0.2394289177255392
0.6246962327501772,0.2050745359168321
0.617824977567282,-0.6335830869790565
0.6332666108799014,-0.2932891675326956
0.6855488927282746,1.3327328534868257
0.7453862988577041,0.609338470499723
0.6246962327501772,0.23188946185931425
0.6855488927282746,-0.4655633627193315
0.8408346221808188,-0.8925287337178477
0.6445664948944824,-0.2070611997046859
0.6470083465251336,0.3383102268912609
0.6373814974246783,0.0991119130878757
0.8351938730605504,-0.7127513983581117
0.5957413185254283,-0.4047221128463786
0.7283490355034223,-0.40690088305521915
0.7510270479779726,1.1191615662914107
0.7197786573736981,0.06358050193981768
0.6470083465251336,0.40617845112113937
0.617824977567282,0.7282965012242989
0.5196441549126277,-0.34212929848257345
0.6445664948944824,0.2100430697157366
0.6373814974246783,0.29090226963581234
0.4973633661928578,-0.4467441139205535
0.6246962327501772,-0.59045597845534
0.8408346221808188,0.8718295820763323
0.7197786573736981,0.1990494925303854
0.5280174033644358,-0.14299149311859466
0.5196441549126277,0.529847565009047
0.7283490355034223,0.6794473414669835
0.7343740690973286,1.439496150341537
0.6359961167647581,0.6062543600375596
0.8351938730605504,0.3405083681870107
0.6855488927282746,0.3013776216484958
0.7271890716275246,-0.5544509563329508
0.6526490956454021,-0.5300228738387401
0.6470083465251336,-0.6440576042500055
0.5461885425619118,-0.13979812936078084
0.6470083465251336,-0.5438236161617677
0.7510270479779726,0.06593608907576787
0.6526490956454021,-0.32137793262416087
0.628811119294954,0.800597375392763
0.8181566097062686,-0.3664263002206375
0.587170940395704,1.3462151518991758
0.6526490956454021,-0.5766371158226749
0.7510270479779726,-0.5406745545534015
0.7510270479779726,1.31508214915666
0.7343740690973286,-0.46556561309514327
0.7197786573736981,-0.44667739516308913
0.7510270479779726,0.3333565242407295
0.6246962327501772,-0.5788798191303498
0.6180221072451982,-0.24210129881704434
0.5461885425619118,-0.8283879390234743
0.6855488927282746,-0.28338014498426656
0.6180221072451982,-0.07262794029176856
0.7197786573736981,0.8259005471211619
0.5461885425619118,1.2334472645015682
0.6246962327501772,0.5194713108763874
0.7271890716275246,-0.7496340869557285
0.609451729115474,-0.10841314252733936
0.5461885425619118,0.002887323602617009
0.8351938730605504,-0.10013292617901637
0.6299710831708518,-0.13879480965214025
0.6526490956454021,0.6047200196787788
0.7453862988577041,-0.2762231477144975
0.628811119294954,-0.7186788262822765
0.6299710831708518,-0.21244506776441618
0.5390035450921078,1.3492977542441371
0.6373814974246783,0.1857784739783903
0.5957413185254283,0.07912849393864074
0.7343740690973286,0.7683445605284183
0.7271890716275246,-0.2848177215612612
0.7510270479779726,1.5444417138937927
0.8181566097062686,-0.1928402439385356
0.7230741850827477,-0.4334934412486035
0.5348886585473309,0.21672052474070191
0.6470083465251336,-0.66666446855433
0.5461885425619118,-0.40887751426713054
0.6855488927282746,0.3816002138521505
0.7197786573736981,0.5944689865153819
0.5280174033644358,-0.07000930872631983
0.7078296814480445,0.4223897955280309
0.5348886585473309,-0.04722777766170083
0.6246962327501772,-0.7549147191079283
0.7271890716275246,-0.6169353771153023
0.7343740690973286,1.6168448806116706
0.5280174033644358,0.33259231689171986
0.7078296814480445,0.14394236909165492
0.6180221072451982,-0.2885157187614326
0.7424566698482483,-0.04996275261786354
0.5348886585473309,-0.4800758100626443
0.7343740690973286,-0.1867792732110678
0.6263953556970063,0.5494208149898909
0.6180221072451982,0.719345971689138
0.6526490956454021,-0.5166801637350901
0.7424566698482483,-0.6583662881414684
0.5196441549126277,0.48587488141124824
0.5348886585473309,-0.2573807175014519
0.6299710831708518,-0.47684518540395293
0.6246962327501772,-0.1997371724050968
0.7230741850827477,0.6609445387375553
0.5390035450921078,-0.41456943252236167
0.6180221072451982,0.5340827639358029
0.7230741850827477,-0.6152372482880828
0.6246962327501772,-0.3635531751797682
0.6263953556970063,-0.3026253808753397
0.7368159207279799,0.19985080344901196
0.7510270479779726,1.2706230663165148
0.5390035450921078,0.5747793195993607
0.609451729115474,0.4337756074983701
0.609451729115474,-0.06738218002926954
0.7453862988577041,0.8446744429581484
0.7453862988577041,-0.1417892241856653
0.5280174033644358,0.2039585385455951
0.4973633661928578,-0.24623094334512646
0.5196441549126277,0.6190904275434251
0.7162029298998526,-0.6511650022490385
0.7453862988577041,-0.284576049517745
0.6359961167647581,0.2013047396820341
0.7343740690973286,-0.07515716476222634
0.609451729115474,0.36479503175138583
0.6299710831708518,-0.5319397001121031
0.7230741850827477,0.9405076867271823
0.628811119294954,-0.13646654289679733
0.7343740690973286,0.5788776329904948
0.7453862988577041,-0.1573141747028608
0.5957413185254283,0.3186279685560436
0.7424566698482483,-0.02804112298477124
0.6359961167647581,-0.07757395520670607
0.5196441549126277,-0.36623849540098974
0.5196441549126277,1.335583450294954
0.5390035450921078,-0.23755504128173294
0.6526490956454021,-0.3103022909866557
0.5390035450921078,0.72722021901818
0.6855488927282746,-0.1589356911975418
0.7162029298998526,-0.3572723518172758
0.609451729115474,0.534758204480204
0.6263953556970063,-0.266869549331087
0.6526490956454021,-0.6531568244830802
0.617824977567282,0.0969853044181721
0.8181566097062686,0.2447164743214546
0.7283490355034223,0.22671854179102502
0.5196441549126277,0.6441136893492291
0.5196441549126277,-0.4925526658342904
0.7510270479779726,-0.49283779444499226
0.587170940395704,-0.8400011883671332
0.7510270479779726,-0.20064553646687888
0.8351938730605504,-0.38049850716605765
0.6470083465251336,-0.026772454433634185
0.6526490956454021,-0.34157335138899164
0.6246962327501772,0.8919093355078093
0.7162029298998526,-0.5008544816445676
0.8351938730605504,-1.07591462725696
0.6526490956454021,-0.8843066635145503
0.7510270479779726,0.9129951057308583
0.6470083465251336,-0.708437892213428
0.5280174033644358,-0.19474277361348724
0.6373814974246783,-0.32477530258649584
0.6470083465251336,-0.6050598187671441
0.6373814974246783,-0.5350229431513045
0.6263953556970063,-0.31979435511963716
0.7368159207279799,0.1496724188389944
0.8408346221808188,-0.7349056581330115
0.6359961167647581,0.8106043213229033
0.5196441549126277,1.2927445606520518
0.587170940395704,0.027147511988303896
0.617824977567282,-0.20300760520102712
0.7510270479779726,-0.339419046131173
0.8181566097062686,-0.9964103313760996
0.5957413185254283,-0.9248454265955703
0.6373814974246783,-0.17605931813779935
0.7343740690973286,-0.5480094465196198
0.6470083465251336,0.26904627747801124
0.7510270479779726,0.5682785392516339
0.7162029298998526,-0.05729854886983632
0.6445664948944824,-0.8039320485681805
0.6299710831708518,0.09295341943862245
0.7510270479779726,-0.51697330979728
0.5348886585473309,0.11306798888712954
0.6299710831708518,-0.10068249376148264
0.6299710831708518,0.4067081405392148
0.617824977567282,0.3867339611541486
0.5957413185254283,-0.6518164487804887
0.5957413185254283,-0.27892281457082796
0.4973633661928578,0.06648402727905944
0.7368159207279799,-0.9249424136084021
0.6359961167647581,-0.10144029462177095
0.7197786573736981,0.15097615353085558
0.6470083465251336,1.248318511669189
0.6470083465251336,1.0595878187961398
0.8408346221808188,0.2549303166343567
0.7271890716275246,1.0496387060121193
0.5461885425619118,-0.5176646445749881
0.8351938730605504,0.29669973053105947
0.8408346221808188,-1.1636188287875537
0.617824977567282,-0.21558325902072045
0.7230741850827477,-0.5850195253726984
0.7230741850827477,0.3850628983633656
0.628811119294954,0.6440437063777663
0.8408346221808188,-0.9286605490080112
0.5461885425619118,-0.09294095244024253
0.617824977567282,1.2544556233319666
0.6263953556970063,-0.26742280328855755
0.8351938730605504,0.06693444357401546
0.8408346221808188,0.8581096239151255
0.5348886585473309,-0.48742651866863024
0.5348886585473309,-0.15421650473660875
0.628811119294954,-0.4376385981062116
0.7197786573736981,0.02783554347376327
0.7271890716275246,0.08206591996077306
0.609451729115474,-0.8605596644311706
0.8181566097062686,-0.13083491440473372
0.6470083465251336,0.07098831236621084
0.7283490355034223,1.7641845468191446
0.6470083465251336,-0.2837000817847783
0.7162029298998526,-0.7102141982043255
0.6246962327501772,-0.5467719519782281
0.6470083465251336,-0.21830456034946166
0.6263953556970063,1.4020027419592747
0.5461885425619118,-0.7311739642948955
0.7453862988577041,-0.5135599920024488
0.4973633661928578,0.26907066020380854
0.5280174033644358,-0.7319757973899448
0.5280174033644358,0.07312308982410232
0.4973633661928578,-0.32080723089219576
0.7078296814480445,-0.005526247605320722
0.7343740690973286,-0.342048643086485
0.6180221072451982,0.5299595746321327
0.5390035450921078,0.35012694409511524
0.5461885425619118,0.9378241419125447
0.5348886585473309,0.4565378571033599
0.4973633661928578,0.1542611577980434
0.5348886585473309,-0.3644484057299218
0.8408346221808188,0.5254876427837188
0.7368159207279799,0.9764978718366482
0.8181566097062686,-0.27974292046431626
0.617824977567282,1.2308941783411775
0.6180221072451982,0.0013257765928608167
0.6263953556970063,0.5675794750480079
0.6445664948944824,0.29110238204442473
0.6332666108799014,-0.4284694500847593
0.5390035450921078,-0.7033020571149848
0.6373814974246783,-0.12214133210163902
0.6445664948944824,-0.04455903129809535
0.6299710831708518,-0.4984871351299841
0.5348886585473309,0.2944360044080203
0.587170940395704,-0.19874531659095862
0.8408346221808188,-0.18361886243248182
0.6359961167647581,-0.21232586580979895
0.6180221072451982,-0.30792061370559826
0.4973633661928578,0.3423817726343712
0.8181566097062686,-0.5932689801605624
0.587170940395704,0.3254507086189671
0.7510270479779726,-0.3565706472727773
0.5461885425619118,0.35145027889010017
0.7453862988577041,-0.2554973864410136
0.7271890716275246,0.027602633990818637
0.5461885425619118,-0.15815841084909016
0.8181566097062686,-0.2472982569050648
0.6526490956454021,-0.5814915288174608
0.8351938730605504,0.733500791755689
0.7078296814480445,-0.5322172472586042
0.5196441549126277,0.8897912987407907
0.5348886585473309,-0.022340159796310988
0.7230741850827477,1.8894233934949347
0.6526490956454021,-0.32090631098472877
0.5348886585473309,0.8286001976488466
0.5280174033644358,-0.30887978508437036
0.5196441549126277,-0.09696401280823691
0.587170940395704,-0.6780971339261539
0.6299710831708518,-0.3004752681365048
0.6526490956454021,1.1808389010732072
0.6246962327501772,0.6499315489979195
0.617824977567282,0.36232958538978577
0.5390035450921078,-0.26814682841411275
0.8408346221808188,0.06656546475798186
0.8181566097062686,-0.1970915316819586
0.6373814974246783,-0.4359948401432342
0.7283490355034223,-0.2112123882055562
0.7271890716275246,0.340441811378705
0.4973633661928578,-0.17131101421934053
0.7368159207279799,0.2622677028262139
0.7230741850827477,-0.44716537125265116
0.5348886585473309,1.034062536492573
0.7230741850827477,-0.04468466511256408
0.8181566097062686,-0.212811118354586
0.6263953556970063,-0.5804920210884169
0.7453862988577041,0.731147361401543
0.6299710831708518,-0.17181492131131826
0.4973633661928578,-0.5136586155604884
0.7271890716275246,0.5007351536010808
0.617824977567282,-0.5641077333219603
0.7271890716275246,-0.6039310952922232
0.7453862988577041,0.6909864915062381
0.7230741850827477,0.8254888442226392
0.6470083465251336,-0.0433766574674338
0.5461885425619118,-0.4515591399057207
0.5957413185254283,0.7719428166050921
0.5390035450921078,0.5291632129737265
0.7453862988577041,-0.28834544958985836
0.4973633661928578,0.13603795009138897
0.7230741850827477,-0.7823720624144196
0.587170940395704,-0.26185773480861363
0.7078296814480445,-0.6379484579956729
0.7271890716275246,-0.502997269919794
0.7510270479779726,-0.38229169405935387
0.6470083465251336,0.05925637172841791
0.8181566097062686,-0.2970641507282289
0.7510270479779726,-0.38025704770717683
0.6299710831708518,-0.4246872717814342
0.5196441549126277,0.9898995631540558
0.5390035450921078,-0.8895236121008545
0.7162029298998526,-0.6426056881420216
0.5957413185254283,-0.08383146274494724
0.7368159207279799,0.46245576061879246
0.6263953556970063,0.21535853668856797
0.7343740690973286,-1.010712458446152
0.5348886585473309,-0.14995991884296744
0.617824977567282,0.03700327111825141
0.7162029298998526,-0.1926210344291549
0.7453862988577041,-0.36373537760563424
0.609451729115474,-0.6017231715080024
0.6445664948944824,-0.3188552361760872
0.6526490956454021,-0.27893158477878544
0.5348886585473309,0.5093467090510375
0.6180221072451982,0.1163917689284113
0.6445664948944824,-0.1334492936676085
0.6470083465251336,-0.47507421943002986
0.7078296814480445,-0.6029072117174324
0.5390035450921078,0.04242170663599987
0.7230741850827477,-0.5816451113837173
0.5196441549126277,-0.6471103210995731
0.7343740690973286,-0.7616924409818138
0.5461885425619118,-0.7505200305560474
0.6445664948944824,-0.7297356788548699
0.7283490355034223,0.7608033576732742
0.5461885425619118,0.2977064489246848
0.8408346221808188,-0.15081251954602948
0.6180221072451982,-0.3364212127377684
0.609451729115474,-0.618532736913789
0.5348886585473309,0.2184977519524005
0.7453862988577041,-0.7019990853269177
0.6470083465251336,0.3436895013265232
0.6373814974246783,0.5052808818464114
0.5390035450921078,-0.4223118602734107
0.6445664948944824,1.1517717590158179
0.7343740690973286,-0.48386098403858824
0.7343740690973286,1.1225878414534503
0.7283490355034223,-0.5254195385202596
0.8351938730605504,0.5086615880914276
0.6855488927282746,-0.6329443933471939
0.5957413185254283,0.4529511181161463
0.6526490956454021,-0.7867842133379606
0.6180221072451982,0.6769962508251729
0.6246962327501772,0.12586921121540873
0.6855488927282746,-1.140470982241316
0.4973633661928578,-0.5156841719340624
0.5348886585473309,-0.7589812850892623
0.6332666108799014,-0.2497791858075588
0.8351938730605504,-0.9446368216308177
0.7424566698482483,-0.6763558696915977
0.4973633661928578,0.05427733366922072
0.5390035450921078,0.00436612936554337
0.6359961167647581,-0.22278998117087712
0.5390035450921078,1.0487540587045554
0.6855488927282746,0.24551742062320492
0.7283490355034223,0.07947181831804784
0.6180221072451982,-0.23430375502397494
0.5280174033644358,-0.5401248030188017
0.4973633661928578,0.16497052358209574
0.6526490956454021,-0.1828315462114472
0.5196441549126277,-0.12993295723004195
0.6246962327501772,0.23838205909853982
0.6373814974246783,-0.06976845865883463
0.8351938730605504,-0.03995140189269841
0.6526490956454021,0.6508090512590521
0.4973633661928578,-0.41888135272835536
0.7078296814480445,-0.2994534813472244
0.7368159207279799,-0.2570369140450657
0.5196441549126277,-0.5667736037880676
0.4973633661928578,0.6219692657958991
0.628811119294954,0.426124757649451
0.6180221072451982,0.15879609838030384
0.7078296814480445,-0.30673839119339735
0.6855488927282746,-0.2780644248998172
0.5280174033644358,-0.1788493860296374
0.6526490956454021,-0.4678337343180713
0.5461885425619118,0.6413423004986029
0.7283490355034223,-0.5666334986102325
0.7510270479779726,-0.47500258719083194
0.587170940395704,-0.8233607249272026
0.5461885425619118,-0.25656498100732283
0.6470083465251336,-0.23842171544404855
0.6299710831708518,-0.434112319232959
0.5348886585473309,-0.1685948941348605
0.8351938730605504,-0.38226398666263245
0.6470083465251336,-0.17294447124885626
0.6470083465251336,0.11802395892143402
0.6373814974246783,0.6149927955474268
0.5280174033644358,1.4732557916792421
0.8408346221808188,0.37576423699962047
0.5390035450921078,-0.6050805290550627
0.6299710831708518,0.3865346167075643
0.6263953556970063,0.4215794936405637
0.5280174033644358,-0.6559543029605335
0.7283490355034223,0.5530644449159261
0.5461885425619118,-0.021815402214277357
0.6470083465251336,1.0268622314438494
0.6180221072451982,-0.5136070483906835
0.6526490956454021,-0.5547173551186457
0.6332666108799014,-0.11702786453105773
